/****************************************************************

  Generated by Eclipse Cyclone DDS IDL to C Translator
  File name: discovery.c
  Source: /Users/fiberhog/AGENT_DEV/OARC/SpatialDDS-demo/idl/v1.7/discovery.idl
  Cyclone DDS: V0.11.0

*****************************************************************/
#include "discovery.h"

#if defined(_MSC_VER) && (_MSC_VER > 1943)
__pragma(warning(push))
__pragma(warning(disable: 5287))
#endif
static const uint32_t spatial_disco_ProfileSupport_ops [] =
{
  /* ProfileSupport */
  DDS_OP_DLC,
  DDS_OP_ADR | DDS_OP_TYPE_STR, offsetof (spatial_disco_ProfileSupport, name),
  DDS_OP_ADR | DDS_OP_TYPE_4BY, offsetof (spatial_disco_ProfileSupport, major),
  DDS_OP_ADR | DDS_OP_TYPE_4BY, offsetof (spatial_disco_ProfileSupport, min_minor),
  DDS_OP_ADR | DDS_OP_TYPE_4BY, offsetof (spatial_disco_ProfileSupport, max_minor),
  DDS_OP_RTS
};

#if defined(_MSC_VER) && (_MSC_VER > 1943)
__pragma(warning(pop))
#endif
/* Type Information:
  [MINIMAL 355bf1a4c047fbd8f50dcf576291] (#deps: 0)
  [COMPLETE a9620716ae63961d0ec63f409f90] (#deps: 0)
*/
#define TYPE_INFO_CDR_spatial_disco_ProfileSupport (const unsigned char []){ \
  0x60, 0x00, 0x00, 0x00, 0x01, 0x10, 0x00, 0x40, 0x28, 0x00, 0x00, 0x00, 0x24, 0x00, 0x00, 0x00, \
  0x14, 0x00, 0x00, 0x00, 0xf1, 0x35, 0x5b, 0xf1, 0xa4, 0xc0, 0x47, 0xfb, 0xd8, 0xf5, 0x0d, 0xcf, \
  0x57, 0x62, 0x91, 0x00, 0x57, 0x00, 0x00, 0x00, 0x00, 0x00, 0x00, 0x00, 0x04, 0x00, 0x00, 0x00, \
  0x00, 0x00, 0x00, 0x00, 0x02, 0x10, 0x00, 0x40, 0x28, 0x00, 0x00, 0x00, 0x24, 0x00, 0x00, 0x00, \
  0x14, 0x00, 0x00, 0x00, 0xf2, 0xa9, 0x62, 0x07, 0x16, 0xae, 0x63, 0x96, 0x1d, 0x0e, 0xc6, 0x3f, \
  0x40, 0x9f, 0x90, 0x00, 0xa4, 0x00, 0x00, 0x00, 0x00, 0x00, 0x00, 0x00, 0x04, 0x00, 0x00, 0x00, \
  0x00, 0x00, 0x00, 0x00\
}
#define TYPE_INFO_CDR_SZ_spatial_disco_ProfileSupport 100u
#define TYPE_MAP_CDR_spatial_disco_ProfileSupport (const unsigned char []){ \
  0x6b, 0x00, 0x00, 0x00, 0x01, 0x00, 0x00, 0x00, 0xf1, 0x35, 0x5b, 0xf1, 0xa4, 0xc0, 0x47, 0xfb, \
  0xd8, 0xf5, 0x0d, 0xcf, 0x57, 0x62, 0x91, 0x00, 0x53, 0x00, 0x00, 0x00, 0xf1, 0x51, 0x02, 0x00, \
  0x01, 0x00, 0x00, 0x00, 0x00, 0x00, 0x00, 0x00, 0x43, 0x00, 0x00, 0x00, 0x04, 0x00, 0x00, 0x00, \
  0x0c, 0x00, 0x00, 0x00, 0x00, 0x00, 0x00, 0x00, 0x01, 0x00, 0x70, 0x00, 0xb0, 0x68, 0x93, 0x1c, \
  0x0b, 0x00, 0x00, 0x00, 0x01, 0x00, 0x00, 0x00, 0x01, 0x00, 0x07, 0xf1, 0x42, 0x5d, 0xa4, 0x00, \
  0x0b, 0x00, 0x00, 0x00, 0x02, 0x00, 0x00, 0x00, 0x01, 0x00, 0x07, 0x5b, 0x27, 0x37, 0xe3, 0x00, \
  0x0b, 0x00, 0x00, 0x00, 0x03, 0x00, 0x00, 0x00, 0x01, 0x00, 0x07, 0xb3, 0x91, 0x00, 0xa7, 0x00, \
  0xb8, 0x00, 0x00, 0x00, 0x01, 0x00, 0x00, 0x00, 0xf2, 0xa9, 0x62, 0x07, 0x16, 0xae, 0x63, 0x96, \
  0x1d, 0x0e, 0xc6, 0x3f, 0x40, 0x9f, 0x90, 0x00, 0xa0, 0x00, 0x00, 0x00, 0xf2, 0x51, 0x02, 0x00, \
  0x27, 0x00, 0x00, 0x00, 0x00, 0x00, 0x00, 0x00, 0x1f, 0x00, 0x00, 0x00, 0x73, 0x70, 0x61, 0x74, \
  0x69, 0x61, 0x6c, 0x3a, 0x3a, 0x64, 0x69, 0x73, 0x63, 0x6f, 0x3a, 0x3a, 0x50, 0x72, 0x6f, 0x66, \
  0x69, 0x6c, 0x65, 0x53, 0x75, 0x70, 0x70, 0x6f, 0x72, 0x74, 0x00, 0x00, 0x6c, 0x00, 0x00, 0x00, \
  0x04, 0x00, 0x00, 0x00, 0x13, 0x00, 0x00, 0x00, 0x00, 0x00, 0x00, 0x00, 0x01, 0x00, 0x70, 0x00, \
  0x05, 0x00, 0x00, 0x00, 0x6e, 0x61, 0x6d, 0x65, 0x00, 0x00, 0x00, 0x00, 0x14, 0x00, 0x00, 0x00, \
  0x01, 0x00, 0x00, 0x00, 0x01, 0x00, 0x07, 0x00, 0x06, 0x00, 0x00, 0x00, 0x6d, 0x61, 0x6a, 0x6f, \
  0x72, 0x00, 0x00, 0x00, 0x18, 0x00, 0x00, 0x00, 0x02, 0x00, 0x00, 0x00, 0x01, 0x00, 0x07, 0x00, \
  0x0a, 0x00, 0x00, 0x00, 0x6d, 0x69, 0x6e, 0x5f, 0x6d, 0x69, 0x6e, 0x6f, 0x72, 0x00, 0x00, 0x00, \
  0x18, 0x00, 0x00, 0x00, 0x03, 0x00, 0x00, 0x00, 0x01, 0x00, 0x07, 0x00, 0x0a, 0x00, 0x00, 0x00, \
  0x6d, 0x61, 0x78, 0x5f, 0x6d, 0x69, 0x6e, 0x6f, 0x72, 0x00, 0x00, 0x00, 0x22, 0x00, 0x00, 0x00, \
  0x01, 0x00, 0x00, 0x00, 0xf2, 0xa9, 0x62, 0x07, 0x16, 0xae, 0x63, 0x96, 0x1d, 0x0e, 0xc6, 0x3f, \
  0x40, 0x9f, 0x90, 0xf1, 0x35, 0x5b, 0xf1, 0xa4, 0xc0, 0x47, 0xfb, 0xd8, 0xf5, 0x0d, 0xcf, 0x57, \
  0x62, 0x91\
}
#define TYPE_MAP_CDR_SZ_spatial_disco_ProfileSupport 338u
const dds_topic_descriptor_t spatial_disco_ProfileSupport_desc =
{
  .m_size = sizeof (spatial_disco_ProfileSupport),
  .m_align = dds_alignof (spatial_disco_ProfileSupport),
  .m_flagset = DDS_TOPIC_XTYPES_METADATA,
  .m_nkeys = 0u,
  .m_typename = "spatial::disco::ProfileSupport",
  .m_keys = NULL,
  .m_nops = sizeof (spatial_disco_ProfileSupport_ops) / sizeof (spatial_disco_ProfileSupport_ops[0]),
  .m_ops = spatial_disco_ProfileSupport_ops,
  .m_meta = "",
  .type_information = { .data = TYPE_INFO_CDR_spatial_disco_ProfileSupport, .sz = TYPE_INFO_CDR_SZ_spatial_disco_ProfileSupport },
  .type_mapping = { .data = TYPE_MAP_CDR_spatial_disco_ProfileSupport, .sz = TYPE_MAP_CDR_SZ_spatial_disco_ProfileSupport }
};

#if defined(_MSC_VER) && (_MSC_VER > 1943)
__pragma(warning(push))
__pragma(warning(disable: 5287))
#endif
static const uint32_t spatial_disco_Capabilities_ops [] =
{
  /* Capabilities */
  DDS_OP_DLC,
  DDS_OP_ADR | DDS_OP_TYPE_BSQ | DDS_OP_SUBTYPE_STU, offsetof (spatial_disco_Capabilities, supported_profiles), 64u, sizeof (spatial_disco_ProfileSupport), (5u << 16u) + 12u /* ProfileSupport */,
  DDS_OP_ADR | DDS_OP_TYPE_BSQ | DDS_OP_SUBTYPE_STR, offsetof (spatial_disco_Capabilities, preferred_profiles), 32u,
  DDS_OP_ADR | DDS_OP_TYPE_BSQ | DDS_OP_SUBTYPE_STR, offsetof (spatial_disco_Capabilities, features), 64u,
  DDS_OP_RTS,

  /* ProfileSupport */
  DDS_OP_DLC,
  DDS_OP_ADR | DDS_OP_TYPE_STR, offsetof (spatial_disco_ProfileSupport, name),
  DDS_OP_ADR | DDS_OP_TYPE_4BY, offsetof (spatial_disco_ProfileSupport, major),
  DDS_OP_ADR | DDS_OP_TYPE_4BY, offsetof (spatial_disco_ProfileSupport, min_minor),
  DDS_OP_ADR | DDS_OP_TYPE_4BY, offsetof (spatial_disco_ProfileSupport, max_minor),
  DDS_OP_RTS
};

#if defined(_MSC_VER) && (_MSC_VER > 1943)
__pragma(warning(pop))
#endif
/* Type Information:
  [MINIMAL 0919c416d70ba2c87391ad066428] (#deps: 1)
   - [MINIMAL 355bf1a4c047fbd8f50dcf576291]
  [COMPLETE 3f9d880b0314209f30e3e638ea53] (#deps: 1)
   - [COMPLETE a9620716ae63961d0ec63f409f90]
*/
#define TYPE_INFO_CDR_spatial_disco_Capabilities (const unsigned char []){ \
  0x90, 0x00, 0x00, 0x00, 0x01, 0x10, 0x00, 0x40, 0x40, 0x00, 0x00, 0x00, 0x3c, 0x00, 0x00, 0x00, \
  0x14, 0x00, 0x00, 0x00, 0xf1, 0x09, 0x19, 0xc4, 0x16, 0xd7, 0x0b, 0xa2, 0xc8, 0x73, 0x91, 0xad, \
  0x06, 0x64, 0x28, 0x00, 0x69, 0x00, 0x00, 0x00, 0x01, 0x00, 0x00, 0x00, 0x1c, 0x00, 0x00, 0x00, \
  0x01, 0x00, 0x00, 0x00, 0x14, 0x00, 0x00, 0x00, 0xf1, 0x35, 0x5b, 0xf1, 0xa4, 0xc0, 0x47, 0xfb, \
  0xd8, 0xf5, 0x0d, 0xcf, 0x57, 0x62, 0x91, 0x00, 0x57, 0x00, 0x00, 0x00, 0x02, 0x10, 0x00, 0x40, \
  0x40, 0x00, 0x00, 0x00, 0x3c, 0x00, 0x00, 0x00, 0x14, 0x00, 0x00, 0x00, 0xf2, 0x3f, 0x9d, 0x88, \
  0x0b, 0x03, 0x14, 0x20, 0x9f, 0x30, 0xe3, 0xe6, 0x38, 0xea, 0x53, 0x00, 0xcb, 0x00, 0x00, 0x00, \
  0x01, 0x00, 0x00, 0x00, 0x1c, 0x00, 0x00, 0x00, 0x01, 0x00, 0x00, 0x00, 0x14, 0x00, 0x00, 0x00, \
  0xf2, 0xa9, 0x62, 0x07, 0x16, 0xae, 0x63, 0x96, 0x1d, 0x0e, 0xc6, 0x3f, 0x40, 0x9f, 0x90, 0x00, \
  0xa4, 0x00, 0x00, 0x00\
}
#define TYPE_INFO_CDR_SZ_spatial_disco_Capabilities 148u
#define TYPE_MAP_CDR_spatial_disco_Capabilities (const unsigned char []){ \
  0xe3, 0x00, 0x00, 0x00, 0x02, 0x00, 0x00, 0x00, 0xf1, 0x09, 0x19, 0xc4, 0x16, 0xd7, 0x0b, 0xa2, \
  0xc8, 0x73, 0x91, 0xad, 0x06, 0x64, 0x28, 0x00, 0x65, 0x00, 0x00, 0x00, 0xf1, 0x51, 0x02, 0x00, \
  0x01, 0x00, 0x00, 0x00, 0x00, 0x00, 0x00, 0x00, 0x55, 0x00, 0x00, 0x00, 0x03, 0x00, 0x00, 0x00, \
  0x1e, 0x00, 0x00, 0x00, 0x00, 0x00, 0x00, 0x00, 0x01, 0x00, 0x80, 0xf1, 0x01, 0x00, 0x40, 0xf1, \
  0x35, 0x5b, 0xf1, 0xa4, 0xc0, 0x47, 0xfb, 0xd8, 0xf5, 0x0d, 0xcf, 0x57, 0x62, 0x91, 0x52, 0xd0, \
  0xab, 0x85, 0x00, 0x00, 0x11, 0x00, 0x00, 0x00, 0x01, 0x00, 0x00, 0x00, 0x01, 0x00, 0x80, 0xf3, \
  0x01, 0x00, 0x20, 0x70, 0x00, 0xed, 0x2c, 0x78, 0xe6, 0x00, 0x00, 0x00, 0x11, 0x00, 0x00, 0x00, \
  0x02, 0x00, 0x00, 0x00, 0x01, 0x00, 0x80, 0xf3, 0x01, 0x00, 0x40, 0x70, 0x00, 0x9f, 0x03, 0x4b, \
  0x63, 0xf1, 0x35, 0x5b, 0xf1, 0xa4, 0xc0, 0x47, 0xfb, 0xd8, 0xf5, 0x0d, 0xcf, 0x57, 0x62, 0x91, \
  0x53, 0x00, 0x00, 0x00, 0xf1, 0x51, 0x02, 0x00, 0x01, 0x00, 0x00, 0x00, 0x00, 0x00, 0x00, 0x00, \
  0x43, 0x00, 0x00, 0x00, 0x04, 0x00, 0x00, 0x00, 0x0c, 0x00, 0x00, 0x00, 0x00, 0x00, 0x00, 0x00, \
  0x01, 0x00, 0x70, 0x00, 0xb0, 0x68, 0x93, 0x1c, 0x0b, 0x00, 0x00, 0x00, 0x01, 0x00, 0x00, 0x00, \
  0x01, 0x00, 0x07, 0xf1, 0x42, 0x5d, 0xa4, 0x00, 0x0b, 0x00, 0x00, 0x00, 0x02, 0x00, 0x00, 0x00, \
  0x01, 0x00, 0x07, 0x5b, 0x27, 0x37, 0xe3, 0x00, 0x0b, 0x00, 0x00, 0x00, 0x03, 0x00, 0x00, 0x00, \
  0x01, 0x00, 0x07, 0xb3, 0x91, 0x00, 0xa7, 0x00, 0x94, 0x01, 0x00, 0x00, 0x02, 0x00, 0x00, 0x00, \
  0xf2, 0x3f, 0x9d, 0x88, 0x0b, 0x03, 0x14, 0x20, 0x9f, 0x30, 0xe3, 0xe6, 0x38, 0xea, 0x53, 0x00, \
  0xc7, 0x00, 0x00, 0x00, 0xf2, 0x51, 0x02, 0x00, 0x25, 0x00, 0x00, 0x00, 0x00, 0x00, 0x00, 0x00, \
  0x1d, 0x00, 0x00, 0x00, 0x73, 0x70, 0x61, 0x74, 0x69, 0x61, 0x6c, 0x3a, 0x3a, 0x64, 0x69, 0x73, \
  0x63, 0x6f, 0x3a, 0x3a, 0x43, 0x61, 0x70, 0x61, 0x62, 0x69, 0x6c, 0x69, 0x74, 0x69, 0x65, 0x73, \
  0x00, 0x00, 0x00, 0x00, 0x93, 0x00, 0x00, 0x00, 0x03, 0x00, 0x00, 0x00, 0x35, 0x00, 0x00, 0x00, \
  0x00, 0x00, 0x00, 0x00, 0x01, 0x00, 0x80, 0xf2, 0x01, 0x00, 0x40, 0xf2, 0xa9, 0x62, 0x07, 0x16, \
  0xae, 0x63, 0x96, 0x1d, 0x0e, 0xc6, 0x3f, 0x40, 0x9f, 0x90, 0x00, 0x00, 0x13, 0x00, 0x00, 0x00, \
  0x73, 0x75, 0x70, 0x70, 0x6f, 0x72, 0x74, 0x65, 0x64, 0x5f, 0x70, 0x72, 0x6f, 0x66, 0x69, 0x6c, \
  0x65, 0x73, 0x00, 0x00, 0x00, 0x00, 0x00, 0x00, 0x29, 0x00, 0x00, 0x00, 0x01, 0x00, 0x00, 0x00, \
  0x01, 0x00, 0x80, 0xf3, 0x01, 0x00, 0x20, 0x70, 0x00, 0x00, 0x00, 0x00, 0x13, 0x00, 0x00, 0x00, \
  0x70, 0x72, 0x65, 0x66, 0x65, 0x72, 0x72, 0x65, 0x64, 0x5f, 0x70, 0x72, 0x6f, 0x66, 0x69, 0x6c, \
  0x65, 0x73, 0x00, 0x00, 0x00, 0x00, 0x00, 0x00, 0x1f, 0x00, 0x00, 0x00, 0x02, 0x00, 0x00, 0x00, \
  0x01, 0x00, 0x80, 0xf3, 0x01, 0x00, 0x40, 0x70, 0x00, 0x00, 0x00, 0x00, 0x09, 0x00, 0x00, 0x00, \
  0x66, 0x65, 0x61, 0x74, 0x75, 0x72, 0x65, 0x73, 0x00, 0x00, 0x00, 0xf2, 0xa9, 0x62, 0x07, 0x16, \
  0xae, 0x63, 0x96, 0x1d, 0x0e, 0xc6, 0x3f, 0x40, 0x9f, 0x90, 0x00, 0x00, 0xa0, 0x00, 0x00, 0x00, \
  0xf2, 0x51, 0x02, 0x00, 0x27, 0x00, 0x00, 0x00, 0x00, 0x00, 0x00, 0x00, 0x1f, 0x00, 0x00, 0x00, \
  0x73, 0x70, 0x61, 0x74, 0x69, 0x61, 0x6c, 0x3a, 0x3a, 0x64, 0x69, 0x73, 0x63, 0x6f, 0x3a, 0x3a, \
  0x50, 0x72, 0x6f, 0x66, 0x69, 0x6c, 0x65, 0x53, 0x75, 0x70, 0x70, 0x6f, 0x72, 0x74, 0x00, 0x00, \
  0x6c, 0x00, 0x00, 0x00, 0x04, 0x00, 0x00, 0x00, 0x13, 0x00, 0x00, 0x00, 0x00, 0x00, 0x00, 0x00, \
  0x01, 0x00, 0x70, 0x00, 0x05, 0x00, 0x00, 0x00, 0x6e, 0x61, 0x6d, 0x65, 0x00, 0x00, 0x00, 0x00, \
  0x14, 0x00, 0x00, 0x00, 0x01, 0x00, 0x00, 0x00, 0x01, 0x00, 0x07, 0x00, 0x06, 0x00, 0x00, 0x00, \
  0x6d, 0x61, 0x6a, 0x6f, 0x72, 0x00, 0x00, 0x00, 0x18, 0x00, 0x00, 0x00, 0x02, 0x00, 0x00, 0x00, \
  0x01, 0x00, 0x07, 0x00, 0x0a, 0x00, 0x00, 0x00, 0x6d, 0x69, 0x6e, 0x5f, 0x6d, 0x69, 0x6e, 0x6f, \
  0x72, 0x00, 0x00, 0x00, 0x18, 0x00, 0x00, 0x00, 0x03, 0x00, 0x00, 0x00, 0x01, 0x00, 0x07, 0x00, \
  0x0a, 0x00, 0x00, 0x00, 0x6d, 0x61, 0x78, 0x5f, 0x6d, 0x69, 0x6e, 0x6f, 0x72, 0x00, 0x00, 0x00, \
  0x40, 0x00, 0x00, 0x00, 0x02, 0x00, 0x00, 0x00, 0xf2, 0x3f, 0x9d, 0x88, 0x0b, 0x03, 0x14, 0x20, \
  0x9f, 0x30, 0xe3, 0xe6, 0x38, 0xea, 0x53, 0xf1, 0x09, 0x19, 0xc4, 0x16, 0xd7, 0x0b, 0xa2, 0xc8, \
  0x73, 0x91, 0xad, 0x06, 0x64, 0x28, 0xf2, 0xa9, 0x62, 0x07, 0x16, 0xae, 0x63, 0x96, 0x1d, 0x0e, \
  0xc6, 0x3f, 0x40, 0x9f, 0x90, 0xf1, 0x35, 0x5b, 0xf1, 0xa4, 0xc0, 0x47, 0xfb, 0xd8, 0xf5, 0x0d, \
  0xcf, 0x57, 0x62, 0x91\
}
#define TYPE_MAP_CDR_SZ_spatial_disco_Capabilities 708u
const dds_topic_descriptor_t spatial_disco_Capabilities_desc =
{
  .m_size = sizeof (spatial_disco_Capabilities),
  .m_align = dds_alignof (spatial_disco_Capabilities),
  .m_flagset = DDS_TOPIC_XTYPES_METADATA,
  .m_nkeys = 0u,
  .m_typename = "spatial::disco::Capabilities",
  .m_keys = NULL,
  .m_nops = sizeof (spatial_disco_Capabilities_ops) / sizeof (spatial_disco_Capabilities_ops[0]),
  .m_ops = spatial_disco_Capabilities_ops,
  .m_meta = "",
  .type_information = { .data = TYPE_INFO_CDR_spatial_disco_Capabilities, .sz = TYPE_INFO_CDR_SZ_spatial_disco_Capabilities },
  .type_mapping = { .data = TYPE_MAP_CDR_spatial_disco_Capabilities, .sz = TYPE_MAP_CDR_SZ_spatial_disco_Capabilities }
};

#if defined(_MSC_VER) && (_MSC_VER > 1943)
__pragma(warning(push))
__pragma(warning(disable: 5287))
#endif
static const uint32_t spatial_disco_TopicMeta_ops [] =
{
  /* TopicMeta */
  DDS_OP_DLC,
  DDS_OP_ADR | DDS_OP_TYPE_STR, offsetof (spatial_disco_TopicMeta, name),
  DDS_OP_ADR | DDS_OP_TYPE_STR, offsetof (spatial_disco_TopicMeta, type),
  DDS_OP_ADR | DDS_OP_TYPE_STR, offsetof (spatial_disco_TopicMeta, version),
  DDS_OP_ADR | DDS_OP_TYPE_STR, offsetof (spatial_disco_TopicMeta, qos_profile),
  DDS_OP_ADR | DDS_OP_TYPE_4BY | DDS_OP_FLAG_FP, offsetof (spatial_disco_TopicMeta, target_rate_hz),
  DDS_OP_ADR | DDS_OP_TYPE_4BY, offsetof (spatial_disco_TopicMeta, max_chunk_bytes),
  DDS_OP_RTS
};

#if defined(_MSC_VER) && (_MSC_VER > 1943)
__pragma(warning(pop))
#endif
/* Type Information:
  [MINIMAL 1ec8a3fca3fedbe0434604133b42] (#deps: 0)
  [COMPLETE 095617309a74df77961cddd5e48e] (#deps: 0)
*/
#define TYPE_INFO_CDR_spatial_disco_TopicMeta (const unsigned char []){ \
  0x60, 0x00, 0x00, 0x00, 0x01, 0x10, 0x00, 0x40, 0x28, 0x00, 0x00, 0x00, 0x24, 0x00, 0x00, 0x00, \
  0x14, 0x00, 0x00, 0x00, 0xf1, 0x1e, 0xc8, 0xa3, 0xfc, 0xa3, 0xfe, 0xdb, 0xe0, 0x43, 0x46, 0x04, \
  0x13, 0x3b, 0x42, 0x00, 0x77, 0x00, 0x00, 0x00, 0x00, 0x00, 0x00, 0x00, 0x04, 0x00, 0x00, 0x00, \
  0x00, 0x00, 0x00, 0x00, 0x02, 0x10, 0x00, 0x40, 0x28, 0x00, 0x00, 0x00, 0x24, 0x00, 0x00, 0x00, \
  0x14, 0x00, 0x00, 0x00, 0xf2, 0x09, 0x56, 0x17, 0x30, 0x9a, 0x74, 0xdf, 0x77, 0x96, 0x1c, 0xdd, \
  0xd5, 0xe4, 0x8e, 0x00, 0xea, 0x00, 0x00, 0x00, 0x00, 0x00, 0x00, 0x00, 0x04, 0x00, 0x00, 0x00, \
  0x00, 0x00, 0x00, 0x00\
}
#define TYPE_INFO_CDR_SZ_spatial_disco_TopicMeta 100u
#define TYPE_MAP_CDR_spatial_disco_TopicMeta (const unsigned char []){ \
  0x8b, 0x00, 0x00, 0x00, 0x01, 0x00, 0x00, 0x00, 0xf1, 0x1e, 0xc8, 0xa3, 0xfc, 0xa3, 0xfe, 0xdb, \
  0xe0, 0x43, 0x46, 0x04, 0x13, 0x3b, 0x42, 0x00, 0x73, 0x00, 0x00, 0x00, 0xf1, 0x51, 0x02, 0x00, \
  0x01, 0x00, 0x00, 0x00, 0x00, 0x00, 0x00, 0x00, 0x63, 0x00, 0x00, 0x00, 0x06, 0x00, 0x00, 0x00, \
  0x0c, 0x00, 0x00, 0x00, 0x00, 0x00, 0x00, 0x00, 0x01, 0x00, 0x70, 0x00, 0xb0, 0x68, 0x93, 0x1c, \
  0x0c, 0x00, 0x00, 0x00, 0x01, 0x00, 0x00, 0x00, 0x01, 0x00, 0x70, 0x00, 0x59, 0x9d, 0xcc, 0xe2, \
  0x0c, 0x00, 0x00, 0x00, 0x02, 0x00, 0x00, 0x00, 0x01, 0x00, 0x70, 0x00, 0x2a, 0xf7, 0x2f, 0x10, \
  0x0c, 0x00, 0x00, 0x00, 0x03, 0x00, 0x00, 0x00, 0x01, 0x00, 0x70, 0x00, 0x8d, 0x77, 0xcb, 0x80, \
  0x0b, 0x00, 0x00, 0x00, 0x04, 0x00, 0x00, 0x00, 0x01, 0x00, 0x09, 0xce, 0x5c, 0x9b, 0xfd, 0x00, \
  0x0b, 0x00, 0x00, 0x00, 0x05, 0x00, 0x00, 0x00, 0x01, 0x00, 0x07, 0x64, 0xe3, 0x65, 0x36, 0x00, \
  0xfe, 0x00, 0x00, 0x00, 0x01, 0x00, 0x00, 0x00, 0xf2, 0x09, 0x56, 0x17, 0x30, 0x9a, 0x74, 0xdf, \
  0x77, 0x96, 0x1c, 0xdd, 0xd5, 0xe4, 0x8e, 0x00, 0xe6, 0x00, 0x00, 0x00, 0xf2, 0x51, 0x02, 0x00, \
  0x22, 0x00, 0x00, 0x00, 0x00, 0x00, 0x00, 0x00, 0x1a, 0x00, 0x00, 0x00, 0x73, 0x70, 0x61, 0x74, \
  0x69, 0x61, 0x6c, 0x3a, 0x3a, 0x64, 0x69, 0x73, 0x63, 0x6f, 0x3a, 0x3a, 0x54, 0x6f, 0x70, 0x69, \
  0x63, 0x4d, 0x65, 0x74, 0x61, 0x00, 0x00, 0x00, 0xb6, 0x00, 0x00, 0x00, 0x06, 0x00, 0x00, 0x00, \
  0x13, 0x00, 0x00, 0x00, 0x00, 0x00, 0x00, 0x00, 0x01, 0x00, 0x70, 0x00, 0x05, 0x00, 0x00, 0x00, \
  0x6e, 0x61, 0x6d, 0x65, 0x00, 0x00, 0x00, 0x00, 0x13, 0x00, 0x00, 0x00, 0x01, 0x00, 0x00, 0x00, \
  0x01, 0x00, 0x70, 0x00, 0x05, 0x00, 0x00, 0x00, 0x74, 0x79, 0x70, 0x65, 0x00, 0x00, 0x00, 0x00, \
  0x16, 0x00, 0x00, 0x00, 0x02, 0x00, 0x00, 0x00, 0x01, 0x00, 0x70, 0x00, 0x08, 0x00, 0x00, 0x00, \
  0x76, 0x65, 0x72, 0x73, 0x69, 0x6f, 0x6e, 0x00, 0x00, 0x00, 0x00, 0x00, 0x1a, 0x00, 0x00, 0x00, \
  0x03, 0x00, 0x00, 0x00, 0x01, 0x00, 0x70, 0x00, 0x0c, 0x00, 0x00, 0x00, 0x71, 0x6f, 0x73, 0x5f, \
  0x70, 0x72, 0x6f, 0x66, 0x69, 0x6c, 0x65, 0x00, 0x00, 0x00, 0x00, 0x00, 0x1d, 0x00, 0x00, 0x00, \
  0x04, 0x00, 0x00, 0x00, 0x01, 0x00, 0x09, 0x00, 0x0f, 0x00, 0x00, 0x00, 0x74, 0x61, 0x72, 0x67, \
  0x65, 0x74, 0x5f, 0x72, 0x61, 0x74, 0x65, 0x5f, 0x68, 0x7a, 0x00, 0x00, 0x00, 0x00, 0x00, 0x00, \
  0x1e, 0x00, 0x00, 0x00, 0x05, 0x00, 0x00, 0x00, 0x01, 0x00, 0x07, 0x00, 0x10, 0x00, 0x00, 0x00, \
  0x6d, 0x61, 0x78, 0x5f, 0x63, 0x68, 0x75, 0x6e, 0x6b, 0x5f, 0x62, 0x79, 0x74, 0x65, 0x73, 0x00, \
  0x00, 0x00, 0x00, 0x00, 0x22, 0x00, 0x00, 0x00, 0x01, 0x00, 0x00, 0x00, 0xf2, 0x09, 0x56, 0x17, \
  0x30, 0x9a, 0x74, 0xdf, 0x77, 0x96, 0x1c, 0xdd, 0xd5, 0xe4, 0x8e, 0xf1, 0x1e, 0xc8, 0xa3, 0xfc, \
  0xa3, 0xfe, 0xdb, 0xe0, 0x43, 0x46, 0x04, 0x13, 0x3b, 0x42\
}
#define TYPE_MAP_CDR_SZ_spatial_disco_TopicMeta 442u
const dds_topic_descriptor_t spatial_disco_TopicMeta_desc =
{
  .m_size = sizeof (spatial_disco_TopicMeta),
  .m_align = dds_alignof (spatial_disco_TopicMeta),
  .m_flagset = DDS_TOPIC_XTYPES_METADATA,
  .m_nkeys = 0u,
  .m_typename = "spatial::disco::TopicMeta",
  .m_keys = NULL,
  .m_nops = sizeof (spatial_disco_TopicMeta_ops) / sizeof (spatial_disco_TopicMeta_ops[0]),
  .m_ops = spatial_disco_TopicMeta_ops,
  .m_meta = "",
  .type_information = { .data = TYPE_INFO_CDR_spatial_disco_TopicMeta, .sz = TYPE_INFO_CDR_SZ_spatial_disco_TopicMeta },
  .type_mapping = { .data = TYPE_MAP_CDR_spatial_disco_TopicMeta, .sz = TYPE_MAP_CDR_SZ_spatial_disco_TopicMeta }
};

#if defined(_MSC_VER) && (_MSC_VER > 1943)
__pragma(warning(push))
__pragma(warning(disable: 5287))
#endif
static const uint32_t spatial_disco_KV_ops [] =
{
  /* KV */
  DDS_OP_DLC,
  DDS_OP_ADR | DDS_OP_TYPE_STR, offsetof (spatial_disco_KV, key),
  DDS_OP_ADR | DDS_OP_TYPE_STR, offsetof (spatial_disco_KV, value),
  DDS_OP_RTS
};

#if defined(_MSC_VER) && (_MSC_VER > 1943)
__pragma(warning(pop))
#endif
/* Type Information:
  [MINIMAL 57e83be010c8f41ae72b1847cbdb] (#deps: 0)
  [COMPLETE 10b2346e9be7c553c41e43506ac6] (#deps: 0)
*/
#define TYPE_INFO_CDR_spatial_disco_KV (const unsigned char []){ \
  0x60, 0x00, 0x00, 0x00, 0x01, 0x10, 0x00, 0x40, 0x28, 0x00, 0x00, 0x00, 0x24, 0x00, 0x00, 0x00, \
  0x14, 0x00, 0x00, 0x00, 0xf1, 0x57, 0xe8, 0x3b, 0xe0, 0x10, 0xc8, 0xf4, 0x1a, 0xe7, 0x2b, 0x18, \
  0x47, 0xcb, 0xdb, 0x00, 0x38, 0x00, 0x00, 0x00, 0x00, 0x00, 0x00, 0x00, 0x04, 0x00, 0x00, 0x00, \
  0x00, 0x00, 0x00, 0x00, 0x02, 0x10, 0x00, 0x40, 0x28, 0x00, 0x00, 0x00, 0x24, 0x00, 0x00, 0x00, \
  0x14, 0x00, 0x00, 0x00, 0xf2, 0x10, 0xb2, 0x34, 0x6e, 0x9b, 0xe7, 0xc5, 0x53, 0xc4, 0x1e, 0x43, \
  0x50, 0x6a, 0xc6, 0x00, 0x60, 0x00, 0x00, 0x00, 0x00, 0x00, 0x00, 0x00, 0x04, 0x00, 0x00, 0x00, \
  0x00, 0x00, 0x00, 0x00\
}
#define TYPE_INFO_CDR_SZ_spatial_disco_KV 100u
#define TYPE_MAP_CDR_spatial_disco_KV (const unsigned char []){ \
  0x4c, 0x00, 0x00, 0x00, 0x01, 0x00, 0x00, 0x00, 0xf1, 0x57, 0xe8, 0x3b, 0xe0, 0x10, 0xc8, 0xf4, \
  0x1a, 0xe7, 0x2b, 0x18, 0x47, 0xcb, 0xdb, 0x00, 0x34, 0x00, 0x00, 0x00, 0xf1, 0x51, 0x02, 0x00, \
  0x01, 0x00, 0x00, 0x00, 0x00, 0x00, 0x00, 0x00, 0x24, 0x00, 0x00, 0x00, 0x02, 0x00, 0x00, 0x00, \
  0x0c, 0x00, 0x00, 0x00, 0x00, 0x00, 0x00, 0x00, 0x01, 0x00, 0x70, 0x00, 0x3c, 0x6e, 0x0b, 0x8a, \
  0x0c, 0x00, 0x00, 0x00, 0x01, 0x00, 0x00, 0x00, 0x01, 0x00, 0x70, 0x00, 0x20, 0x63, 0xc1, 0x60, \
  0x74, 0x00, 0x00, 0x00, 0x01, 0x00, 0x00, 0x00, 0xf2, 0x10, 0xb2, 0x34, 0x6e, 0x9b, 0xe7, 0xc5, \
  0x53, 0xc4, 0x1e, 0x43, 0x50, 0x6a, 0xc6, 0x00, 0x5c, 0x00, 0x00, 0x00, 0xf2, 0x51, 0x02, 0x00, \
  0x1b, 0x00, 0x00, 0x00, 0x00, 0x00, 0x00, 0x00, 0x13, 0x00, 0x00, 0x00, 0x73, 0x70, 0x61, 0x74, \
  0x69, 0x61, 0x6c, 0x3a, 0x3a, 0x64, 0x69, 0x73, 0x63, 0x6f, 0x3a, 0x3a, 0x4b, 0x56, 0x00, 0x00, \
  0x34, 0x00, 0x00, 0x00, 0x02, 0x00, 0x00, 0x00, 0x12, 0x00, 0x00, 0x00, 0x00, 0x00, 0x00, 0x00, \
  0x01, 0x00, 0x70, 0x00, 0x04, 0x00, 0x00, 0x00, 0x6b, 0x65, 0x79, 0x00, 0x00, 0x00, 0x00, 0x00, \
  0x14, 0x00, 0x00, 0x00, 0x01, 0x00, 0x00, 0x00, 0x01, 0x00, 0x70, 0x00, 0x06, 0x00, 0x00, 0x00, \
  0x76, 0x61, 0x6c, 0x75, 0x65, 0x00, 0x00, 0x00, 0x22, 0x00, 0x00, 0x00, 0x01, 0x00, 0x00, 0x00, \
  0xf2, 0x10, 0xb2, 0x34, 0x6e, 0x9b, 0xe7, 0xc5, 0x53, 0xc4, 0x1e, 0x43, 0x50, 0x6a, 0xc6, 0xf1, \
  0x57, 0xe8, 0x3b, 0xe0, 0x10, 0xc8, 0xf4, 0x1a, 0xe7, 0x2b, 0x18, 0x47, 0xcb, 0xdb\
}
#define TYPE_MAP_CDR_SZ_spatial_disco_KV 238u
const dds_topic_descriptor_t spatial_disco_KV_desc =
{
  .m_size = sizeof (spatial_disco_KV),
  .m_align = dds_alignof (spatial_disco_KV),
  .m_flagset = DDS_TOPIC_XTYPES_METADATA,
  .m_nkeys = 0u,
  .m_typename = "spatial::disco::KV",
  .m_keys = NULL,
  .m_nops = sizeof (spatial_disco_KV_ops) / sizeof (spatial_disco_KV_ops[0]),
  .m_ops = spatial_disco_KV_ops,
  .m_meta = "",
  .type_information = { .data = TYPE_INFO_CDR_spatial_disco_KV, .sz = TYPE_INFO_CDR_SZ_spatial_disco_KV },
  .type_mapping = { .data = TYPE_MAP_CDR_spatial_disco_KV, .sz = TYPE_MAP_CDR_SZ_spatial_disco_KV }
};

#if defined(_MSC_VER) && (_MSC_VER > 1943)
__pragma(warning(push))
__pragma(warning(disable: 5287))
#endif
static const uint32_t spatial_disco_CoverageElement_ops [] =
{
  /* CoverageElement */
  DDS_OP_DLC,
  DDS_OP_ADR | DDS_OP_TYPE_BLN, offsetof (spatial_disco_CoverageElement, has_crs),
  DDS_OP_ADR | DDS_OP_TYPE_STR, offsetof (spatial_disco_CoverageElement, crs),
  DDS_OP_ADR | DDS_OP_TYPE_BLN, offsetof (spatial_disco_CoverageElement, has_bbox),
  DDS_OP_ADR | DDS_OP_TYPE_ARR | DDS_OP_SUBTYPE_8BY | DDS_OP_FLAG_FP, offsetof (spatial_disco_CoverageElement, bbox), 4u,
  DDS_OP_ADR | DDS_OP_TYPE_BLN, offsetof (spatial_disco_CoverageElement, has_aabb),
  DDS_OP_ADR | DDS_OP_TYPE_EXT, offsetof (spatial_disco_CoverageElement, aabb), (3u << 16u) + 19u /* Aabb3 */,
  DDS_OP_ADR | DDS_OP_TYPE_BLN, offsetof (spatial_disco_CoverageElement, global),
  DDS_OP_ADR | DDS_OP_TYPE_BLN, offsetof (spatial_disco_CoverageElement, has_frame_ref),
  DDS_OP_ADR | DDS_OP_TYPE_EXT, offsetof (spatial_disco_CoverageElement, frame_ref), (3u << 16u) + 20u /* FrameRef */,
  DDS_OP_ADR | DDS_OP_TYPE_BLN, offsetof (spatial_disco_CoverageElement, has_coverage_window),
  DDS_OP_ADR | DDS_OP_TYPE_EXT, offsetof (spatial_disco_CoverageElement, coverage_window_start), (3u << 16u) + 26u /* Time */,
  DDS_OP_ADR | DDS_OP_TYPE_EXT, offsetof (spatial_disco_CoverageElement, coverage_window_end), (3u << 16u) + 23u /* Time */,
  DDS_OP_RTS,

  /* Aabb3 */
  DDS_OP_DLC,
  DDS_OP_ADR | DDS_OP_TYPE_ARR | DDS_OP_SUBTYPE_8BY | DDS_OP_FLAG_FP, offsetof (spatial_core_Aabb3, min_xyz), 3u,
  DDS_OP_ADR | DDS_OP_TYPE_ARR | DDS_OP_SUBTYPE_8BY | DDS_OP_FLAG_FP, offsetof (spatial_core_Aabb3, max_xyz), 3u,
  DDS_OP_RTS,

  /* FrameRef */
  DDS_OP_DLC,
  DDS_OP_ADR | DDS_OP_TYPE_STR, offsetof (spatial_common_FrameRef, uuid),
  DDS_OP_ADR | DDS_OP_TYPE_STR, offsetof (spatial_common_FrameRef, fqn),
  DDS_OP_ADR | DDS_OP_TYPE_BLN, offsetof (spatial_common_FrameRef, has_coord_convention),
  DDS_OP_ADR | DDS_OP_TYPE_ENU | (2 << DDS_OP_FLAG_SZ_SHIFT), offsetof (spatial_common_FrameRef, coord_convention), 5u,
  DDS_OP_RTS,

  /* Time */
  DDS_OP_DLC,
  DDS_OP_ADR | DDS_OP_TYPE_8BY | DDS_OP_FLAG_SGN, offsetof (builtin_Time, sec),
  DDS_OP_ADR | DDS_OP_TYPE_4BY, offsetof (builtin_Time, nanosec),
  DDS_OP_RTS
};

#if defined(_MSC_VER) && (_MSC_VER > 1943)
__pragma(warning(pop))
#endif
/* Type Information:
  [MINIMAL e94a7a2852d42aede3cf7ef8ea8a] (#deps: 10)
   - [MINIMAL 12692fb5697be72899b2360f3da7]
   - [MINIMAL c71e1d7625c25777b110e6f03da3]
   - [MINIMAL c3456b543978189cb46e911d7312]
   - [MINIMAL ca17fac2d2b0ec46959110f9015e]
   - [MINIMAL a655480e0a08994fe41337d3b508]
   - [MINIMAL 07df2d0bf4eabd76346f71c21599]
   - [MINIMAL ba3cebdf4e999e69588e74b2aecc]
   - [MINIMAL cefad748f725a047f9cb290f656f]
   - [MINIMAL 575f4b08f89abb3b1c462c7344a1]
   - [MINIMAL 4607518868078e8624f2430be846]
  [COMPLETE 33314803c02a9f034f40d593d3d5] (#deps: 10)
   - [COMPLETE 91380cdef8678fc88ba28362e5a7]
   - [COMPLETE aaeadbbe207326708faa55e25742]
   - [COMPLETE c4ed19ab3c9234f6cbcb4887bd12]
   - [COMPLETE 48fc98786e5f455fdfbc9eb3a3de]
   - [COMPLETE e005256f565c857d1a24f0c1bd10]
   - [COMPLETE 31100b3d149ac37358a23cd8df0d]
   - [COMPLETE 65970cfcac6c0448e74d43895231]
   - [COMPLETE 356a2d76b1f899e065f5a6421851]
   - [COMPLETE b7e095ff1d454d98de9ce191d958]
   - [COMPLETE 9449153e3bccbf997f5f9a486955]
*/
#define TYPE_INFO_CDR_spatial_disco_CoverageElement (const unsigned char []){ \
  0x40, 0x02, 0x00, 0x00, 0x01, 0x10, 0x00, 0x40, 0x18, 0x01, 0x00, 0x00, 0x14, 0x01, 0x00, 0x00, \
  0x14, 0x00, 0x00, 0x00, 0xf1, 0xe9, 0x4a, 0x7a, 0x28, 0x52, 0xd4, 0x2a, 0xed, 0xe3, 0xcf, 0x7e, \
  0xf8, 0xea, 0x8a, 0x00, 0x25, 0x01, 0x00, 0x00, 0x0a, 0x00, 0x00, 0x00, 0xf4, 0x00, 0x00, 0x00, \
  0x0a, 0x00, 0x00, 0x00, 0x14, 0x00, 0x00, 0x00, 0xf1, 0x12, 0x69, 0x2f, 0xb5, 0x69, 0x7b, 0xe7, \
  0x28, 0x99, 0xb2, 0x36, 0x0f, 0x3d, 0xa7, 0x00, 0x1e, 0x00, 0x00, 0x00, 0x14, 0x00, 0x00, 0x00, \
  0xf1, 0xc7, 0x1e, 0x1d, 0x76, 0x25, 0xc2, 0x57, 0x77, 0xb1, 0x10, 0xe6, 0xf0, 0x3d, 0xa3, 0x00, \
  0x21, 0x00, 0x00, 0x00, 0x14, 0x00, 0x00, 0x00, 0xf1, 0xc3, 0x45, 0x6b, 0x54, 0x39, 0x78, 0x18, \
  0x9c, 0xb4, 0x6e, 0x91, 0x1d, 0x73, 0x12, 0x00, 0x55, 0x00, 0x00, 0x00, 0x14, 0x00, 0x00, 0x00, \
  0xf1, 0xca, 0x17, 0xfa, 0xc2, 0xd2, 0xb0, 0xec, 0x46, 0x95, 0x91, 0x10, 0xf9, 0x01, 0x5e, 0x00, \
  0x1e, 0x00, 0x00, 0x00, 0x14, 0x00, 0x00, 0x00, 0xf1, 0xa6, 0x55, 0x48, 0x0e, 0x0a, 0x08, 0x99, \
  0x4f, 0xe4, 0x13, 0x37, 0xd3, 0xb5, 0x08, 0x00, 0x21, 0x00, 0x00, 0x00, 0x14, 0x00, 0x00, 0x00, \
  0xf1, 0x07, 0xdf, 0x2d, 0x0b, 0xf4, 0xea, 0xbd, 0x76, 0x34, 0x6f, 0x71, 0xc2, 0x15, 0x99, 0x00, \
  0x21, 0x00, 0x00, 0x00, 0x14, 0x00, 0x00, 0x00, 0xf1, 0xba, 0x3c, 0xeb, 0xdf, 0x4e, 0x99, 0x9e, \
  0x69, 0x58, 0x8e, 0x74, 0xb2, 0xae, 0xcc, 0x00, 0x65, 0x00, 0x00, 0x00, 0x14, 0x00, 0x00, 0x00, \
  0xf1, 0xce, 0xfa, 0xd7, 0x48, 0xf7, 0x25, 0xa0, 0x47, 0xf9, 0xcb, 0x29, 0x0f, 0x65, 0x6f, 0x00, \
  0x8e, 0x00, 0x00, 0x00, 0x14, 0x00, 0x00, 0x00, 0xf1, 0x57, 0x5f, 0x4b, 0x08, 0xf8, 0x9a, 0xbb, \
  0x3b, 0x1c, 0x46, 0x2c, 0x73, 0x44, 0xa1, 0x00, 0x21, 0x00, 0x00, 0x00, 0x14, 0x00, 0x00, 0x00, \
  0xf1, 0x46, 0x07, 0x51, 0x88, 0x68, 0x07, 0x8e, 0x86, 0x24, 0xf2, 0x43, 0x0b, 0xe8, 0x46, 0x00, \
  0x37, 0x00, 0x00, 0x00, 0x02, 0x10, 0x00, 0x40, 0x18, 0x01, 0x00, 0x00, 0x14, 0x01, 0x00, 0x00, \
  0x14, 0x00, 0x00, 0x00, 0xf2, 0x33, 0x31, 0x48, 0x03, 0xc0, 0x2a, 0x9f, 0x03, 0x4f, 0x40, 0xd5, \
  0x93, 0xd3, 0xd5, 0x00, 0xf6, 0x01, 0x00, 0x00, 0x0a, 0x00, 0x00, 0x00, 0xf4, 0x00, 0x00, 0x00, \
  0x0a, 0x00, 0x00, 0x00, 0x14, 0x00, 0x00, 0x00, 0xf2, 0x91, 0x38, 0x0c, 0xde, 0xf8, 0x67, 0x8f, \
  0xc8, 0x8b, 0xa2, 0x83, 0x62, 0xe5, 0xa7, 0x00, 0x40, 0x00, 0x00, 0x00, 0x14, 0x00, 0x00, 0x00, \
  0xf2, 0xaa, 0xea, 0xdb, 0xbe, 0x20, 0x73, 0x26, 0x70, 0x8f, 0xaa, 0x55, 0xe2, 0x57, 0x42, 0x00, \
  0x43, 0x00, 0x00, 0x00, 0x14, 0x00, 0x00, 0x00, 0xf2, 0xc4, 0xed, 0x19, 0xab, 0x3c, 0x92, 0x34, \
  0xf6, 0xcb, 0xcb, 0x48, 0x87, 0xbd, 0x12, 0x00, 0x8a, 0x00, 0x00, 0x00, 0x14, 0x00, 0x00, 0x00, \
  0xf2, 0x48, 0xfc, 0x98, 0x78, 0x6e, 0x5f, 0x45, 0x5f, 0xdf, 0xbc, 0x9e, 0xb3, 0xa3, 0xde, 0x00, \
  0x40, 0x00, 0x00, 0x00, 0x14, 0x00, 0x00, 0x00, 0xf2, 0xe0, 0x05, 0x25, 0x6f, 0x56, 0x5c, 0x85, \
  0x7d, 0x1a, 0x24, 0xf0, 0xc1, 0xbd, 0x10, 0x00, 0x47, 0x00, 0x00, 0x00, 0x14, 0x00, 0x00, 0x00, \
  0xf2, 0x31, 0x10, 0x0b, 0x3d, 0x14, 0x9a, 0xc3, 0x73, 0x58, 0xa2, 0x3c, 0xd8, 0xdf, 0x0d, 0x00, \
  0x43, 0x00, 0x00, 0x00, 0x14, 0x00, 0x00, 0x00, 0xf2, 0x65, 0x97, 0x0c, 0xfc, 0xac, 0x6c, 0x04, \
  0x48, 0xe7, 0x4d, 0x43, 0x89, 0x52, 0x31, 0x00, 0xc3, 0x00, 0x00, 0x00, 0x14, 0x00, 0x00, 0x00, \
  0xf2, 0x35, 0x6a, 0x2d, 0x76, 0xb1, 0xf8, 0x99, 0xe0, 0x65, 0xf5, 0xa6, 0x42, 0x18, 0x51, 0x00, \
  0xf0, 0x00, 0x00, 0x00, 0x14, 0x00, 0x00, 0x00, 0xf2, 0xb7, 0xe0, 0x95, 0xff, 0x1d, 0x45, 0x4d, \
  0x98, 0xde, 0x9c, 0xe1, 0x91, 0xd9, 0x58, 0x00, 0x43, 0x00, 0x00, 0x00, 0x14, 0x00, 0x00, 0x00, \
  0xf2, 0x94, 0x49, 0x15, 0x3e, 0x3b, 0xcc, 0xbf, 0x99, 0x7f, 0x5f, 0x9a, 0x48, 0x69, 0x55, 0x00, \
  0x5e, 0x00, 0x00, 0x00\
}
#define TYPE_INFO_CDR_SZ_spatial_disco_CoverageElement 580u
#define TYPE_MAP_CDR_spatial_disco_CoverageElement (const unsigned char []){ \
  0x17, 0x04, 0x00, 0x00, 0x0b, 0x00, 0x00, 0x00, 0xf1, 0xe9, 0x4a, 0x7a, 0x28, 0x52, 0xd4, 0x2a, \
  0xed, 0xe3, 0xcf, 0x7e, 0xf8, 0xea, 0x8a, 0x00, 0x21, 0x01, 0x00, 0x00, 0xf1, 0x51, 0x02, 0x00, \
  0x01, 0x00, 0x00, 0x00, 0x00, 0x00, 0x00, 0x00, 0x11, 0x01, 0x00, 0x00, 0x0c, 0x00, 0x00, 0x00, \
  0x0b, 0x00, 0x00, 0x00, 0x00, 0x00, 0x00, 0x00, 0x01, 0x00, 0x01, 0x30, 0x42, 0x90, 0x96, 0x00, \
  0x0c, 0x00, 0x00, 0x00, 0x01, 0x00, 0x00, 0x00, 0x01, 0x00, 0x70, 0x00, 0x29, 0xfa, 0x19, 0xe7, \
  0x0b, 0x00, 0x00, 0x00, 0x02, 0x00, 0x00, 0x00, 0x01, 0x00, 0x01, 0xc1, 0x66, 0xaf, 0x14, 0x00, \
  0x19, 0x00, 0x00, 0x00, 0x03, 0x00, 0x00, 0x00, 0x01, 0x00, 0xf1, 0x12, 0x69, 0x2f, 0xb5, 0x69, \
  0x7b, 0xe7, 0x28, 0x99, 0xb2, 0x36, 0x0f, 0x3d, 0xa7, 0x5b, 0xa7, 0x8e, 0xfe, 0x00, 0x00, 0x00, \
  0x0b, 0x00, 0x00, 0x00, 0x04, 0x00, 0x00, 0x00, 0x01, 0x00, 0x01, 0x42, 0x8d, 0x56, 0x5a, 0x00, \
  0x19, 0x00, 0x00, 0x00, 0x05, 0x00, 0x00, 0x00, 0x01, 0x00, 0xf1, 0xc7, 0x1e, 0x1d, 0x76, 0x25, \
  0xc2, 0x57, 0x77, 0xb1, 0x10, 0xe6, 0xf0, 0x3d, 0xa3, 0x5e, 0x39, 0x42, 0x81, 0x00, 0x00, 0x00, \
  0x0b, 0x00, 0x00, 0x00, 0x06, 0x00, 0x00, 0x00, 0x01, 0x00, 0x01, 0x9c, 0x70, 0x93, 0x3a, 0x00, \
  0x0b, 0x00, 0x00, 0x00, 0x07, 0x00, 0x00, 0x00, 0x01, 0x00, 0x01, 0x04, 0xa9, 0xa2, 0xf7, 0x00, \
  0x19, 0x00, 0x00, 0x00, 0x08, 0x00, 0x00, 0x00, 0x01, 0x00, 0xf1, 0xa6, 0x55, 0x48, 0x0e, 0x0a, \
  0x08, 0x99, 0x4f, 0xe4, 0x13, 0x37, 0xd3, 0xb5, 0x08, 0x91, 0xc9, 0xb0, 0xd8, 0x00, 0x00, 0x00, \
  0x0b, 0x00, 0x00, 0x00, 0x09, 0x00, 0x00, 0x00, 0x01, 0x00, 0x01, 0xbd, 0x4f, 0xb1, 0x27, 0x00, \
  0x19, 0x00, 0x00, 0x00, 0x0a, 0x00, 0x00, 0x00, 0x01, 0x00, 0xf1, 0x57, 0x5f, 0x4b, 0x08, 0xf8, \
  0x9a, 0xbb, 0x3b, 0x1c, 0x46, 0x2c, 0x73, 0x44, 0xa1, 0xae, 0x73, 0x9b, 0xfb, 0x00, 0x00, 0x00, \
  0x19, 0x00, 0x00, 0x00, 0x0b, 0x00, 0x00, 0x00, 0x01, 0x00, 0xf1, 0x57, 0x5f, 0x4b, 0x08, 0xf8, \
  0x9a, 0xbb, 0x3b, 0x1c, 0x46, 0x2c, 0x73, 0x44, 0xa1, 0x28, 0xb6, 0x02, 0xa3, 0xf1, 0x12, 0x69, \
  0x2f, 0xb5, 0x69, 0x7b, 0xe7, 0x28, 0x99, 0xb2, 0x36, 0x0f, 0x3d, 0xa7, 0x1a, 0x00, 0x00, 0x00, \
  0xf1, 0x30, 0x00, 0x00, 0x00, 0x00, 0x00, 0x00, 0x0e, 0x00, 0x00, 0x00, 0x00, 0x00, 0x90, 0xf3, \
  0x01, 0x00, 0x00, 0x00, 0x01, 0x00, 0x00, 0x00, 0x04, 0x0a, 0xf1, 0xc7, 0x1e, 0x1d, 0x76, 0x25, \
  0xc2, 0x57, 0x77, 0xb1, 0x10, 0xe6, 0xf0, 0x3d, 0xa3, 0x00, 0x00, 0x00, 0x1d, 0x00, 0x00, 0x00, \
  0xf1, 0x30, 0x00, 0x00, 0x00, 0x00, 0x00, 0x00, 0x11, 0x00, 0x00, 0x00, 0x00, 0x00, 0xf1, 0xc3, \
  0x45, 0x6b, 0x54, 0x39, 0x78, 0x18, 0x9c, 0xb4, 0x6e, 0x91, 0x1d, 0x73, 0x12, 0xf1, 0xc3, 0x45, \
  0x6b, 0x54, 0x39, 0x78, 0x18, 0x9c, 0xb4, 0x6e, 0x91, 0x1d, 0x73, 0x12, 0x51, 0x00, 0x00, 0x00, \
  0xf1, 0x51, 0x02, 0x00, 0x01, 0x00, 0x00, 0x00, 0x00, 0x00, 0x00, 0x00, 0x41, 0x00, 0x00, 0x00, \
  0x02, 0x00, 0x00, 0x00, 0x19, 0x00, 0x00, 0x00, 0x00, 0x00, 0x00, 0x00, 0x01, 0x00, 0xf1, 0xca, \
  0x17, 0xfa, 0xc2, 0xd2, 0xb0, 0xec, 0x46, 0x95, 0x91, 0x10, 0xf9, 0x01, 0x5e, 0xc7, 0x2f, 0xaf, \
  0x1b, 0x00, 0x00, 0x00, 0x19, 0x00, 0x00, 0x00, 0x01, 0x00, 0x00, 0x00, 0x01, 0x00, 0xf1, 0xca, \
  0x17, 0xfa, 0xc2, 0xd2, 0xb0, 0xec, 0x46, 0x95, 0x91, 0x10, 0xf9, 0x01, 0x5e, 0x36, 0x73, 0x37, \
  0x08, 0xf1, 0xca, 0x17, 0xfa, 0xc2, 0xd2, 0xb0, 0xec, 0x46, 0x95, 0x91, 0x10, 0xf9, 0x01, 0x5e, \
  0x1a, 0x00, 0x00, 0x00, 0xf1, 0x30, 0x00, 0x00, 0x00, 0x00, 0x00, 0x00, 0x0e, 0x00, 0x00, 0x00, \
  0x00, 0x00, 0x90, 0xf3, 0x01, 0x00, 0x00, 0x00, 0x01, 0x00, 0x00, 0x00, 0x03, 0x0a, 0xf1, 0xa6, \
  0x55, 0x48, 0x0e, 0x0a, 0x08, 0x99, 0x4f, 0xe4, 0x13, 0x37, 0xd3, 0xb5, 0x08, 0x00, 0x00, 0x00, \
  0x1d, 0x00, 0x00, 0x00, 0xf1, 0x30, 0x00, 0x00, 0x00, 0x00, 0x00, 0x00, 0x11, 0x00, 0x00, 0x00, \
  0x00, 0x00, 0xf1, 0x07, 0xdf, 0x2d, 0x0b, 0xf4, 0xea, 0xbd, 0x76, 0x34, 0x6f, 0x71, 0xc2, 0x15, \
  0x99, 0xf1, 0x07, 0xdf, 0x2d, 0x0b, 0xf4, 0xea, 0xbd, 0x76, 0x34, 0x6f, 0x71, 0xc2, 0x15, 0x99, \
  0x1d, 0x00, 0x00, 0x00, 0xf1, 0x30, 0x00, 0x00, 0x00, 0x00, 0x00, 0x00, 0x11, 0x00, 0x00, 0x00, \
  0x00, 0x00, 0xf1, 0xba, 0x3c, 0xeb, 0xdf, 0x4e, 0x99, 0x9e, 0x69, 0x58, 0x8e, 0x74, 0xb2, 0xae, \
  0xcc, 0xf1, 0xba, 0x3c, 0xeb, 0xdf, 0x4e, 0x99, 0x9e, 0x69, 0x58, 0x8e, 0x74, 0xb2, 0xae, 0xcc, \
  0x61, 0x00, 0x00, 0x00, 0xf1, 0x51, 0x02, 0x00, 0x01, 0x00, 0x00, 0x00, 0x00, 0x00, 0x00, 0x00, \
  0x51, 0x00, 0x00, 0x00, 0x04, 0x00, 0x00, 0x00, 0x0c, 0x00, 0x00, 0x00, 0x00, 0x00, 0x00, 0x00, \
  0x01, 0x00, 0x70, 0x00, 0xef, 0x7c, 0x87, 0x6f, 0x0c, 0x00, 0x00, 0x00, 0x01, 0x00, 0x00, 0x00, \
  0x01, 0x00, 0x70, 0x00, 0x50, 0x58, 0x17, 0xef, 0x0b, 0x00, 0x00, 0x00, 0x02, 0x00, 0x00, 0x00, \
  0x01, 0x00, 0x01, 0x4a, 0x03, 0x78, 0x6f, 0x00, 0x19, 0x00, 0x00, 0x00, 0x03, 0x00, 0x00, 0x00, \
  0x01, 0x00, 0xf1, 0xce, 0xfa, 0xd7, 0x48, 0xf7, 0x25, 0xa0, 0x47, 0xf9, 0xcb, 0x29, 0x0f, 0x65, \
  0x6f, 0x7e, 0x7f, 0x70, 0x7a, 0xf1, 0xce, 0xfa, 0xd7, 0x48, 0xf7, 0x25, 0xa0, 0x47, 0xf9, 0xcb, \
  0x29, 0x0f, 0x65, 0x6f, 0x8a, 0x00, 0x00, 0x00, 0xf1, 0x40, 0x01, 0x00, 0x02, 0x00, 0x00, 0x00, \
  0x20, 0x00, 0x00, 0x00, 0x7a, 0x00, 0x00, 0x00, 0x06, 0x00, 0x00, 0x00, 0x0e, 0x00, 0x00, 0x00, \
  0x06, 0x00, 0x00, 0x00, 0x00, 0x00, 0x00, 0x00, 0x40, 0x00, 0x39, 0x2b, 0x81, 0x0f, 0x00, 0x00, \
  0x0e, 0x00, 0x00, 0x00, 0x06, 0x00, 0x00, 0x00, 0x01, 0x00, 0x00, 0x00, 0x00, 0x00, 0xa5, 0xc8, \
  0xc3, 0x54, 0x00, 0x00, 0x0e, 0x00, 0x00, 0x00, 0x06, 0x00, 0x00, 0x00, 0x02, 0x00, 0x00, 0x00, \
  0x00, 0x00, 0x6f, 0x49, 0x44, 0x8c, 0x00, 0x00, 0x0e, 0x00, 0x00, 0x00, 0x06, 0x00, 0x00, 0x00, \
  0x03, 0x00, 0x00, 0x00, 0x00, 0x00, 0x68, 0x09, 0xbe, 0xd7, 0x00, 0x00, 0x0e, 0x00, 0x00, 0x00, \
  0x06, 0x00, 0x00, 0x00, 0x04, 0x00, 0x00, 0x00, 0x00, 0x00, 0xcd, 0x34, 0x59, 0xb2, 0x00, 0x00, \
  0x0e, 0x00, 0x00, 0x00, 0x06, 0x00, 0x00, 0x00, 0x05, 0x00, 0x00, 0x00, 0x00, 0x00, 0x03, 0x57, \
  0x04, 0x70, 0xf1, 0x57, 0x5f, 0x4b, 0x08, 0xf8, 0x9a, 0xbb, 0x3b, 0x1c, 0x46, 0x2c, 0x73, 0x44, \
  0xa1, 0x00, 0x00, 0x00, 0x1d, 0x00, 0x00, 0x00, 0xf1, 0x30, 0x00, 0x00, 0x00, 0x00, 0x00, 0x00, \
  0x11, 0x00, 0x00, 0x00, 0x00, 0x00, 0xf1, 0x46, 0x07, 0x51, 0x88, 0x68, 0x07, 0x8e, 0x86, 0x24, \
  0xf2, 0x43, 0x0b, 0xe8, 0x46, 0xf1, 0x46, 0x07, 0x51, 0x88, 0x68, 0x07, 0x8e, 0x86, 0x24, 0xf2, \
  0x43, 0x0b, 0xe8, 0x46, 0x33, 0x00, 0x00, 0x00, 0xf1, 0x51, 0x02, 0x00, 0x01, 0x00, 0x00, 0x00, \
  0x00, 0x00, 0x00, 0x00, 0x23, 0x00, 0x00, 0x00, 0x02, 0x00, 0x00, 0x00, 0x0b, 0x00, 0x00, 0x00, \
  0x00, 0x00, 0x00, 0x00, 0x01, 0x00, 0x05, 0x74, 0x45, 0x9c, 0xa3, 0x00, 0x0b, 0x00, 0x00, 0x00, \
  0x01, 0x00, 0x00, 0x00, 0x01, 0x00, 0x07, 0xe2, 0x04, 0x64, 0xd5, 0x00, 0xde, 0x06, 0x00, 0x00, \
  0x0b, 0x00, 0x00, 0x00, 0xf2, 0x33, 0x31, 0x48, 0x03, 0xc0, 0x2a, 0x9f, 0x03, 0x4f, 0x40, 0xd5, \
  0x93, 0xd3, 0xd5, 0x00, 0xf2, 0x01, 0x00, 0x00, 0xf2, 0x51, 0x02, 0x00, 0x28, 0x00, 0x00, 0x00, \
  0x00, 0x00, 0x00, 0x00, 0x20, 0x00, 0x00, 0x00, 0x73, 0x70, 0x61, 0x74, 0x69, 0x61, 0x6c, 0x3a, \
  0x3a, 0x64, 0x69, 0x73, 0x63, 0x6f, 0x3a, 0x3a, 0x43, 0x6f, 0x76, 0x65, 0x72, 0x61, 0x67, 0x65, \
  0x45, 0x6c, 0x65, 0x6d, 0x65, 0x6e, 0x74, 0x00, 0xbe, 0x01, 0x00, 0x00, 0x0c, 0x00, 0x00, 0x00, \
  0x16, 0x00, 0x00, 0x00, 0x00, 0x00, 0x00, 0x00, 0x01, 0x00, 0x01, 0x00, 0x08, 0x00, 0x00, 0x00, \
  0x68, 0x61, 0x73, 0x5f, 0x63, 0x72, 0x73, 0x00, 0x00, 0x00, 0x00, 0x00, 0x12, 0x00, 0x00, 0x00, \
  0x01, 0x00, 0x00, 0x00, 0x01, 0x00, 0x70, 0x00, 0x04, 0x00, 0x00, 0x00, 0x63, 0x72, 0x73, 0x00, \
  0x00, 0x00, 0x00, 0x00, 0x17, 0x00, 0x00, 0x00, 0x02, 0x00, 0x00, 0x00, 0x01, 0x00, 0x01, 0x00, \
  0x09, 0x00, 0x00, 0x00, 0x68, 0x61, 0x73, 0x5f, 0x62, 0x62, 0x6f, 0x78, 0x00, 0x00, 0x00, 0x00, \
  0x23, 0x00, 0x00, 0x00, 0x03, 0x00, 0x00, 0x00, 0x01, 0x00, 0xf2, 0x91, 0x38, 0x0c, 0xde, 0xf8, \
  0x67, 0x8f, 0xc8, 0x8b, 0xa2, 0x83, 0x62, 0xe5, 0xa7, 0x00, 0x00, 0x00, 0x05, 0x00, 0x00, 0x00, \
  0x62, 0x62, 0x6f, 0x78, 0x00, 0x00, 0x00, 0x00, 0x17, 0x00, 0x00, 0x00, 0x04, 0x00, 0x00, 0x00, \
  0x01, 0x00, 0x01, 0x00, 0x09, 0x00, 0x00, 0x00, 0x68, 0x61, 0x73, 0x5f, 0x61, 0x61, 0x62, 0x62, \
  0x00, 0x00, 0x00, 0x00, 0x23, 0x00, 0x00, 0x00, 0x05, 0x00, 0x00, 0x00, 0x01, 0x00, 0xf2, 0xaa, \
  0xea, 0xdb, 0xbe, 0x20, 0x73, 0x26, 0x70, 0x8f, 0xaa, 0x55, 0xe2, 0x57, 0x42, 0x00, 0x00, 0x00, \
  0x05, 0x00, 0x00, 0x00, 0x61, 0x61, 0x62, 0x62, 0x00, 0x00, 0x00, 0x00, 0x15, 0x00, 0x00, 0x00, \
  0x06, 0x00, 0x00, 0x00, 0x01, 0x00, 0x01, 0x00, 0x07, 0x00, 0x00, 0x00, 0x67, 0x6c, 0x6f, 0x62, \
  0x61, 0x6c, 0x00, 0x00, 0x00, 0x00, 0x00, 0x00, 0x1c, 0x00, 0x00, 0x00, 0x07, 0x00, 0x00, 0x00, \
  0x01, 0x00, 0x01, 0x00, 0x0e, 0x00, 0x00, 0x00, 0x68, 0x61, 0x73, 0x5f, 0x66, 0x72, 0x61, 0x6d, \
  0x65, 0x5f, 0x72, 0x65, 0x66, 0x00, 0x00, 0x00, 0x28, 0x00, 0x00, 0x00, 0x08, 0x00, 0x00, 0x00, \
  0x01, 0x00, 0xf2, 0xe0, 0x05, 0x25, 0x6f, 0x56, 0x5c, 0x85, 0x7d, 0x1a, 0x24, 0xf0, 0xc1, 0xbd, \
  0x10, 0x00, 0x00, 0x00, 0x0a, 0x00, 0x00, 0x00, 0x66, 0x72, 0x61, 0x6d, 0x65, 0x5f, 0x72, 0x65, \
  0x66, 0x00, 0x00, 0x00, 0x22, 0x00, 0x00, 0x00, 0x09, 0x00, 0x00, 0x00, 0x01, 0x00, 0x01, 0x00, \
  0x14, 0x00, 0x00, 0x00, 0x68, 0x61, 0x73, 0x5f, 0x63, 0x6f, 0x76, 0x65, 0x72, 0x61, 0x67, 0x65, \
  0x5f, 0x77, 0x69, 0x6e, 0x64, 0x6f, 0x77, 0x00, 0x00, 0x00, 0x00, 0x00, 0x34, 0x00, 0x00, 0x00, \
  0x0a, 0x00, 0x00, 0x00, 0x01, 0x00, 0xf2, 0xb7, 0xe0, 0x95, 0xff, 0x1d, 0x45, 0x4d, 0x98, 0xde, \
  0x9c, 0xe1, 0x91, 0xd9, 0x58, 0x00, 0x00, 0x00, 0x16, 0x00, 0x00, 0x00, 0x63, 0x6f, 0x76, 0x65, \
  0x72, 0x61, 0x67, 0x65, 0x5f, 0x77, 0x69, 0x6e, 0x64, 0x6f, 0x77, 0x5f, 0x73, 0x74, 0x61, 0x72, \
  0x74, 0x00, 0x00, 0x00, 0x32, 0x00, 0x00, 0x00, 0x0b, 0x00, 0x00, 0x00, 0x01, 0x00, 0xf2, 0xb7, \
  0xe0, 0x95, 0xff, 0x1d, 0x45, 0x4d, 0x98, 0xde, 0x9c, 0xe1, 0x91, 0xd9, 0x58, 0x00, 0x00, 0x00, \
  0x14, 0x00, 0x00, 0x00, 0x63, 0x6f, 0x76, 0x65, 0x72, 0x61, 0x67, 0x65, 0x5f, 0x77, 0x69, 0x6e, \
  0x64, 0x6f, 0x77, 0x5f, 0x65, 0x6e, 0x64, 0x00, 0x00, 0x00, 0xf2, 0x91, 0x38, 0x0c, 0xde, 0xf8, \
  0x67, 0x8f, 0xc8, 0x8b, 0xa2, 0x83, 0x62, 0xe5, 0xa7, 0x00, 0x00, 0x00, 0x3c, 0x00, 0x00, 0x00, \
  0xf2, 0x30, 0x00, 0x00, 0x20, 0x00, 0x00, 0x00, 0x00, 0x00, 0x00, 0x00, 0x18, 0x00, 0x00, 0x00, \
  0x73, 0x70, 0x61, 0x74, 0x69, 0x61, 0x6c, 0x3a, 0x3a, 0x63, 0x6f, 0x6d, 0x6d, 0x6f, 0x6e, 0x3a, \
  0x3a, 0x42, 0x42, 0x6f, 0x78, 0x32, 0x44, 0x00, 0x10, 0x00, 0x00, 0x00, 0x00, 0x00, 0x90, 0xf3, \
  0x01, 0x00, 0x00, 0x00, 0x01, 0x00, 0x00, 0x00, 0x04, 0x0a, 0x00, 0x00, 0xf2, 0xaa, 0xea, 0xdb, \
  0xbe, 0x20, 0x73, 0x26, 0x70, 0x8f, 0xaa, 0x55, 0xe2, 0x57, 0x42, 0x00, 0x3f, 0x00, 0x00, 0x00, \
  0xf2, 0x30, 0x00, 0x00, 0x1e, 0x00, 0x00, 0x00, 0x00, 0x00, 0x00, 0x00, 0x16, 0x00, 0x00, 0x00, \
  0x73, 0x70, 0x61, 0x74, 0x69, 0x61, 0x6c, 0x3a, 0x3a, 0x64, 0x69, 0x73, 0x63, 0x6f, 0x3a, 0x3a, \
  0x41, 0x61, 0x62, 0x62, 0x33, 0x00, 0x00, 0x00, 0x13, 0x00, 0x00, 0x00, 0x00, 0x00, 0xf2, 0xc4, \
  0xed, 0x19, 0xab, 0x3c, 0x92, 0x34, 0xf6, 0xcb, 0xcb, 0x48, 0x87, 0xbd, 0x12, 0x00, 0x00, 0xf2, \
  0xc4, 0xed, 0x19, 0xab, 0x3c, 0x92, 0x34, 0xf6, 0xcb, 0xcb, 0x48, 0x87, 0xbd, 0x12, 0x00, 0x00, \
  0x86, 0x00, 0x00, 0x00, 0xf2, 0x51, 0x02, 0x00, 0x1d, 0x00, 0x00, 0x00, 0x00, 0x00, 0x00, 0x00, \
  0x15, 0x00, 0x00, 0x00, 0x73, 0x70, 0x61, 0x74, 0x69, 0x61, 0x6c, 0x3a, 0x3a, 0x63, 0x6f, 0x72, \
  0x65, 0x3a, 0x3a, 0x41, 0x61, 0x62, 0x62, 0x33, 0x00, 0x00, 0x00, 0x00, 0x5a, 0x00, 0x00, 0x00, \
  0x02, 0x00, 0x00, 0x00, 0x26, 0x00, 0x00, 0x00, 0x00, 0x00, 0x00, 0x00, 0x01, 0x00, 0xf2, 0x48, \
  0xfc, 0x98, 0x78, 0x6e, 0x5f, 0x45, 0x5f, 0xdf, 0xbc, 0x9e, 0xb3, 0xa3, 0xde, 0x00, 0x00, 0x00, \
  0x08, 0x00, 0x00, 0x00, 0x6d, 0x69, 0x6e, 0x5f, 0x78, 0x79, 0x7a, 0x00, 0x00, 0x00, 0x00, 0x00, \
  0x26, 0x00, 0x00, 0x00, 0x01, 0x00, 0x00, 0x00, 0x01, 0x00, 0xf2, 0x48, 0xfc, 0x98, 0x78, 0x6e, \
  0x5f, 0x45, 0x5f, 0xdf, 0xbc, 0x9e, 0xb3, 0xa3, 0xde, 0x00, 0x00, 0x00, 0x08, 0x00, 0x00, 0x00, \
  0x6d, 0x61, 0x78, 0x5f, 0x78, 0x79, 0x7a, 0x00, 0x00, 0x00, 0xf2, 0x48, 0xfc, 0x98, 0x78, 0x6e, \
  0x5f, 0x45, 0x5f, 0xdf, 0xbc, 0x9e, 0xb3, 0xa3, 0xde, 0x00, 0x00, 0x00, 0x3c, 0x00, 0x00, 0x00, \
  0xf2, 0x30, 0x00, 0x00, 0x1e, 0x00, 0x00, 0x00, 0x00, 0x00, 0x00, 0x00, 0x16, 0x00, 0x00, 0x00, \
  0x73, 0x70, 0x61, 0x74, 0x69, 0x61, 0x6c, 0x3a, 0x3a, 0x63, 0x6f, 0x6d, 0x6d, 0x6f, 0x6e, 0x3a, \
  0x3a, 0x56, 0x65, 0x63, 0x33, 0x00, 0x00, 0x00, 0x10, 0x00, 0x00, 0x00, 0x00, 0x00, 0x90, 0xf3, \
  0x01, 0x00, 0x00, 0x00, 0x01, 0x00, 0x00, 0x00, 0x03, 0x0a, 0x00, 0x00, 0xf2, 0xe0, 0x05, 0x25, \
  0x6f, 0x56, 0x5c, 0x85, 0x7d, 0x1a, 0x24, 0xf0, 0xc1, 0xbd, 0x10, 0x00, 0x43, 0x00, 0x00, 0x00, \
  0xf2, 0x30, 0x00, 0x00, 0x21, 0x00, 0x00, 0x00, 0x00, 0x00, 0x00, 0x00, 0x19, 0x00, 0x00, 0x00, \
  0x73, 0x70, 0x61, 0x74, 0x69, 0x61, 0x6c, 0x3a, 0x3a, 0x64, 0x69, 0x73, 0x63, 0x6f, 0x3a, 0x3a, \
  0x46, 0x72, 0x61, 0x6d, 0x65, 0x52, 0x65, 0x66, 0x00, 0x00, 0x00, 0x00, 0x13, 0x00, 0x00, 0x00, \
  0x00, 0x00, 0xf2, 0x31, 0x10, 0x0b, 0x3d, 0x14, 0x9a, 0xc3, 0x73, 0x58, 0xa2, 0x3c, 0xd8, 0xdf, \
  0x0d, 0x00, 0x00, 0xf2, 0x31, 0x10, 0x0b, 0x3d, 0x14, 0x9a, 0xc3, 0x73, 0x58, 0xa2, 0x3c, 0xd8, \
  0xdf, 0x0d, 0x00, 0x00, 0x3f, 0x00, 0x00, 0x00, 0xf2, 0x30, 0x00, 0x00, 0x20, 0x00, 0x00, 0x00, \
  0x00, 0x00, 0x00, 0x00, 0x18, 0x00, 0x00, 0x00, 0x73, 0x70, 0x61, 0x74, 0x69, 0x61, 0x6c, 0x3a, \
  0x3a, 0x63, 0x6f, 0x72, 0x65, 0x3a, 0x3a, 0x46, 0x72, 0x61, 0x6d, 0x65, 0x52, 0x65, 0x66, 0x00, \
  0x13, 0x00, 0x00, 0x00, 0x00, 0x00, 0xf2, 0x65, 0x97, 0x0c, 0xfc, 0xac, 0x6c, 0x04, 0x48, 0xe7, \
  0x4d, 0x43, 0x89, 0x52, 0x31, 0x00, 0x00, 0xf2, 0x65, 0x97, 0x0c, 0xfc, 0xac, 0x6c, 0x04, 0x48, \
  0xe7, 0x4d, 0x43, 0x89, 0x52, 0x31, 0x00, 0x00, 0xbf, 0x00, 0x00, 0x00, 0xf2, 0x51, 0x02, 0x00, \
  0x22, 0x00, 0x00, 0x00, 0x00, 0x00, 0x00, 0x00, 0x1a, 0x00, 0x00, 0x00, 0x73, 0x70, 0x61, 0x74, \
  0x69, 0x61, 0x6c, 0x3a, 0x3a, 0x63, 0x6f, 0x6d, 0x6d, 0x6f, 0x6e, 0x3a, 0x3a, 0x46, 0x72, 0x61, \
  0x6d, 0x65, 0x52, 0x65, 0x66, 0x00, 0x00, 0x00, 0x8f, 0x00, 0x00, 0x00, 0x04, 0x00, 0x00, 0x00, \
  0x13, 0x00, 0x00, 0x00, 0x00, 0x00, 0x00, 0x00, 0x01, 0x00, 0x70, 0x00, 0x05, 0x00, 0x00, 0x00, \
  0x75, 0x75, 0x69, 0x64, 0x00, 0x00, 0x00, 0x00, 0x12, 0x00, 0x00, 0x00, 0x01, 0x00, 0x00, 0x00, \
  0x01, 0x00, 0x70, 0x00, 0x04, 0x00, 0x00, 0x00, 0x66, 0x71, 0x6e, 0x00, 0x00, 0x00, 0x00, 0x00, \
  0x23, 0x00, 0x00, 0x00, 0x02, 0x00, 0x00, 0x00, 0x01, 0x00, 0x01, 0x00, 0x15, 0x00, 0x00, 0x00, \
  0x68, 0x61, 0x73, 0x5f, 0x63, 0x6f, 0x6f, 0x72, 0x64, 0x5f, 0x63, 0x6f, 0x6e, 0x76, 0x65, 0x6e, \
  0x74, 0x69, 0x6f, 0x6e, 0x00, 0x00, 0x00, 0x00, 0x2f, 0x00, 0x00, 0x00, 0x03, 0x00, 0x00, 0x00, \
  0x01, 0x00, 0xf2, 0x35, 0x6a, 0x2d, 0x76, 0xb1, 0xf8, 0x99, 0xe0, 0x65, 0xf5, 0xa6, 0x42, 0x18, \
  0x51, 0x00, 0x00, 0x00, 0x11, 0x00, 0x00, 0x00, 0x63, 0x6f, 0x6f, 0x72, 0x64, 0x5f, 0x63, 0x6f, \
  0x6e, 0x76, 0x65, 0x6e, 0x74, 0x69, 0x6f, 0x6e, 0x00, 0x00, 0x00, 0xf2, 0x35, 0x6a, 0x2d, 0x76, \
  0xb1, 0xf8, 0x99, 0xe0, 0x65, 0xf5, 0xa6, 0x42, 0x18, 0x51, 0x00, 0x00, 0xec, 0x00, 0x00, 0x00, \
  0xf2, 0x40, 0x01, 0x00, 0x29, 0x00, 0x00, 0x00, 0x20, 0x00, 0x00, 0x00, 0x21, 0x00, 0x00, 0x00, \
  0x73, 0x70, 0x61, 0x74, 0x69, 0x61, 0x6c, 0x3a, 0x3a, 0x63, 0x6f, 0x6d, 0x6d, 0x6f, 0x6e, 0x3a, \
  0x3a, 0x43, 0x6f, 0x6f, 0x72, 0x64, 0x43, 0x6f, 0x6e, 0x76, 0x65, 0x6e, 0x74, 0x69, 0x6f, 0x6e, \
  0x00, 0x00, 0x00, 0x00, 0xb4, 0x00, 0x00, 0x00, 0x06, 0x00, 0x00, 0x00, 0x16, 0x00, 0x00, 0x00, \
  0x06, 0x00, 0x00, 0x00, 0x00, 0x00, 0x00, 0x00, 0x40, 0x00, 0x00, 0x00, 0x04, 0x00, 0x00, 0x00, \
  0x45, 0x4e, 0x55, 0x00, 0x00, 0x00, 0x00, 0x00, 0x15, 0x00, 0x00, 0x00, 0x06, 0x00, 0x00, 0x00, \
  0x01, 0x00, 0x00, 0x00, 0x00, 0x00, 0x00, 0x00, 0x03, 0x00, 0x00, 0x00, 0x43, 0x56, 0x00, 0x00, \
  0x00, 0x00, 0x00, 0x00, 0x1b, 0x00, 0x00, 0x00, 0x06, 0x00, 0x00, 0x00, 0x02, 0x00, 0x00, 0x00, \
  0x00, 0x00, 0x00, 0x00, 0x09, 0x00, 0x00, 0x00, 0x47, 0x52, 0x41, 0x50, 0x48, 0x49, 0x43, 0x53, \
  0x00, 0x00, 0x00, 0x00, 0x1b, 0x00, 0x00, 0x00, 0x06, 0x00, 0x00, 0x00, 0x03, 0x00, 0x00, 0x00, \
  0x00, 0x00, 0x00, 0x00, 0x09, 0x00, 0x00, 0x00, 0x55, 0x4e, 0x49, 0x54, 0x59, 0x5f, 0x4c, 0x48, \
  0x00, 0x00, 0x00, 0x00, 0x16, 0x00, 0x00, 0x00, 0x06, 0x00, 0x00, 0x00, 0x04, 0x00, 0x00, 0x00, \
  0x00, 0x00, 0x00, 0x00, 0x04, 0x00, 0x00, 0x00, 0x4e, 0x45, 0x44, 0x00, 0x00, 0x00, 0x00, 0x00, \
  0x18, 0x00, 0x00, 0x00, 0x06, 0x00, 0x00, 0x00, 0x05, 0x00, 0x00, 0x00, 0x00, 0x00, 0x00, 0x00, \
  0x06, 0x00, 0x00, 0x00, 0x4f, 0x54, 0x48, 0x45, 0x52, 0x00, 0x00, 0x00, 0xf2, 0xb7, 0xe0, 0x95, \
  0xff, 0x1d, 0x45, 0x4d, 0x98, 0xde, 0x9c, 0xe1, 0x91, 0xd9, 0x58, 0x00, 0x3f, 0x00, 0x00, 0x00, \
  0xf2, 0x30, 0x00, 0x00, 0x1d, 0x00, 0x00, 0x00, 0x00, 0x00, 0x00, 0x00, 0x15, 0x00, 0x00, 0x00, \
  0x73, 0x70, 0x61, 0x74, 0x69, 0x61, 0x6c, 0x3a, 0x3a, 0x64, 0x69, 0x73, 0x63, 0x6f, 0x3a, 0x3a, \
  0x54, 0x69, 0x6d, 0x65, 0x00, 0x00, 0x00, 0x00, 0x13, 0x00, 0x00, 0x00, 0x00, 0x00, 0xf2, 0x94, \
  0x49, 0x15, 0x3e, 0x3b, 0xcc, 0xbf, 0x99, 0x7f, 0x5f, 0x9a, 0x48, 0x69, 0x55, 0x00, 0x00, 0xf2, \
  0x94, 0x49, 0x15, 0x3e, 0x3b, 0xcc, 0xbf, 0x99, 0x7f, 0x5f, 0x9a, 0x48, 0x69, 0x55, 0x00, 0x00, \
  0x5a, 0x00, 0x00, 0x00, 0xf2, 0x51, 0x02, 0x00, 0x16, 0x00, 0x00, 0x00, 0x00, 0x00, 0x00, 0x00, \
  0x0e, 0x00, 0x00, 0x00, 0x62, 0x75, 0x69, 0x6c, 0x74, 0x69, 0x6e, 0x3a, 0x3a, 0x54, 0x69, 0x6d, \
  0x65, 0x00, 0x00, 0x00, 0x36, 0x00, 0x00, 0x00, 0x02, 0x00, 0x00, 0x00, 0x12, 0x00, 0x00, 0x00, \
  0x00, 0x00, 0x00, 0x00, 0x01, 0x00, 0x05, 0x00, 0x04, 0x00, 0x00, 0x00, 0x73, 0x65, 0x63, 0x00, \
  0x00, 0x00, 0x00, 0x00, 0x16, 0x00, 0x00, 0x00, 0x01, 0x00, 0x00, 0x00, 0x01, 0x00, 0x07, 0x00, \
  0x08, 0x00, 0x00, 0x00, 0x6e, 0x61, 0x6e, 0x6f, 0x73, 0x65, 0x63, 0x00, 0x00, 0x00, 0x00, 0x00, \
  0x4e, 0x01, 0x00, 0x00, 0x0b, 0x00, 0x00, 0x00, 0xf2, 0x33, 0x31, 0x48, 0x03, 0xc0, 0x2a, 0x9f, \
  0x03, 0x4f, 0x40, 0xd5, 0x93, 0xd3, 0xd5, 0xf1, 0xe9, 0x4a, 0x7a, 0x28, 0x52, 0xd4, 0x2a, 0xed, \
  0xe3, 0xcf, 0x7e, 0xf8, 0xea, 0x8a, 0xf2, 0x91, 0x38, 0x0c, 0xde, 0xf8, 0x67, 0x8f, 0xc8, 0x8b, \
  0xa2, 0x83, 0x62, 0xe5, 0xa7, 0xf1, 0x12, 0x69, 0x2f, 0xb5, 0x69, 0x7b, 0xe7, 0x28, 0x99, 0xb2, \
  0x36, 0x0f, 0x3d, 0xa7, 0xf2, 0xaa, 0xea, 0xdb, 0xbe, 0x20, 0x73, 0x26, 0x70, 0x8f, 0xaa, 0x55, \
  0xe2, 0x57, 0x42, 0xf1, 0xc7, 0x1e, 0x1d, 0x76, 0x25, 0xc2, 0x57, 0x77, 0xb1, 0x10, 0xe6, 0xf0, \
  0x3d, 0xa3, 0xf2, 0xc4, 0xed, 0x19, 0xab, 0x3c, 0x92, 0x34, 0xf6, 0xcb, 0xcb, 0x48, 0x87, 0xbd, \
  0x12, 0xf1, 0xc3, 0x45, 0x6b, 0x54, 0x39, 0x78, 0x18, 0x9c, 0xb4, 0x6e, 0x91, 0x1d, 0x73, 0x12, \
  0xf2, 0x48, 0xfc, 0x98, 0x78, 0x6e, 0x5f, 0x45, 0x5f, 0xdf, 0xbc, 0x9e, 0xb3, 0xa3, 0xde, 0xf1, \
  0xca, 0x17, 0xfa, 0xc2, 0xd2, 0xb0, 0xec, 0x46, 0x95, 0x91, 0x10, 0xf9, 0x01, 0x5e, 0xf2, 0xe0, \
  0x05, 0x25, 0x6f, 0x56, 0x5c, 0x85, 0x7d, 0x1a, 0x24, 0xf0, 0xc1, 0xbd, 0x10, 0xf1, 0xa6, 0x55, \
  0x48, 0x0e, 0x0a, 0x08, 0x99, 0x4f, 0xe4, 0x13, 0x37, 0xd3, 0xb5, 0x08, 0xf2, 0x31, 0x10, 0x0b, \
  0x3d, 0x14, 0x9a, 0xc3, 0x73, 0x58, 0xa2, 0x3c, 0xd8, 0xdf, 0x0d, 0xf1, 0x07, 0xdf, 0x2d, 0x0b, \
  0xf4, 0xea, 0xbd, 0x76, 0x34, 0x6f, 0x71, 0xc2, 0x15, 0x99, 0xf2, 0x65, 0x97, 0x0c, 0xfc, 0xac, \
  0x6c, 0x04, 0x48, 0xe7, 0x4d, 0x43, 0x89, 0x52, 0x31, 0xf1, 0xba, 0x3c, 0xeb, 0xdf, 0x4e, 0x99, \
  0x9e, 0x69, 0x58, 0x8e, 0x74, 0xb2, 0xae, 0xcc, 0xf2, 0x35, 0x6a, 0x2d, 0x76, 0xb1, 0xf8, 0x99, \
  0xe0, 0x65, 0xf5, 0xa6, 0x42, 0x18, 0x51, 0xf1, 0xce, 0xfa, 0xd7, 0x48, 0xf7, 0x25, 0xa0, 0x47, \
  0xf9, 0xcb, 0x29, 0x0f, 0x65, 0x6f, 0xf2, 0xb7, 0xe0, 0x95, 0xff, 0x1d, 0x45, 0x4d, 0x98, 0xde, \
  0x9c, 0xe1, 0x91, 0xd9, 0x58, 0xf1, 0x57, 0x5f, 0x4b, 0x08, 0xf8, 0x9a, 0xbb, 0x3b, 0x1c, 0x46, \
  0x2c, 0x73, 0x44, 0xa1, 0xf2, 0x94, 0x49, 0x15, 0x3e, 0x3b, 0xcc, 0xbf, 0x99, 0x7f, 0x5f, 0x9a, \
  0x48, 0x69, 0x55, 0xf1, 0x46, 0x07, 0x51, 0x88, 0x68, 0x07, 0x8e, 0x86, 0x24, 0xf2, 0x43, 0x0b, \
  0xe8, 0x46\
}
#define TYPE_MAP_CDR_SZ_spatial_disco_CoverageElement 3154u
const dds_topic_descriptor_t spatial_disco_CoverageElement_desc =
{
  .m_size = sizeof (spatial_disco_CoverageElement),
  .m_align = dds_alignof (spatial_disco_CoverageElement),
  .m_flagset = DDS_TOPIC_XTYPES_METADATA,
  .m_nkeys = 0u,
  .m_typename = "spatial::disco::CoverageElement",
  .m_keys = NULL,
  .m_nops = sizeof (spatial_disco_CoverageElement_ops) / sizeof (spatial_disco_CoverageElement_ops[0]),
  .m_ops = spatial_disco_CoverageElement_ops,
  .m_meta = "",
  .type_information = { .data = TYPE_INFO_CDR_spatial_disco_CoverageElement, .sz = TYPE_INFO_CDR_SZ_spatial_disco_CoverageElement },
  .type_mapping = { .data = TYPE_MAP_CDR_spatial_disco_CoverageElement, .sz = TYPE_MAP_CDR_SZ_spatial_disco_CoverageElement }
};

#if defined(_MSC_VER) && (_MSC_VER > 1943)
__pragma(warning(push))
__pragma(warning(disable: 5287))
#endif
static const uint32_t spatial_disco_ValidityWindow_ops [] =
{
  /* ValidityWindow */
  DDS_OP_DLC,
  DDS_OP_ADR | DDS_OP_TYPE_EXT, offsetof (spatial_disco_ValidityWindow, from), (3u << 16u) + 6u /* Time */,
  DDS_OP_ADR | DDS_OP_TYPE_4BY, offsetof (spatial_disco_ValidityWindow, seconds),
  DDS_OP_RTS,

  /* Time */
  DDS_OP_DLC,
  DDS_OP_ADR | DDS_OP_TYPE_8BY | DDS_OP_FLAG_SGN, offsetof (builtin_Time, sec),
  DDS_OP_ADR | DDS_OP_TYPE_4BY, offsetof (builtin_Time, nanosec),
  DDS_OP_RTS
};

#if defined(_MSC_VER) && (_MSC_VER > 1943)
__pragma(warning(pop))
#endif
/* Type Information:
  [MINIMAL b040f4426b083efdfdc1755926e2] (#deps: 2)
   - [MINIMAL 575f4b08f89abb3b1c462c7344a1]
   - [MINIMAL 4607518868078e8624f2430be846]
  [COMPLETE 87ee965a72fd5f9a67da7dc8a25d] (#deps: 2)
   - [COMPLETE b7e095ff1d454d98de9ce191d958]
   - [COMPLETE 9449153e3bccbf997f5f9a486955]
*/
#define TYPE_INFO_CDR_spatial_disco_ValidityWindow (const unsigned char []){ \
  0xc0, 0x00, 0x00, 0x00, 0x01, 0x10, 0x00, 0x40, 0x58, 0x00, 0x00, 0x00, 0x54, 0x00, 0x00, 0x00, \
  0x14, 0x00, 0x00, 0x00, 0xf1, 0xb0, 0x40, 0xf4, 0x42, 0x6b, 0x08, 0x3e, 0xfd, 0xfd, 0xc1, 0x75, \
  0x59, 0x26, 0xe2, 0x00, 0x47, 0x00, 0x00, 0x00, 0x02, 0x00, 0x00, 0x00, 0x34, 0x00, 0x00, 0x00, \
  0x02, 0x00, 0x00, 0x00, 0x14, 0x00, 0x00, 0x00, 0xf1, 0x57, 0x5f, 0x4b, 0x08, 0xf8, 0x9a, 0xbb, \
  0x3b, 0x1c, 0x46, 0x2c, 0x73, 0x44, 0xa1, 0x00, 0x21, 0x00, 0x00, 0x00, 0x14, 0x00, 0x00, 0x00, \
  0xf1, 0x46, 0x07, 0x51, 0x88, 0x68, 0x07, 0x8e, 0x86, 0x24, 0xf2, 0x43, 0x0b, 0xe8, 0x46, 0x00, \
  0x37, 0x00, 0x00, 0x00, 0x02, 0x10, 0x00, 0x40, 0x58, 0x00, 0x00, 0x00, 0x54, 0x00, 0x00, 0x00, \
  0x14, 0x00, 0x00, 0x00, 0xf2, 0x87, 0xee, 0x96, 0x5a, 0x72, 0xfd, 0x5f, 0x9a, 0x67, 0xda, 0x7d, \
  0xc8, 0xa2, 0x5d, 0x00, 0x7e, 0x00, 0x00, 0x00, 0x02, 0x00, 0x00, 0x00, 0x34, 0x00, 0x00, 0x00, \
  0x02, 0x00, 0x00, 0x00, 0x14, 0x00, 0x00, 0x00, 0xf2, 0xb7, 0xe0, 0x95, 0xff, 0x1d, 0x45, 0x4d, \
  0x98, 0xde, 0x9c, 0xe1, 0x91, 0xd9, 0x58, 0x00, 0x43, 0x00, 0x00, 0x00, 0x14, 0x00, 0x00, 0x00, \
  0xf2, 0x94, 0x49, 0x15, 0x3e, 0x3b, 0xcc, 0xbf, 0x99, 0x7f, 0x5f, 0x9a, 0x48, 0x69, 0x55, 0x00, \
  0x5e, 0x00, 0x00, 0x00\
}
#define TYPE_INFO_CDR_SZ_spatial_disco_ValidityWindow 196u
#define TYPE_MAP_CDR_spatial_disco_ValidityWindow (const unsigned char []){ \
  0xd3, 0x00, 0x00, 0x00, 0x03, 0x00, 0x00, 0x00, 0xf1, 0xb0, 0x40, 0xf4, 0x42, 0x6b, 0x08, 0x3e, \
  0xfd, 0xfd, 0xc1, 0x75, 0x59, 0x26, 0xe2, 0x00, 0x43, 0x00, 0x00, 0x00, 0xf1, 0x51, 0x02, 0x00, \
  0x01, 0x00, 0x00, 0x00, 0x00, 0x00, 0x00, 0x00, 0x33, 0x00, 0x00, 0x00, 0x02, 0x00, 0x00, 0x00, \
  0x19, 0x00, 0x00, 0x00, 0x00, 0x00, 0x00, 0x00, 0x01, 0x00, 0xf1, 0x57, 0x5f, 0x4b, 0x08, 0xf8, \
  0x9a, 0xbb, 0x3b, 0x1c, 0x46, 0x2c, 0x73, 0x44, 0xa1, 0xd9, 0x8a, 0x07, 0xf8, 0x00, 0x00, 0x00, \
  0x0b, 0x00, 0x00, 0x00, 0x01, 0x00, 0x00, 0x00, 0x01, 0x00, 0x07, 0x78, 0x3e, 0x8e, 0x29, 0xf1, \
  0x57, 0x5f, 0x4b, 0x08, 0xf8, 0x9a, 0xbb, 0x3b, 0x1c, 0x46, 0x2c, 0x73, 0x44, 0xa1, 0x00, 0x00, \
  0x1d, 0x00, 0x00, 0x00, 0xf1, 0x30, 0x00, 0x00, 0x00, 0x00, 0x00, 0x00, 0x11, 0x00, 0x00, 0x00, \
  0x00, 0x00, 0xf1, 0x46, 0x07, 0x51, 0x88, 0x68, 0x07, 0x8e, 0x86, 0x24, 0xf2, 0x43, 0x0b, 0xe8, \
  0x46, 0xf1, 0x46, 0x07, 0x51, 0x88, 0x68, 0x07, 0x8e, 0x86, 0x24, 0xf2, 0x43, 0x0b, 0xe8, 0x46, \
  0x33, 0x00, 0x00, 0x00, 0xf1, 0x51, 0x02, 0x00, 0x01, 0x00, 0x00, 0x00, 0x00, 0x00, 0x00, 0x00, \
  0x23, 0x00, 0x00, 0x00, 0x02, 0x00, 0x00, 0x00, 0x0b, 0x00, 0x00, 0x00, 0x00, 0x00, 0x00, 0x00, \
  0x01, 0x00, 0x05, 0x74, 0x45, 0x9c, 0xa3, 0x00, 0x0b, 0x00, 0x00, 0x00, 0x01, 0x00, 0x00, 0x00, \
  0x01, 0x00, 0x07, 0xe2, 0x04, 0x64, 0xd5, 0x00, 0x56, 0x01, 0x00, 0x00, 0x03, 0x00, 0x00, 0x00, \
  0xf2, 0x87, 0xee, 0x96, 0x5a, 0x72, 0xfd, 0x5f, 0x9a, 0x67, 0xda, 0x7d, 0xc8, 0xa2, 0x5d, 0x00, \
  0x7a, 0x00, 0x00, 0x00, 0xf2, 0x51, 0x02, 0x00, 0x27, 0x00, 0x00, 0x00, 0x00, 0x00, 0x00, 0x00, \
  0x1f, 0x00, 0x00, 0x00, 0x73, 0x70, 0x61, 0x74, 0x69, 0x61, 0x6c, 0x3a, 0x3a, 0x64, 0x69, 0x73, \
  0x63, 0x6f, 0x3a, 0x3a, 0x56, 0x61, 0x6c, 0x69, 0x64, 0x69, 0x74, 0x79, 0x57, 0x69, 0x6e, 0x64, \
  0x6f, 0x77, 0x00, 0x00, 0x46, 0x00, 0x00, 0x00, 0x02, 0x00, 0x00, 0x00, 0x23, 0x00, 0x00, 0x00, \
  0x00, 0x00, 0x00, 0x00, 0x01, 0x00, 0xf2, 0xb7, 0xe0, 0x95, 0xff, 0x1d, 0x45, 0x4d, 0x98, 0xde, \
  0x9c, 0xe1, 0x91, 0xd9, 0x58, 0x00, 0x00, 0x00, 0x05, 0x00, 0x00, 0x00, 0x66, 0x72, 0x6f, 0x6d, \
  0x00, 0x00, 0x00, 0x00, 0x16, 0x00, 0x00, 0x00, 0x01, 0x00, 0x00, 0x00, 0x01, 0x00, 0x07, 0x00, \
  0x08, 0x00, 0x00, 0x00, 0x73, 0x65, 0x63, 0x6f, 0x6e, 0x64, 0x73, 0x00, 0x00, 0x00, 0xf2, 0xb7, \
  0xe0, 0x95, 0xff, 0x1d, 0x45, 0x4d, 0x98, 0xde, 0x9c, 0xe1, 0x91, 0xd9, 0x58, 0x00, 0x00, 0x00, \
  0x3f, 0x00, 0x00, 0x00, 0xf2, 0x30, 0x00, 0x00, 0x1d, 0x00, 0x00, 0x00, 0x00, 0x00, 0x00, 0x00, \
  0x15, 0x00, 0x00, 0x00, 0x73, 0x70, 0x61, 0x74, 0x69, 0x61, 0x6c, 0x3a, 0x3a, 0x64, 0x69, 0x73, \
  0x63, 0x6f, 0x3a, 0x3a, 0x54, 0x69, 0x6d, 0x65, 0x00, 0x00, 0x00, 0x00, 0x13, 0x00, 0x00, 0x00, \
  0x00, 0x00, 0xf2, 0x94, 0x49, 0x15, 0x3e, 0x3b, 0xcc, 0xbf, 0x99, 0x7f, 0x5f, 0x9a, 0x48, 0x69, \
  0x55, 0x00, 0x00, 0xf2, 0x94, 0x49, 0x15, 0x3e, 0x3b, 0xcc, 0xbf, 0x99, 0x7f, 0x5f, 0x9a, 0x48, \
  0x69, 0x55, 0x00, 0x00, 0x5a, 0x00, 0x00, 0x00, 0xf2, 0x51, 0x02, 0x00, 0x16, 0x00, 0x00, 0x00, \
  0x00, 0x00, 0x00, 0x00, 0x0e, 0x00, 0x00, 0x00, 0x62, 0x75, 0x69, 0x6c, 0x74, 0x69, 0x6e, 0x3a, \
  0x3a, 0x54, 0x69, 0x6d, 0x65, 0x00, 0x00, 0x00, 0x36, 0x00, 0x00, 0x00, 0x02, 0x00, 0x00, 0x00, \
  0x12, 0x00, 0x00, 0x00, 0x00, 0x00, 0x00, 0x00, 0x01, 0x00, 0x05, 0x00, 0x04, 0x00, 0x00, 0x00, \
  0x73, 0x65, 0x63, 0x00, 0x00, 0x00, 0x00, 0x00, 0x16, 0x00, 0x00, 0x00, 0x01, 0x00, 0x00, 0x00, \
  0x01, 0x00, 0x07, 0x00, 0x08, 0x00, 0x00, 0x00, 0x6e, 0x61, 0x6e, 0x6f, 0x73, 0x65, 0x63, 0x00, \
  0x00, 0x00, 0x00, 0x00, 0x5e, 0x00, 0x00, 0x00, 0x03, 0x00, 0x00, 0x00, 0xf2, 0x87, 0xee, 0x96, \
  0x5a, 0x72, 0xfd, 0x5f, 0x9a, 0x67, 0xda, 0x7d, 0xc8, 0xa2, 0x5d, 0xf1, 0xb0, 0x40, 0xf4, 0x42, \
  0x6b, 0x08, 0x3e, 0xfd, 0xfd, 0xc1, 0x75, 0x59, 0x26, 0xe2, 0xf2, 0xb7, 0xe0, 0x95, 0xff, 0x1d, \
  0x45, 0x4d, 0x98, 0xde, 0x9c, 0xe1, 0x91, 0xd9, 0x58, 0xf1, 0x57, 0x5f, 0x4b, 0x08, 0xf8, 0x9a, \
  0xbb, 0x3b, 0x1c, 0x46, 0x2c, 0x73, 0x44, 0xa1, 0xf2, 0x94, 0x49, 0x15, 0x3e, 0x3b, 0xcc, 0xbf, \
  0x99, 0x7f, 0x5f, 0x9a, 0x48, 0x69, 0x55, 0xf1, 0x46, 0x07, 0x51, 0x88, 0x68, 0x07, 0x8e, 0x86, \
  0x24, 0xf2, 0x43, 0x0b, 0xe8, 0x46\
}
#define TYPE_MAP_CDR_SZ_spatial_disco_ValidityWindow 662u
const dds_topic_descriptor_t spatial_disco_ValidityWindow_desc =
{
  .m_size = sizeof (spatial_disco_ValidityWindow),
  .m_align = dds_alignof (spatial_disco_ValidityWindow),
  .m_flagset = DDS_TOPIC_FIXED_SIZE | DDS_TOPIC_XTYPES_METADATA,
  .m_nkeys = 0u,
  .m_typename = "spatial::disco::ValidityWindow",
  .m_keys = NULL,
  .m_nops = sizeof (spatial_disco_ValidityWindow_ops) / sizeof (spatial_disco_ValidityWindow_ops[0]),
  .m_ops = spatial_disco_ValidityWindow_ops,
  .m_meta = "",
  .type_information = { .data = TYPE_INFO_CDR_spatial_disco_ValidityWindow, .sz = TYPE_INFO_CDR_SZ_spatial_disco_ValidityWindow },
  .type_mapping = { .data = TYPE_MAP_CDR_spatial_disco_ValidityWindow, .sz = TYPE_MAP_CDR_SZ_spatial_disco_ValidityWindow }
};

#if defined(_MSC_VER) && (_MSC_VER > 1943)
__pragma(warning(push))
__pragma(warning(disable: 5287))
#endif
static const uint32_t spatial_disco_Transform_ops [] =
{
  /* Transform */
  DDS_OP_DLC,
  DDS_OP_ADR | DDS_OP_TYPE_EXT, offsetof (spatial_disco_Transform, from), (3u << 16u) + 18u /* FrameRef */,
  DDS_OP_ADR | DDS_OP_TYPE_EXT, offsetof (spatial_disco_Transform, to), (3u << 16u) + 15u /* FrameRef */,
  DDS_OP_ADR | DDS_OP_TYPE_EXT, offsetof (spatial_disco_Transform, pose), (3u << 16u) + 23u /* PoseSE3 */,
  DDS_OP_ADR | DDS_OP_TYPE_EXT, offsetof (spatial_disco_Transform, stamp), (3u << 16u) + 28u /* Time */,
  DDS_OP_ADR | DDS_OP_TYPE_BLN, offsetof (spatial_disco_Transform, has_validity),
  DDS_OP_ADR | DDS_OP_TYPE_EXT, offsetof (spatial_disco_Transform, validity), (3u << 16u) + 29u /* ValidityWindow */,
  DDS_OP_RTS,

  /* FrameRef */
  DDS_OP_DLC,
  DDS_OP_ADR | DDS_OP_TYPE_STR, offsetof (spatial_common_FrameRef, uuid),
  DDS_OP_ADR | DDS_OP_TYPE_STR, offsetof (spatial_common_FrameRef, fqn),
  DDS_OP_ADR | DDS_OP_TYPE_BLN, offsetof (spatial_common_FrameRef, has_coord_convention),
  DDS_OP_ADR | DDS_OP_TYPE_ENU | (2 << DDS_OP_FLAG_SZ_SHIFT), offsetof (spatial_common_FrameRef, coord_convention), 5u,
  DDS_OP_RTS,

  /* PoseSE3 */
  DDS_OP_DLC,
  DDS_OP_ADR | DDS_OP_TYPE_ARR | DDS_OP_SUBTYPE_8BY | DDS_OP_FLAG_FP, offsetof (spatial_core_PoseSE3, t), 3u,
  DDS_OP_ADR | DDS_OP_TYPE_ARR | DDS_OP_SUBTYPE_8BY | DDS_OP_FLAG_FP, offsetof (spatial_core_PoseSE3, q), 4u,
  DDS_OP_RTS,

  /* Time */
  DDS_OP_DLC,
  DDS_OP_ADR | DDS_OP_TYPE_8BY | DDS_OP_FLAG_SGN, offsetof (builtin_Time, sec),
  DDS_OP_ADR | DDS_OP_TYPE_4BY, offsetof (builtin_Time, nanosec),
  DDS_OP_RTS,

  /* ValidityWindow */
  DDS_OP_DLC,
  DDS_OP_ADR | DDS_OP_TYPE_EXT, offsetof (spatial_disco_ValidityWindow, from), (3u << 16u) + 65529u /* Time */,
  DDS_OP_ADR | DDS_OP_TYPE_4BY, offsetof (spatial_disco_ValidityWindow, seconds),
  DDS_OP_RTS
};

#if defined(_MSC_VER) && (_MSC_VER > 1943)
__pragma(warning(pop))
#endif
/* Type Information:
  [MINIMAL d46a65b61a88c0a66fde98f58b97] (#deps: 11)
   - [MINIMAL a655480e0a08994fe41337d3b508]
   - [MINIMAL 07df2d0bf4eabd76346f71c21599]
   - [MINIMAL ba3cebdf4e999e69588e74b2aecc]
   - [MINIMAL cefad748f725a047f9cb290f656f]
   - [MINIMAL e157cec6ce7a3345161c8f6f4c26]
   - [MINIMAL 9b0ae13cdfe72d2db984f365896f]
   - [MINIMAL ca17fac2d2b0ec46959110f9015e]
   - [MINIMAL 12692fb5697be72899b2360f3da7]
   - [MINIMAL 575f4b08f89abb3b1c462c7344a1]
   - [MINIMAL 4607518868078e8624f2430be846]
   - [MINIMAL b040f4426b083efdfdc1755926e2]
  [COMPLETE 7e5350a73ff0fae3ae8aef996eb6] (#deps: 11)
   - [COMPLETE e005256f565c857d1a24f0c1bd10]
   - [COMPLETE 31100b3d149ac37358a23cd8df0d]
   - [COMPLETE 65970cfcac6c0448e74d43895231]
   - [COMPLETE 356a2d76b1f899e065f5a6421851]
   - [COMPLETE 9ce9a69e6b3d5fd80f3f80f8dc5b]
   - [COMPLETE e3d505abbf1dee399f753cbdfdf6]
   - [COMPLETE 48fc98786e5f455fdfbc9eb3a3de]
   - [COMPLETE 3231af2908bd3e15044d5891fcc8]
   - [COMPLETE b7e095ff1d454d98de9ce191d958]
   - [COMPLETE 9449153e3bccbf997f5f9a486955]
   - [COMPLETE 87ee965a72fd5f9a67da7dc8a25d]
*/
#define TYPE_INFO_CDR_spatial_disco_Transform (const unsigned char []){ \
  0x70, 0x02, 0x00, 0x00, 0x01, 0x10, 0x00, 0x40, 0x30, 0x01, 0x00, 0x00, 0x2c, 0x01, 0x00, 0x00, \
  0x14, 0x00, 0x00, 0x00, 0xf1, 0xd4, 0x6a, 0x65, 0xb6, 0x1a, 0x88, 0xc0, 0xa6, 0x6f, 0xde, 0x98, \
  0xf5, 0x8b, 0x97, 0x00, 0xc5, 0x00, 0x00, 0x00, 0x0b, 0x00, 0x00, 0x00, 0x0c, 0x01, 0x00, 0x00, \
  0x0b, 0x00, 0x00, 0x00, 0x14, 0x00, 0x00, 0x00, 0xf1, 0xa6, 0x55, 0x48, 0x0e, 0x0a, 0x08, 0x99, \
  0x4f, 0xe4, 0x13, 0x37, 0xd3, 0xb5, 0x08, 0x00, 0x21, 0x00, 0x00, 0x00, 0x14, 0x00, 0x00, 0x00, \
  0xf1, 0x07, 0xdf, 0x2d, 0x0b, 0xf4, 0xea, 0xbd, 0x76, 0x34, 0x6f, 0x71, 0xc2, 0x15, 0x99, 0x00, \
  0x21, 0x00, 0x00, 0x00, 0x14, 0x00, 0x00, 0x00, 0xf1, 0xba, 0x3c, 0xeb, 0xdf, 0x4e, 0x99, 0x9e, \
  0x69, 0x58, 0x8e, 0x74, 0xb2, 0xae, 0xcc, 0x00, 0x65, 0x00, 0x00, 0x00, 0x14, 0x00, 0x00, 0x00, \
  0xf1, 0xce, 0xfa, 0xd7, 0x48, 0xf7, 0x25, 0xa0, 0x47, 0xf9, 0xcb, 0x29, 0x0f, 0x65, 0x6f, 0x00, \
  0x8e, 0x00, 0x00, 0x00, 0x14, 0x00, 0x00, 0x00, 0xf1, 0xe1, 0x57, 0xce, 0xc6, 0xce, 0x7a, 0x33, \
  0x45, 0x16, 0x1c, 0x8f, 0x6f, 0x4c, 0x26, 0x00, 0x21, 0x00, 0x00, 0x00, 0x14, 0x00, 0x00, 0x00, \
  0xf1, 0x9b, 0x0a, 0xe1, 0x3c, 0xdf, 0xe7, 0x2d, 0x2d, 0xb9, 0x84, 0xf3, 0x65, 0x89, 0x6f, 0x00, \
  0x55, 0x00, 0x00, 0x00, 0x14, 0x00, 0x00, 0x00, 0xf1, 0xca, 0x17, 0xfa, 0xc2, 0xd2, 0xb0, 0xec, \
  0x46, 0x95, 0x91, 0x10, 0xf9, 0x01, 0x5e, 0x00, 0x1e, 0x00, 0x00, 0x00, 0x14, 0x00, 0x00, 0x00, \
  0xf1, 0x12, 0x69, 0x2f, 0xb5, 0x69, 0x7b, 0xe7, 0x28, 0x99, 0xb2, 0x36, 0x0f, 0x3d, 0xa7, 0x00, \
  0x1e, 0x00, 0x00, 0x00, 0x14, 0x00, 0x00, 0x00, 0xf1, 0x57, 0x5f, 0x4b, 0x08, 0xf8, 0x9a, 0xbb, \
  0x3b, 0x1c, 0x46, 0x2c, 0x73, 0x44, 0xa1, 0x00, 0x21, 0x00, 0x00, 0x00, 0x14, 0x00, 0x00, 0x00, \
  0xf1, 0x46, 0x07, 0x51, 0x88, 0x68, 0x07, 0x8e, 0x86, 0x24, 0xf2, 0x43, 0x0b, 0xe8, 0x46, 0x00, \
  0x37, 0x00, 0x00, 0x00, 0x14, 0x00, 0x00, 0x00, 0xf1, 0xb0, 0x40, 0xf4, 0x42, 0x6b, 0x08, 0x3e, \
  0xfd, 0xfd, 0xc1, 0x75, 0x59, 0x26, 0xe2, 0x00, 0x47, 0x00, 0x00, 0x00, 0x02, 0x10, 0x00, 0x40, \
  0x30, 0x01, 0x00, 0x00, 0x2c, 0x01, 0x00, 0x00, 0x14, 0x00, 0x00, 0x00, 0xf2, 0x7e, 0x53, 0x50, \
  0xa7, 0x3f, 0xf0, 0xfa, 0xe3, 0xae, 0x8a, 0xef, 0x99, 0x6e, 0xb6, 0x00, 0x23, 0x01, 0x00, 0x00, \
  0x0b, 0x00, 0x00, 0x00, 0x0c, 0x01, 0x00, 0x00, 0x0b, 0x00, 0x00, 0x00, 0x14, 0x00, 0x00, 0x00, \
  0xf2, 0xe0, 0x05, 0x25, 0x6f, 0x56, 0x5c, 0x85, 0x7d, 0x1a, 0x24, 0xf0, 0xc1, 0xbd, 0x10, 0x00, \
  0x47, 0x00, 0x00, 0x00, 0x14, 0x00, 0x00, 0x00, 0xf2, 0x31, 0x10, 0x0b, 0x3d, 0x14, 0x9a, 0xc3, \
  0x73, 0x58, 0xa2, 0x3c, 0xd8, 0xdf, 0x0d, 0x00, 0x43, 0x00, 0x00, 0x00, 0x14, 0x00, 0x00, 0x00, \
  0xf2, 0x65, 0x97, 0x0c, 0xfc, 0xac, 0x6c, 0x04, 0x48, 0xe7, 0x4d, 0x43, 0x89, 0x52, 0x31, 0x00, \
  0xc3, 0x00, 0x00, 0x00, 0x14, 0x00, 0x00, 0x00, 0xf2, 0x35, 0x6a, 0x2d, 0x76, 0xb1, 0xf8, 0x99, \
  0xe0, 0x65, 0xf5, 0xa6, 0x42, 0x18, 0x51, 0x00, 0xf0, 0x00, 0x00, 0x00, 0x14, 0x00, 0x00, 0x00, \
  0xf2, 0x9c, 0xe9, 0xa6, 0x9e, 0x6b, 0x3d, 0x5f, 0xd8, 0x0f, 0x3f, 0x80, 0xf8, 0xdc, 0x5b, 0x00, \
  0x43, 0x00, 0x00, 0x00, 0x14, 0x00, 0x00, 0x00, 0xf2, 0xe3, 0xd5, 0x05, 0xab, 0xbf, 0x1d, 0xee, \
  0x39, 0x9f, 0x75, 0x3c, 0xbd, 0xfd, 0xf6, 0x00, 0x7c, 0x00, 0x00, 0x00, 0x14, 0x00, 0x00, 0x00, \
  0xf2, 0x48, 0xfc, 0x98, 0x78, 0x6e, 0x5f, 0x45, 0x5f, 0xdf, 0xbc, 0x9e, 0xb3, 0xa3, 0xde, 0x00, \
  0x40, 0x00, 0x00, 0x00, 0x14, 0x00, 0x00, 0x00, 0xf2, 0x32, 0x31, 0xaf, 0x29, 0x08, 0xbd, 0x3e, \
  0x15, 0x04, 0x4d, 0x58, 0x91, 0xfc, 0xc8, 0x00, 0x48, 0x00, 0x00, 0x00, 0x14, 0x00, 0x00, 0x00, \
  0xf2, 0xb7, 0xe0, 0x95, 0xff, 0x1d, 0x45, 0x4d, 0x98, 0xde, 0x9c, 0xe1, 0x91, 0xd9, 0x58, 0x00, \
  0x43, 0x00, 0x00, 0x00, 0x14, 0x00, 0x00, 0x00, 0xf2, 0x94, 0x49, 0x15, 0x3e, 0x3b, 0xcc, 0xbf, \
  0x99, 0x7f, 0x5f, 0x9a, 0x48, 0x69, 0x55, 0x00, 0x5e, 0x00, 0x00, 0x00, 0x14, 0x00, 0x00, 0x00, \
  0xf2, 0x87, 0xee, 0x96, 0x5a, 0x72, 0xfd, 0x5f, 0x9a, 0x67, 0xda, 0x7d, 0xc8, 0xa2, 0x5d, 0x00, \
  0x7e, 0x00, 0x00, 0x00\
}
#define TYPE_INFO_CDR_SZ_spatial_disco_Transform 628u
#define TYPE_MAP_CDR_spatial_disco_Transform (const unsigned char []){ \
  0x0f, 0x04, 0x00, 0x00, 0x0c, 0x00, 0x00, 0x00, 0xf1, 0xd4, 0x6a, 0x65, 0xb6, 0x1a, 0x88, 0xc0, \
  0xa6, 0x6f, 0xde, 0x98, 0xf5, 0x8b, 0x97, 0x00, 0xc1, 0x00, 0x00, 0x00, 0xf1, 0x51, 0x02, 0x00, \
  0x01, 0x00, 0x00, 0x00, 0x00, 0x00, 0x00, 0x00, 0xb1, 0x00, 0x00, 0x00, 0x06, 0x00, 0x00, 0x00, \
  0x19, 0x00, 0x00, 0x00, 0x00, 0x00, 0x00, 0x00, 0x01, 0x00, 0xf1, 0xa6, 0x55, 0x48, 0x0e, 0x0a, \
  0x08, 0x99, 0x4f, 0xe4, 0x13, 0x37, 0xd3, 0xb5, 0x08, 0xd9, 0x8a, 0x07, 0xf8, 0x00, 0x00, 0x00, \
  0x19, 0x00, 0x00, 0x00, 0x01, 0x00, 0x00, 0x00, 0x01, 0x00, 0xf1, 0xa6, 0x55, 0x48, 0x0e, 0x0a, \
  0x08, 0x99, 0x4f, 0xe4, 0x13, 0x37, 0xd3, 0xb5, 0x08, 0x01, 0xb6, 0xe2, 0x03, 0x00, 0x00, 0x00, \
  0x19, 0x00, 0x00, 0x00, 0x02, 0x00, 0x00, 0x00, 0x01, 0x00, 0xf1, 0xe1, 0x57, 0xce, 0xc6, 0xce, \
  0x7a, 0x33, 0x45, 0x16, 0x1c, 0x8f, 0x6f, 0x4c, 0x26, 0x2d, 0x5f, 0x8a, 0xe9, 0x00, 0x00, 0x00, \
  0x19, 0x00, 0x00, 0x00, 0x03, 0x00, 0x00, 0x00, 0x01, 0x00, 0xf1, 0x57, 0x5f, 0x4b, 0x08, 0xf8, \
  0x9a, 0xbb, 0x3b, 0x1c, 0x46, 0x2c, 0x73, 0x44, 0xa1, 0x96, 0xb8, 0xc7, 0x8d, 0x00, 0x00, 0x00, \
  0x0b, 0x00, 0x00, 0x00, 0x04, 0x00, 0x00, 0x00, 0x01, 0x00, 0x01, 0x74, 0x4e, 0x8d, 0x43, 0x00, \
  0x19, 0x00, 0x00, 0x00, 0x05, 0x00, 0x00, 0x00, 0x01, 0x00, 0xf1, 0xb0, 0x40, 0xf4, 0x42, 0x6b, \
  0x08, 0x3e, 0xfd, 0xfd, 0xc1, 0x75, 0x59, 0x26, 0xe2, 0x38, 0x89, 0xf8, 0x1b, 0xf1, 0xa6, 0x55, \
  0x48, 0x0e, 0x0a, 0x08, 0x99, 0x4f, 0xe4, 0x13, 0x37, 0xd3, 0xb5, 0x08, 0x1d, 0x00, 0x00, 0x00, \
  0xf1, 0x30, 0x00, 0x00, 0x00, 0x00, 0x00, 0x00, 0x11, 0x00, 0x00, 0x00, 0x00, 0x00, 0xf1, 0x07, \
  0xdf, 0x2d, 0x0b, 0xf4, 0xea, 0xbd, 0x76, 0x34, 0x6f, 0x71, 0xc2, 0x15, 0x99, 0xf1, 0x07, 0xdf, \
  0x2d, 0x0b, 0xf4, 0xea, 0xbd, 0x76, 0x34, 0x6f, 0x71, 0xc2, 0x15, 0x99, 0x1d, 0x00, 0x00, 0x00, \
  0xf1, 0x30, 0x00, 0x00, 0x00, 0x00, 0x00, 0x00, 0x11, 0x00, 0x00, 0x00, 0x00, 0x00, 0xf1, 0xba, \
  0x3c, 0xeb, 0xdf, 0x4e, 0x99, 0x9e, 0x69, 0x58, 0x8e, 0x74, 0xb2, 0xae, 0xcc, 0xf1, 0xba, 0x3c, \
  0xeb, 0xdf, 0x4e, 0x99, 0x9e, 0x69, 0x58, 0x8e, 0x74, 0xb2, 0xae, 0xcc, 0x61, 0x00, 0x00, 0x00, \
  0xf1, 0x51, 0x02, 0x00, 0x01, 0x00, 0x00, 0x00, 0x00, 0x00, 0x00, 0x00, 0x51, 0x00, 0x00, 0x00, \
  0x04, 0x00, 0x00, 0x00, 0x0c, 0x00, 0x00, 0x00, 0x00, 0x00, 0x00, 0x00, 0x01, 0x00, 0x70, 0x00, \
  0xef, 0x7c, 0x87, 0x6f, 0x0c, 0x00, 0x00, 0x00, 0x01, 0x00, 0x00, 0x00, 0x01, 0x00, 0x70, 0x00, \
  0x50, 0x58, 0x17, 0xef, 0x0b, 0x00, 0x00, 0x00, 0x02, 0x00, 0x00, 0x00, 0x01, 0x00, 0x01, 0x4a, \
  0x03, 0x78, 0x6f, 0x00, 0x19, 0x00, 0x00, 0x00, 0x03, 0x00, 0x00, 0x00, 0x01, 0x00, 0xf1, 0xce, \
  0xfa, 0xd7, 0x48, 0xf7, 0x25, 0xa0, 0x47, 0xf9, 0xcb, 0x29, 0x0f, 0x65, 0x6f, 0x7e, 0x7f, 0x70, \
  0x7a, 0xf1, 0xce, 0xfa, 0xd7, 0x48, 0xf7, 0x25, 0xa0, 0x47, 0xf9, 0xcb, 0x29, 0x0f, 0x65, 0x6f, \
  0x8a, 0x00, 0x00, 0x00, 0xf1, 0x40, 0x01, 0x00, 0x02, 0x00, 0x00, 0x00, 0x20, 0x00, 0x00, 0x00, \
  0x7a, 0x00, 0x00, 0x00, 0x06, 0x00, 0x00, 0x00, 0x0e, 0x00, 0x00, 0x00, 0x06, 0x00, 0x00, 0x00, \
  0x00, 0x00, 0x00, 0x00, 0x40, 0x00, 0x39, 0x2b, 0x81, 0x0f, 0x00, 0x00, 0x0e, 0x00, 0x00, 0x00, \
  0x06, 0x00, 0x00, 0x00, 0x01, 0x00, 0x00, 0x00, 0x00, 0x00, 0xa5, 0xc8, 0xc3, 0x54, 0x00, 0x00, \
  0x0e, 0x00, 0x00, 0x00, 0x06, 0x00, 0x00, 0x00, 0x02, 0x00, 0x00, 0x00, 0x00, 0x00, 0x6f, 0x49, \
  0x44, 0x8c, 0x00, 0x00, 0x0e, 0x00, 0x00, 0x00, 0x06, 0x00, 0x00, 0x00, 0x03, 0x00, 0x00, 0x00, \
  0x00, 0x00, 0x68, 0x09, 0xbe, 0xd7, 0x00, 0x00, 0x0e, 0x00, 0x00, 0x00, 0x06, 0x00, 0x00, 0x00, \
  0x04, 0x00, 0x00, 0x00, 0x00, 0x00, 0xcd, 0x34, 0x59, 0xb2, 0x00, 0x00, 0x0e, 0x00, 0x00, 0x00, \
  0x06, 0x00, 0x00, 0x00, 0x05, 0x00, 0x00, 0x00, 0x00, 0x00, 0x03, 0x57, 0x04, 0x70, 0xf1, 0xe1, \
  0x57, 0xce, 0xc6, 0xce, 0x7a, 0x33, 0x45, 0x16, 0x1c, 0x8f, 0x6f, 0x4c, 0x26, 0x00, 0x00, 0x00, \
  0x1d, 0x00, 0x00, 0x00, 0xf1, 0x30, 0x00, 0x00, 0x00, 0x00, 0x00, 0x00, 0x11, 0x00, 0x00, 0x00, \
  0x00, 0x00, 0xf1, 0x9b, 0x0a, 0xe1, 0x3c, 0xdf, 0xe7, 0x2d, 0x2d, 0xb9, 0x84, 0xf3, 0x65, 0x89, \
  0x6f, 0xf1, 0x9b, 0x0a, 0xe1, 0x3c, 0xdf, 0xe7, 0x2d, 0x2d, 0xb9, 0x84, 0xf3, 0x65, 0x89, 0x6f, \
  0x51, 0x00, 0x00, 0x00, 0xf1, 0x51, 0x02, 0x00, 0x01, 0x00, 0x00, 0x00, 0x00, 0x00, 0x00, 0x00, \
  0x41, 0x00, 0x00, 0x00, 0x02, 0x00, 0x00, 0x00, 0x19, 0x00, 0x00, 0x00, 0x00, 0x00, 0x00, 0x00, \
  0x01, 0x00, 0xf1, 0xca, 0x17, 0xfa, 0xc2, 0xd2, 0xb0, 0xec, 0x46, 0x95, 0x91, 0x10, 0xf9, 0x01, \
  0x5e, 0xe3, 0x58, 0xef, 0xa4, 0x00, 0x00, 0x00, 0x19, 0x00, 0x00, 0x00, 0x01, 0x00, 0x00, 0x00, \
  0x01, 0x00, 0xf1, 0x12, 0x69, 0x2f, 0xb5, 0x69, 0x7b, 0xe7, 0x28, 0x99, 0xb2, 0x36, 0x0f, 0x3d, \
  0xa7, 0x76, 0x94, 0xf4, 0xa6, 0xf1, 0xca, 0x17, 0xfa, 0xc2, 0xd2, 0xb0, 0xec, 0x46, 0x95, 0x91, \
  0x10, 0xf9, 0x01, 0x5e, 0x1a, 0x00, 0x00, 0x00, 0xf1, 0x30, 0x00, 0x00, 0x00, 0x00, 0x00, 0x00, \
  0x0e, 0x00, 0x00, 0x00, 0x00, 0x00, 0x90, 0xf3, 0x01, 0x00, 0x00, 0x00, 0x01, 0x00, 0x00, 0x00, \
  0x03, 0x0a, 0xf1, 0x12, 0x69, 0x2f, 0xb5, 0x69, 0x7b, 0xe7, 0x28, 0x99, 0xb2, 0x36, 0x0f, 0x3d, \
  0xa7, 0x00, 0x00, 0x00, 0x1a, 0x00, 0x00, 0x00, 0xf1, 0x30, 0x00, 0x00, 0x00, 0x00, 0x00, 0x00, \
  0x0e, 0x00, 0x00, 0x00, 0x00, 0x00, 0x90, 0xf3, 0x01, 0x00, 0x00, 0x00, 0x01, 0x00, 0x00, 0x00, \
  0x04, 0x0a, 0xf1, 0x57, 0x5f, 0x4b, 0x08, 0xf8, 0x9a, 0xbb, 0x3b, 0x1c, 0x46, 0x2c, 0x73, 0x44, \
  0xa1, 0x00, 0x00, 0x00, 0x1d, 0x00, 0x00, 0x00, 0xf1, 0x30, 0x00, 0x00, 0x00, 0x00, 0x00, 0x00, \
  0x11, 0x00, 0x00, 0x00, 0x00, 0x00, 0xf1, 0x46, 0x07, 0x51, 0x88, 0x68, 0x07, 0x8e, 0x86, 0x24, \
  0xf2, 0x43, 0x0b, 0xe8, 0x46, 0xf1, 0x46, 0x07, 0x51, 0x88, 0x68, 0x07, 0x8e, 0x86, 0x24, 0xf2, \
  0x43, 0x0b, 0xe8, 0x46, 0x33, 0x00, 0x00, 0x00, 0xf1, 0x51, 0x02, 0x00, 0x01, 0x00, 0x00, 0x00, \
  0x00, 0x00, 0x00, 0x00, 0x23, 0x00, 0x00, 0x00, 0x02, 0x00, 0x00, 0x00, 0x0b, 0x00, 0x00, 0x00, \
  0x00, 0x00, 0x00, 0x00, 0x01, 0x00, 0x05, 0x74, 0x45, 0x9c, 0xa3, 0x00, 0x0b, 0x00, 0x00, 0x00, \
  0x01, 0x00, 0x00, 0x00, 0x01, 0x00, 0x07, 0xe2, 0x04, 0x64, 0xd5, 0xf1, 0xb0, 0x40, 0xf4, 0x42, \
  0x6b, 0x08, 0x3e, 0xfd, 0xfd, 0xc1, 0x75, 0x59, 0x26, 0xe2, 0x00, 0x00, 0x43, 0x00, 0x00, 0x00, \
  0xf1, 0x51, 0x02, 0x00, 0x01, 0x00, 0x00, 0x00, 0x00, 0x00, 0x00, 0x00, 0x33, 0x00, 0x00, 0x00, \
  0x02, 0x00, 0x00, 0x00, 0x19, 0x00, 0x00, 0x00, 0x00, 0x00, 0x00, 0x00, 0x01, 0x00, 0xf1, 0x57, \
  0x5f, 0x4b, 0x08, 0xf8, 0x9a, 0xbb, 0x3b, 0x1c, 0x46, 0x2c, 0x73, 0x44, 0xa1, 0xd9, 0x8a, 0x07, \
  0xf8, 0x00, 0x00, 0x00, 0x0b, 0x00, 0x00, 0x00, 0x01, 0x00, 0x00, 0x00, 0x01, 0x00, 0x07, 0x78, \
  0x3e, 0x8e, 0x29, 0x00, 0x92, 0x06, 0x00, 0x00, 0x0c, 0x00, 0x00, 0x00, 0xf2, 0x7e, 0x53, 0x50, \
  0xa7, 0x3f, 0xf0, 0xfa, 0xe3, 0xae, 0x8a, 0xef, 0x99, 0x6e, 0xb6, 0x00, 0x1f, 0x01, 0x00, 0x00, \
  0xf2, 0x51, 0x02, 0x00, 0x22, 0x00, 0x00, 0x00, 0x00, 0x00, 0x00, 0x00, 0x1a, 0x00, 0x00, 0x00, \
  0x73, 0x70, 0x61, 0x74, 0x69, 0x61, 0x6c, 0x3a, 0x3a, 0x64, 0x69, 0x73, 0x63, 0x6f, 0x3a, 0x3a, \
  0x54, 0x72, 0x61, 0x6e, 0x73, 0x66, 0x6f, 0x72, 0x6d, 0x00, 0x00, 0x00, 0xef, 0x00, 0x00, 0x00, \
  0x06, 0x00, 0x00, 0x00, 0x23, 0x00, 0x00, 0x00, 0x00, 0x00, 0x00, 0x00, 0x01, 0x00, 0xf2, 0xe0, \
  0x05, 0x25, 0x6f, 0x56, 0x5c, 0x85, 0x7d, 0x1a, 0x24, 0xf0, 0xc1, 0xbd, 0x10, 0x00, 0x00, 0x00, \
  0x05, 0x00, 0x00, 0x00, 0x66, 0x72, 0x6f, 0x6d, 0x00, 0x00, 0x00, 0x00, 0x21, 0x00, 0x00, 0x00, \
  0x01, 0x00, 0x00, 0x00, 0x01, 0x00, 0xf2, 0xe0, 0x05, 0x25, 0x6f, 0x56, 0x5c, 0x85, 0x7d, 0x1a, \
  0x24, 0xf0, 0xc1, 0xbd, 0x10, 0x00, 0x00, 0x00, 0x03, 0x00, 0x00, 0x00, 0x74, 0x6f, 0x00, 0x00, \
  0x00, 0x00, 0x00, 0x00, 0x23, 0x00, 0x00, 0x00, 0x02, 0x00, 0x00, 0x00, 0x01, 0x00, 0xf2, 0x9c, \
  0xe9, 0xa6, 0x9e, 0x6b, 0x3d, 0x5f, 0xd8, 0x0f, 0x3f, 0x80, 0xf8, 0xdc, 0x5b, 0x00, 0x00, 0x00, \
  0x05, 0x00, 0x00, 0x00, 0x70, 0x6f, 0x73, 0x65, 0x00, 0x00, 0x00, 0x00, 0x24, 0x00, 0x00, 0x00, \
  0x03, 0x00, 0x00, 0x00, 0x01, 0x00, 0xf2, 0xb7, 0xe0, 0x95, 0xff, 0x1d, 0x45, 0x4d, 0x98, 0xde, \
  0x9c, 0xe1, 0x91, 0xd9, 0x58, 0x00, 0x00, 0x00, 0x06, 0x00, 0x00, 0x00, 0x73, 0x74, 0x61, 0x6d, \
  0x70, 0x00, 0x00, 0x00, 0x1b, 0x00, 0x00, 0x00, 0x04, 0x00, 0x00, 0x00, 0x01, 0x00, 0x01, 0x00, \
  0x0d, 0x00, 0x00, 0x00, 0x68, 0x61, 0x73, 0x5f, 0x76, 0x61, 0x6c, 0x69, 0x64, 0x69, 0x74, 0x79, \
  0x00, 0x00, 0x00, 0x00, 0x27, 0x00, 0x00, 0x00, 0x05, 0x00, 0x00, 0x00, 0x01, 0x00, 0xf2, 0x87, \
  0xee, 0x96, 0x5a, 0x72, 0xfd, 0x5f, 0x9a, 0x67, 0xda, 0x7d, 0xc8, 0xa2, 0x5d, 0x00, 0x00, 0x00, \
  0x09, 0x00, 0x00, 0x00, 0x76, 0x61, 0x6c, 0x69, 0x64, 0x69, 0x74, 0x79, 0x00, 0x00, 0x00, 0xf2, \
  0xe0, 0x05, 0x25, 0x6f, 0x56, 0x5c, 0x85, 0x7d, 0x1a, 0x24, 0xf0, 0xc1, 0xbd, 0x10, 0x00, 0x00, \
  0x43, 0x00, 0x00, 0x00, 0xf2, 0x30, 0x00, 0x00, 0x21, 0x00, 0x00, 0x00, 0x00, 0x00, 0x00, 0x00, \
  0x19, 0x00, 0x00, 0x00, 0x73, 0x70, 0x61, 0x74, 0x69, 0x61, 0x6c, 0x3a, 0x3a, 0x64, 0x69, 0x73, \
  0x63, 0x6f, 0x3a, 0x3a, 0x46, 0x72, 0x61, 0x6d, 0x65, 0x52, 0x65, 0x66, 0x00, 0x00, 0x00, 0x00, \
  0x13, 0x00, 0x00, 0x00, 0x00, 0x00, 0xf2, 0x31, 0x10, 0x0b, 0x3d, 0x14, 0x9a, 0xc3, 0x73, 0x58, \
  0xa2, 0x3c, 0xd8, 0xdf, 0x0d, 0x00, 0x00, 0xf2, 0x31, 0x10, 0x0b, 0x3d, 0x14, 0x9a, 0xc3, 0x73, \
  0x58, 0xa2, 0x3c, 0xd8, 0xdf, 0x0d, 0x00, 0x00, 0x3f, 0x00, 0x00, 0x00, 0xf2, 0x30, 0x00, 0x00, \
  0x20, 0x00, 0x00, 0x00, 0x00, 0x00, 0x00, 0x00, 0x18, 0x00, 0x00, 0x00, 0x73, 0x70, 0x61, 0x74, \
  0x69, 0x61, 0x6c, 0x3a, 0x3a, 0x63, 0x6f, 0x72, 0x65, 0x3a, 0x3a, 0x46, 0x72, 0x61, 0x6d, 0x65, \
  0x52, 0x65, 0x66, 0x00, 0x13, 0x00, 0x00, 0x00, 0x00, 0x00, 0xf2, 0x65, 0x97, 0x0c, 0xfc, 0xac, \
  0x6c, 0x04, 0x48, 0xe7, 0x4d, 0x43, 0x89, 0x52, 0x31, 0x00, 0x00, 0xf2, 0x65, 0x97, 0x0c, 0xfc, \
  0xac, 0x6c, 0x04, 0x48, 0xe7, 0x4d, 0x43, 0x89, 0x52, 0x31, 0x00, 0x00, 0xbf, 0x00, 0x00, 0x00, \
  0xf2, 0x51, 0x02, 0x00, 0x22, 0x00, 0x00, 0x00, 0x00, 0x00, 0x00, 0x00, 0x1a, 0x00, 0x00, 0x00, \
  0x73, 0x70, 0x61, 0x74, 0x69, 0x61, 0x6c, 0x3a, 0x3a, 0x63, 0x6f, 0x6d, 0x6d, 0x6f, 0x6e, 0x3a, \
  0x3a, 0x46, 0x72, 0x61, 0x6d, 0x65, 0x52, 0x65, 0x66, 0x00, 0x00, 0x00, 0x8f, 0x00, 0x00, 0x00, \
  0x04, 0x00, 0x00, 0x00, 0x13, 0x00, 0x00, 0x00, 0x00, 0x00, 0x00, 0x00, 0x01, 0x00, 0x70, 0x00, \
  0x05, 0x00, 0x00, 0x00, 0x75, 0x75, 0x69, 0x64, 0x00, 0x00, 0x00, 0x00, 0x12, 0x00, 0x00, 0x00, \
  0x01, 0x00, 0x00, 0x00, 0x01, 0x00, 0x70, 0x00, 0x04, 0x00, 0x00, 0x00, 0x66, 0x71, 0x6e, 0x00, \
  0x00, 0x00, 0x00, 0x00, 0x23, 0x00, 0x00, 0x00, 0x02, 0x00, 0x00, 0x00, 0x01, 0x00, 0x01, 0x00, \
  0x15, 0x00, 0x00, 0x00, 0x68, 0x61, 0x73, 0x5f, 0x63, 0x6f, 0x6f, 0x72, 0x64, 0x5f, 0x63, 0x6f, \
  0x6e, 0x76, 0x65, 0x6e, 0x74, 0x69, 0x6f, 0x6e, 0x00, 0x00, 0x00, 0x00, 0x2f, 0x00, 0x00, 0x00, \
  0x03, 0x00, 0x00, 0x00, 0x01, 0x00, 0xf2, 0x35, 0x6a, 0x2d, 0x76, 0xb1, 0xf8, 0x99, 0xe0, 0x65, \
  0xf5, 0xa6, 0x42, 0x18, 0x51, 0x00, 0x00, 0x00, 0x11, 0x00, 0x00, 0x00, 0x63, 0x6f, 0x6f, 0x72, \
  0x64, 0x5f, 0x63, 0x6f, 0x6e, 0x76, 0x65, 0x6e, 0x74, 0x69, 0x6f, 0x6e, 0x00, 0x00, 0x00, 0xf2, \
  0x35, 0x6a, 0x2d, 0x76, 0xb1, 0xf8, 0x99, 0xe0, 0x65, 0xf5, 0xa6, 0x42, 0x18, 0x51, 0x00, 0x00, \
  0xec, 0x00, 0x00, 0x00, 0xf2, 0x40, 0x01, 0x00, 0x29, 0x00, 0x00, 0x00, 0x20, 0x00, 0x00, 0x00, \
  0x21, 0x00, 0x00, 0x00, 0x73, 0x70, 0x61, 0x74, 0x69, 0x61, 0x6c, 0x3a, 0x3a, 0x63, 0x6f, 0x6d, \
  0x6d, 0x6f, 0x6e, 0x3a, 0x3a, 0x43, 0x6f, 0x6f, 0x72, 0x64, 0x43, 0x6f, 0x6e, 0x76, 0x65, 0x6e, \
  0x74, 0x69, 0x6f, 0x6e, 0x00, 0x00, 0x00, 0x00, 0xb4, 0x00, 0x00, 0x00, 0x06, 0x00, 0x00, 0x00, \
  0x16, 0x00, 0x00, 0x00, 0x06, 0x00, 0x00, 0x00, 0x00, 0x00, 0x00, 0x00, 0x40, 0x00, 0x00, 0x00, \
  0x04, 0x00, 0x00, 0x00, 0x45, 0x4e, 0x55, 0x00, 0x00, 0x00, 0x00, 0x00, 0x15, 0x00, 0x00, 0x00, \
  0x06, 0x00, 0x00, 0x00, 0x01, 0x00, 0x00, 0x00, 0x00, 0x00, 0x00, 0x00, 0x03, 0x00, 0x00, 0x00, \
  0x43, 0x56, 0x00, 0x00, 0x00, 0x00, 0x00, 0x00, 0x1b, 0x00, 0x00, 0x00, 0x06, 0x00, 0x00, 0x00, \
  0x02, 0x00, 0x00, 0x00, 0x00, 0x00, 0x00, 0x00, 0x09, 0x00, 0x00, 0x00, 0x47, 0x52, 0x41, 0x50, \
  0x48, 0x49, 0x43, 0x53, 0x00, 0x00, 0x00, 0x00, 0x1b, 0x00, 0x00, 0x00, 0x06, 0x00, 0x00, 0x00, \
  0x03, 0x00, 0x00, 0x00, 0x00, 0x00, 0x00, 0x00, 0x09, 0x00, 0x00, 0x00, 0x55, 0x4e, 0x49, 0x54, \
  0x59, 0x5f, 0x4c, 0x48, 0x00, 0x00, 0x00, 0x00, 0x16, 0x00, 0x00, 0x00, 0x06, 0x00, 0x00, 0x00, \
  0x04, 0x00, 0x00, 0x00, 0x00, 0x00, 0x00, 0x00, 0x04, 0x00, 0x00, 0x00, 0x4e, 0x45, 0x44, 0x00, \
  0x00, 0x00, 0x00, 0x00, 0x18, 0x00, 0x00, 0x00, 0x06, 0x00, 0x00, 0x00, 0x05, 0x00, 0x00, 0x00, \
  0x00, 0x00, 0x00, 0x00, 0x06, 0x00, 0x00, 0x00, 0x4f, 0x54, 0x48, 0x45, 0x52, 0x00, 0x00, 0x00, \
  0xf2, 0x9c, 0xe9, 0xa6, 0x9e, 0x6b, 0x3d, 0x5f, 0xd8, 0x0f, 0x3f, 0x80, 0xf8, 0xdc, 0x5b, 0x00, \
  0x3f, 0x00, 0x00, 0x00, 0xf2, 0x30, 0x00, 0x00, 0x20, 0x00, 0x00, 0x00, 0x00, 0x00, 0x00, 0x00, \
  0x18, 0x00, 0x00, 0x00, 0x73, 0x70, 0x61, 0x74, 0x69, 0x61, 0x6c, 0x3a, 0x3a, 0x64, 0x69, 0x73, \
  0x63, 0x6f, 0x3a, 0x3a, 0x50, 0x6f, 0x73, 0x65, 0x53, 0x45, 0x33, 0x00, 0x13, 0x00, 0x00, 0x00, \
  0x00, 0x00, 0xf2, 0xe3, 0xd5, 0x05, 0xab, 0xbf, 0x1d, 0xee, 0x39, 0x9f, 0x75, 0x3c, 0xbd, 0xfd, \
  0xf6, 0x00, 0x00, 0xf2, 0xe3, 0xd5, 0x05, 0xab, 0xbf, 0x1d, 0xee, 0x39, 0x9f, 0x75, 0x3c, 0xbd, \
  0xfd, 0xf6, 0x00, 0x00, 0x78, 0x00, 0x00, 0x00, 0xf2, 0x51, 0x02, 0x00, 0x1f, 0x00, 0x00, 0x00, \
  0x00, 0x00, 0x00, 0x00, 0x17, 0x00, 0x00, 0x00, 0x73, 0x70, 0x61, 0x74, 0x69, 0x61, 0x6c, 0x3a, \
  0x3a, 0x63, 0x6f, 0x72, 0x65, 0x3a, 0x3a, 0x50, 0x6f, 0x73, 0x65, 0x53, 0x45, 0x33, 0x00, 0x00, \
  0x4c, 0x00, 0x00, 0x00, 0x02, 0x00, 0x00, 0x00, 0x20, 0x00, 0x00, 0x00, 0x00, 0x00, 0x00, 0x00, \
  0x01, 0x00, 0xf2, 0x48, 0xfc, 0x98, 0x78, 0x6e, 0x5f, 0x45, 0x5f, 0xdf, 0xbc, 0x9e, 0xb3, 0xa3, \
  0xde, 0x00, 0x00, 0x00, 0x02, 0x00, 0x00, 0x00, 0x74, 0x00, 0x00, 0x00, 0x20, 0x00, 0x00, 0x00, \
  0x01, 0x00, 0x00, 0x00, 0x01, 0x00, 0xf2, 0x32, 0x31, 0xaf, 0x29, 0x08, 0xbd, 0x3e, 0x15, 0x04, \
  0x4d, 0x58, 0x91, 0xfc, 0xc8, 0x00, 0x00, 0x00, 0x02, 0x00, 0x00, 0x00, 0x71, 0x00, 0x00, 0x00, \
  0xf2, 0x48, 0xfc, 0x98, 0x78, 0x6e, 0x5f, 0x45, 0x5f, 0xdf, 0xbc, 0x9e, 0xb3, 0xa3, 0xde, 0x00, \
  0x3c, 0x00, 0x00, 0x00, 0xf2, 0x30, 0x00, 0x00, 0x1e, 0x00, 0x00, 0x00, 0x00, 0x00, 0x00, 0x00, \
  0x16, 0x00, 0x00, 0x00, 0x73, 0x70, 0x61, 0x74, 0x69, 0x61, 0x6c, 0x3a, 0x3a, 0x63, 0x6f, 0x6d, \
  0x6d, 0x6f, 0x6e, 0x3a, 0x3a, 0x56, 0x65, 0x63, 0x33, 0x00, 0x00, 0x00, 0x10, 0x00, 0x00, 0x00, \
  0x00, 0x00, 0x90, 0xf3, 0x01, 0x00, 0x00, 0x00, 0x01, 0x00, 0x00, 0x00, 0x03, 0x0a, 0x00, 0x00, \
  0xf2, 0x32, 0x31, 0xaf, 0x29, 0x08, 0xbd, 0x3e, 0x15, 0x04, 0x4d, 0x58, 0x91, 0xfc, 0xc8, 0x00, \
  0x44, 0x00, 0x00, 0x00, 0xf2, 0x30, 0x00, 0x00, 0x28, 0x00, 0x00, 0x00, 0x00, 0x00, 0x00, 0x00, \
  0x20, 0x00, 0x00, 0x00, 0x73, 0x70, 0x61, 0x74, 0x69, 0x61, 0x6c, 0x3a, 0x3a, 0x63, 0x6f, 0x6d, \
  0x6d, 0x6f, 0x6e, 0x3a, 0x3a, 0x51, 0x75, 0x61, 0x74, 0x65, 0x72, 0x6e, 0x69, 0x6f, 0x6e, 0x58, \
  0x59, 0x5a, 0x57, 0x00, 0x10, 0x00, 0x00, 0x00, 0x00, 0x00, 0x90, 0xf3, 0x01, 0x00, 0x00, 0x00, \
  0x01, 0x00, 0x00, 0x00, 0x04, 0x0a, 0x00, 0x00, 0xf2, 0xb7, 0xe0, 0x95, 0xff, 0x1d, 0x45, 0x4d, \
  0x98, 0xde, 0x9c, 0xe1, 0x91, 0xd9, 0x58, 0x00, 0x3f, 0x00, 0x00, 0x00, 0xf2, 0x30, 0x00, 0x00, \
  0x1d, 0x00, 0x00, 0x00, 0x00, 0x00, 0x00, 0x00, 0x15, 0x00, 0x00, 0x00, 0x73, 0x70, 0x61, 0x74, \
  0x69, 0x61, 0x6c, 0x3a, 0x3a, 0x64, 0x69, 0x73, 0x63, 0x6f, 0x3a, 0x3a, 0x54, 0x69, 0x6d, 0x65, \
  0x00, 0x00, 0x00, 0x00, 0x13, 0x00, 0x00, 0x00, 0x00, 0x00, 0xf2, 0x94, 0x49, 0x15, 0x3e, 0x3b, \
  0xcc, 0xbf, 0x99, 0x7f, 0x5f, 0x9a, 0x48, 0x69, 0x55, 0x00, 0x00, 0xf2, 0x94, 0x49, 0x15, 0x3e, \
  0x3b, 0xcc, 0xbf, 0x99, 0x7f, 0x5f, 0x9a, 0x48, 0x69, 0x55, 0x00, 0x00, 0x5a, 0x00, 0x00, 0x00, \
  0xf2, 0x51, 0x02, 0x00, 0x16, 0x00, 0x00, 0x00, 0x00, 0x00, 0x00, 0x00, 0x0e, 0x00, 0x00, 0x00, \
  0x62, 0x75, 0x69, 0x6c, 0x74, 0x69, 0x6e, 0x3a, 0x3a, 0x54, 0x69, 0x6d, 0x65, 0x00, 0x00, 0x00, \
  0x36, 0x00, 0x00, 0x00, 0x02, 0x00, 0x00, 0x00, 0x12, 0x00, 0x00, 0x00, 0x00, 0x00, 0x00, 0x00, \
  0x01, 0x00, 0x05, 0x00, 0x04, 0x00, 0x00, 0x00, 0x73, 0x65, 0x63, 0x00, 0x00, 0x00, 0x00, 0x00, \
  0x16, 0x00, 0x00, 0x00, 0x01, 0x00, 0x00, 0x00, 0x01, 0x00, 0x07, 0x00, 0x08, 0x00, 0x00, 0x00, \
  0x6e, 0x61, 0x6e, 0x6f, 0x73, 0x65, 0x63, 0x00, 0x00, 0x00, 0xf2, 0x87, 0xee, 0x96, 0x5a, 0x72, \
  0xfd, 0x5f, 0x9a, 0x67, 0xda, 0x7d, 0xc8, 0xa2, 0x5d, 0x00, 0x00, 0x00, 0x7a, 0x00, 0x00, 0x00, \
  0xf2, 0x51, 0x02, 0x00, 0x27, 0x00, 0x00, 0x00, 0x00, 0x00, 0x00, 0x00, 0x1f, 0x00, 0x00, 0x00, \
  0x73, 0x70, 0x61, 0x74, 0x69, 0x61, 0x6c, 0x3a, 0x3a, 0x64, 0x69, 0x73, 0x63, 0x6f, 0x3a, 0x3a, \
  0x56, 0x61, 0x6c, 0x69, 0x64, 0x69, 0x74, 0x79, 0x57, 0x69, 0x6e, 0x64, 0x6f, 0x77, 0x00, 0x00, \
  0x46, 0x00, 0x00, 0x00, 0x02, 0x00, 0x00, 0x00, 0x23, 0x00, 0x00, 0x00, 0x00, 0x00, 0x00, 0x00, \
  0x01, 0x00, 0xf2, 0xb7, 0xe0, 0x95, 0xff, 0x1d, 0x45, 0x4d, 0x98, 0xde, 0x9c, 0xe1, 0x91, 0xd9, \
  0x58, 0x00, 0x00, 0x00, 0x05, 0x00, 0x00, 0x00, 0x66, 0x72, 0x6f, 0x6d, 0x00, 0x00, 0x00, 0x00, \
  0x16, 0x00, 0x00, 0x00, 0x01, 0x00, 0x00, 0x00, 0x01, 0x00, 0x07, 0x00, 0x08, 0x00, 0x00, 0x00, \
  0x73, 0x65, 0x63, 0x6f, 0x6e, 0x64, 0x73, 0x00, 0x00, 0x00, 0x00, 0x00, 0x6c, 0x01, 0x00, 0x00, \
  0x0c, 0x00, 0x00, 0x00, 0xf2, 0x7e, 0x53, 0x50, 0xa7, 0x3f, 0xf0, 0xfa, 0xe3, 0xae, 0x8a, 0xef, \
  0x99, 0x6e, 0xb6, 0xf1, 0xd4, 0x6a, 0x65, 0xb6, 0x1a, 0x88, 0xc0, 0xa6, 0x6f, 0xde, 0x98, 0xf5, \
  0x8b, 0x97, 0xf2, 0xe0, 0x05, 0x25, 0x6f, 0x56, 0x5c, 0x85, 0x7d, 0x1a, 0x24, 0xf0, 0xc1, 0xbd, \
  0x10, 0xf1, 0xa6, 0x55, 0x48, 0x0e, 0x0a, 0x08, 0x99, 0x4f, 0xe4, 0x13, 0x37, 0xd3, 0xb5, 0x08, \
  0xf2, 0x31, 0x10, 0x0b, 0x3d, 0x14, 0x9a, 0xc3, 0x73, 0x58, 0xa2, 0x3c, 0xd8, 0xdf, 0x0d, 0xf1, \
  0x07, 0xdf, 0x2d, 0x0b, 0xf4, 0xea, 0xbd, 0x76, 0x34, 0x6f, 0x71, 0xc2, 0x15, 0x99, 0xf2, 0x65, \
  0x97, 0x0c, 0xfc, 0xac, 0x6c, 0x04, 0x48, 0xe7, 0x4d, 0x43, 0x89, 0x52, 0x31, 0xf1, 0xba, 0x3c, \
  0xeb, 0xdf, 0x4e, 0x99, 0x9e, 0x69, 0x58, 0x8e, 0x74, 0xb2, 0xae, 0xcc, 0xf2, 0x35, 0x6a, 0x2d, \
  0x76, 0xb1, 0xf8, 0x99, 0xe0, 0x65, 0xf5, 0xa6, 0x42, 0x18, 0x51, 0xf1, 0xce, 0xfa, 0xd7, 0x48, \
  0xf7, 0x25, 0xa0, 0x47, 0xf9, 0xcb, 0x29, 0x0f, 0x65, 0x6f, 0xf2, 0x9c, 0xe9, 0xa6, 0x9e, 0x6b, \
  0x3d, 0x5f, 0xd8, 0x0f, 0x3f, 0x80, 0xf8, 0xdc, 0x5b, 0xf1, 0xe1, 0x57, 0xce, 0xc6, 0xce, 0x7a, \
  0x33, 0x45, 0x16, 0x1c, 0x8f, 0x6f, 0x4c, 0x26, 0xf2, 0xe3, 0xd5, 0x05, 0xab, 0xbf, 0x1d, 0xee, \
  0x39, 0x9f, 0x75, 0x3c, 0xbd, 0xfd, 0xf6, 0xf1, 0x9b, 0x0a, 0xe1, 0x3c, 0xdf, 0xe7, 0x2d, 0x2d, \
  0xb9, 0x84, 0xf3, 0x65, 0x89, 0x6f, 0xf2, 0x48, 0xfc, 0x98, 0x78, 0x6e, 0x5f, 0x45, 0x5f, 0xdf, \
  0xbc, 0x9e, 0xb3, 0xa3, 0xde, 0xf1, 0xca, 0x17, 0xfa, 0xc2, 0xd2, 0xb0, 0xec, 0x46, 0x95, 0x91, \
  0x10, 0xf9, 0x01, 0x5e, 0xf2, 0x32, 0x31, 0xaf, 0x29, 0x08, 0xbd, 0x3e, 0x15, 0x04, 0x4d, 0x58, \
  0x91, 0xfc, 0xc8, 0xf1, 0x12, 0x69, 0x2f, 0xb5, 0x69, 0x7b, 0xe7, 0x28, 0x99, 0xb2, 0x36, 0x0f, \
  0x3d, 0xa7, 0xf2, 0xb7, 0xe0, 0x95, 0xff, 0x1d, 0x45, 0x4d, 0x98, 0xde, 0x9c, 0xe1, 0x91, 0xd9, \
  0x58, 0xf1, 0x57, 0x5f, 0x4b, 0x08, 0xf8, 0x9a, 0xbb, 0x3b, 0x1c, 0x46, 0x2c, 0x73, 0x44, 0xa1, \
  0xf2, 0x94, 0x49, 0x15, 0x3e, 0x3b, 0xcc, 0xbf, 0x99, 0x7f, 0x5f, 0x9a, 0x48, 0x69, 0x55, 0xf1, \
  0x46, 0x07, 0x51, 0x88, 0x68, 0x07, 0x8e, 0x86, 0x24, 0xf2, 0x43, 0x0b, 0xe8, 0x46, 0xf2, 0x87, \
  0xee, 0x96, 0x5a, 0x72, 0xfd, 0x5f, 0x9a, 0x67, 0xda, 0x7d, 0xc8, 0xa2, 0x5d, 0xf1, 0xb0, 0x40, \
  0xf4, 0x42, 0x6b, 0x08, 0x3e, 0xfd, 0xfd, 0xc1, 0x75, 0x59, 0x26, 0xe2\
}
#define TYPE_MAP_CDR_SZ_spatial_disco_Transform 3100u
const dds_topic_descriptor_t spatial_disco_Transform_desc =
{
  .m_size = sizeof (spatial_disco_Transform),
  .m_align = dds_alignof (spatial_disco_Transform),
  .m_flagset = DDS_TOPIC_XTYPES_METADATA,
  .m_nkeys = 0u,
  .m_typename = "spatial::disco::Transform",
  .m_keys = NULL,
  .m_nops = sizeof (spatial_disco_Transform_ops) / sizeof (spatial_disco_Transform_ops[0]),
  .m_ops = spatial_disco_Transform_ops,
  .m_meta = "",
  .type_information = { .data = TYPE_INFO_CDR_spatial_disco_Transform, .sz = TYPE_INFO_CDR_SZ_spatial_disco_Transform },
  .type_mapping = { .data = TYPE_MAP_CDR_spatial_disco_Transform, .sz = TYPE_MAP_CDR_SZ_spatial_disco_Transform }
};

#if defined(_MSC_VER) && (_MSC_VER > 1943)
__pragma(warning(push))
__pragma(warning(disable: 5287))
#endif
static const uint32_t spatial_disco_Announce_ops [] =
{
  /* Announce */
  DDS_OP_DLC,
  DDS_OP_ADR | DDS_OP_FLAG_KEY | DDS_OP_TYPE_STR, offsetof (spatial_disco_Announce, service_id),
  DDS_OP_ADR | DDS_OP_TYPE_STR, offsetof (spatial_disco_Announce, name),
  DDS_OP_ADR | DDS_OP_TYPE_ENU | (2 << DDS_OP_FLAG_SZ_SHIFT), offsetof (spatial_disco_Announce, kind), 7u,
  DDS_OP_ADR | DDS_OP_TYPE_STR, offsetof (spatial_disco_Announce, version),
  DDS_OP_ADR | DDS_OP_TYPE_STR, offsetof (spatial_disco_Announce, org),
  DDS_OP_ADR | DDS_OP_TYPE_BSQ | DDS_OP_SUBTYPE_STU, offsetof (spatial_disco_Announce, hints), 32u, sizeof (spatial_disco_KV), (5u << 16u) + 41u /* KV */,
  DDS_OP_ADR | DDS_OP_TYPE_EXT, offsetof (spatial_disco_Announce, caps), (3u << 16u) + 42u /* Capabilities */,
  DDS_OP_ADR | DDS_OP_TYPE_BSQ | DDS_OP_SUBTYPE_STU, offsetof (spatial_disco_Announce, topics), 128u, sizeof (spatial_disco_TopicMeta), (5u << 16u) + 62u /* TopicMeta */,
  DDS_OP_ADR | DDS_OP_TYPE_BSQ | DDS_OP_SUBTYPE_STU, offsetof (spatial_disco_Announce, coverage), 16u, sizeof (spatial_disco_CoverageElement), (5u << 16u) + 71u /* CoverageElement */,
  DDS_OP_ADR | DDS_OP_TYPE_EXT, offsetof (spatial_disco_Announce, coverage_frame_ref), (3u << 16u) + 105u /* FrameRef */,
  DDS_OP_ADR | DDS_OP_TYPE_BLN, offsetof (spatial_disco_Announce, has_coverage_eval_time),
  DDS_OP_ADR | DDS_OP_TYPE_EXT, offsetof (spatial_disco_Announce, coverage_eval_time), (3u << 16u) + 111u /* Time */,
  DDS_OP_ADR | DDS_OP_TYPE_BSQ | DDS_OP_SUBTYPE_STU, offsetof (spatial_disco_Announce, transforms), 8u, sizeof (spatial_disco_Transform), (5u << 16u) + 114u /* Transform */,
  DDS_OP_ADR | DDS_OP_TYPE_STR, offsetof (spatial_disco_Announce, manifest_uri),
  DDS_OP_ADR | DDS_OP_TYPE_STR, offsetof (spatial_disco_Announce, auth_hint),
  DDS_OP_ADR | DDS_OP_TYPE_EXT, offsetof (spatial_disco_Announce, stamp), (3u << 16u) + 99u /* Time */,
  DDS_OP_ADR | DDS_OP_TYPE_4BY, offsetof (spatial_disco_Announce, ttl_sec),
  DDS_OP_RTS,

  /* KV */
  DDS_OP_DLC,
  DDS_OP_ADR | DDS_OP_TYPE_STR, offsetof (spatial_disco_KV, key),
  DDS_OP_ADR | DDS_OP_TYPE_STR, offsetof (spatial_disco_KV, value),
  DDS_OP_RTS,

  /* Capabilities */
  DDS_OP_DLC,
  DDS_OP_ADR | DDS_OP_TYPE_BSQ | DDS_OP_SUBTYPE_STU, offsetof (spatial_disco_Capabilities, supported_profiles), 64u, sizeof (spatial_disco_ProfileSupport), (5u << 16u) + 12u /* ProfileSupport */,
  DDS_OP_ADR | DDS_OP_TYPE_BSQ | DDS_OP_SUBTYPE_STR, offsetof (spatial_disco_Capabilities, preferred_profiles), 32u,
  DDS_OP_ADR | DDS_OP_TYPE_BSQ | DDS_OP_SUBTYPE_STR, offsetof (spatial_disco_Capabilities, features), 64u,
  DDS_OP_RTS,

  /* ProfileSupport */
  DDS_OP_DLC,
  DDS_OP_ADR | DDS_OP_TYPE_STR, offsetof (spatial_disco_ProfileSupport, name),
  DDS_OP_ADR | DDS_OP_TYPE_4BY, offsetof (spatial_disco_ProfileSupport, major),
  DDS_OP_ADR | DDS_OP_TYPE_4BY, offsetof (spatial_disco_ProfileSupport, min_minor),
  DDS_OP_ADR | DDS_OP_TYPE_4BY, offsetof (spatial_disco_ProfileSupport, max_minor),
  DDS_OP_RTS,

  /* TopicMeta */
  DDS_OP_DLC,
  DDS_OP_ADR | DDS_OP_TYPE_STR, offsetof (spatial_disco_TopicMeta, name),
  DDS_OP_ADR | DDS_OP_TYPE_STR, offsetof (spatial_disco_TopicMeta, type),
  DDS_OP_ADR | DDS_OP_TYPE_STR, offsetof (spatial_disco_TopicMeta, version),
  DDS_OP_ADR | DDS_OP_TYPE_STR, offsetof (spatial_disco_TopicMeta, qos_profile),
  DDS_OP_ADR | DDS_OP_TYPE_4BY | DDS_OP_FLAG_FP, offsetof (spatial_disco_TopicMeta, target_rate_hz),
  DDS_OP_ADR | DDS_OP_TYPE_4BY, offsetof (spatial_disco_TopicMeta, max_chunk_bytes),
  DDS_OP_RTS,

  /* CoverageElement */
  DDS_OP_DLC,
  DDS_OP_ADR | DDS_OP_TYPE_BLN, offsetof (spatial_disco_CoverageElement, has_crs),
  DDS_OP_ADR | DDS_OP_TYPE_STR, offsetof (spatial_disco_CoverageElement, crs),
  DDS_OP_ADR | DDS_OP_TYPE_BLN, offsetof (spatial_disco_CoverageElement, has_bbox),
  DDS_OP_ADR | DDS_OP_TYPE_ARR | DDS_OP_SUBTYPE_8BY | DDS_OP_FLAG_FP, offsetof (spatial_disco_CoverageElement, bbox), 4u,
  DDS_OP_ADR | DDS_OP_TYPE_BLN, offsetof (spatial_disco_CoverageElement, has_aabb),
  DDS_OP_ADR | DDS_OP_TYPE_EXT, offsetof (spatial_disco_CoverageElement, aabb), (3u << 16u) + 19u /* Aabb3 */,
  DDS_OP_ADR | DDS_OP_TYPE_BLN, offsetof (spatial_disco_CoverageElement, global),
  DDS_OP_ADR | DDS_OP_TYPE_BLN, offsetof (spatial_disco_CoverageElement, has_frame_ref),
  DDS_OP_ADR | DDS_OP_TYPE_EXT, offsetof (spatial_disco_CoverageElement, frame_ref), (3u << 16u) + 20u /* FrameRef */,
  DDS_OP_ADR | DDS_OP_TYPE_BLN, offsetof (spatial_disco_CoverageElement, has_coverage_window),
  DDS_OP_ADR | DDS_OP_TYPE_EXT, offsetof (spatial_disco_CoverageElement, coverage_window_start), (3u << 16u) + 26u /* Time */,
  DDS_OP_ADR | DDS_OP_TYPE_EXT, offsetof (spatial_disco_CoverageElement, coverage_window_end), (3u << 16u) + 23u /* Time */,
  DDS_OP_RTS,

  /* Aabb3 */
  DDS_OP_DLC,
  DDS_OP_ADR | DDS_OP_TYPE_ARR | DDS_OP_SUBTYPE_8BY | DDS_OP_FLAG_FP, offsetof (spatial_core_Aabb3, min_xyz), 3u,
  DDS_OP_ADR | DDS_OP_TYPE_ARR | DDS_OP_SUBTYPE_8BY | DDS_OP_FLAG_FP, offsetof (spatial_core_Aabb3, max_xyz), 3u,
  DDS_OP_RTS,

  /* FrameRef */
  DDS_OP_DLC,
  DDS_OP_ADR | DDS_OP_TYPE_STR, offsetof (spatial_common_FrameRef, uuid),
  DDS_OP_ADR | DDS_OP_TYPE_STR, offsetof (spatial_common_FrameRef, fqn),
  DDS_OP_ADR | DDS_OP_TYPE_BLN, offsetof (spatial_common_FrameRef, has_coord_convention),
  DDS_OP_ADR | DDS_OP_TYPE_ENU | (2 << DDS_OP_FLAG_SZ_SHIFT), offsetof (spatial_common_FrameRef, coord_convention), 5u,
  DDS_OP_RTS,

  /* Time */
  DDS_OP_DLC,
  DDS_OP_ADR | DDS_OP_TYPE_8BY | DDS_OP_FLAG_SGN, offsetof (builtin_Time, sec),
  DDS_OP_ADR | DDS_OP_TYPE_4BY, offsetof (builtin_Time, nanosec),
  DDS_OP_RTS,

  /* Transform */
  DDS_OP_DLC,
  DDS_OP_ADR | DDS_OP_TYPE_EXT, offsetof (spatial_disco_Transform, from), (3u << 16u) + 65518u /* FrameRef */,
  DDS_OP_ADR | DDS_OP_TYPE_EXT, offsetof (spatial_disco_Transform, to), (3u << 16u) + 65515u /* FrameRef */,
  DDS_OP_ADR | DDS_OP_TYPE_EXT, offsetof (spatial_disco_Transform, pose), (3u << 16u) + 12u /* PoseSE3 */,
  DDS_OP_ADR | DDS_OP_TYPE_EXT, offsetof (spatial_disco_Transform, stamp), (3u << 16u) + 65520u /* Time */,
  DDS_OP_ADR | DDS_OP_TYPE_BLN, offsetof (spatial_disco_Transform, has_validity),
  DDS_OP_ADR | DDS_OP_TYPE_EXT, offsetof (spatial_disco_Transform, validity), (3u << 16u) + 12u /* ValidityWindow */,
  DDS_OP_RTS,

  /* PoseSE3 */
  DDS_OP_DLC,
  DDS_OP_ADR | DDS_OP_TYPE_ARR | DDS_OP_SUBTYPE_8BY | DDS_OP_FLAG_FP, offsetof (spatial_core_PoseSE3, t), 3u,
  DDS_OP_ADR | DDS_OP_TYPE_ARR | DDS_OP_SUBTYPE_8BY | DDS_OP_FLAG_FP, offsetof (spatial_core_PoseSE3, q), 4u,
  DDS_OP_RTS,

  /* ValidityWindow */
  DDS_OP_DLC,
  DDS_OP_ADR | DDS_OP_TYPE_EXT, offsetof (spatial_disco_ValidityWindow, from), (3u << 16u) + 65502u /* Time */,
  DDS_OP_ADR | DDS_OP_TYPE_4BY, offsetof (spatial_disco_ValidityWindow, seconds),
  DDS_OP_RTS,
  
  /* key: service_id */
  DDS_OP_KOF | 1, 1u /* order: 0 */
};

#if defined(_MSC_VER) && (_MSC_VER > 1943)
__pragma(warning(pop))
#endif
static const dds_key_descriptor_t spatial_disco_Announce_keys[1] =
{
  { "service_id", 186, 0 }
};

/* Type Information:
  [MINIMAL 0102eec1007a2f88271e4927adbd] (#deps: 21)
   - [MINIMAL 5e2a9068d99bfce3b66820bfadd1]
   - [MINIMAL 57e83be010c8f41ae72b1847cbdb]
   - [MINIMAL 0919c416d70ba2c87391ad066428]
   - [MINIMAL 355bf1a4c047fbd8f50dcf576291]
   - [MINIMAL 1ec8a3fca3fedbe0434604133b42]
   - [MINIMAL e94a7a2852d42aede3cf7ef8ea8a]
   - [MINIMAL 12692fb5697be72899b2360f3da7]
   - [MINIMAL c71e1d7625c25777b110e6f03da3]
   - [MINIMAL c3456b543978189cb46e911d7312]
   - [MINIMAL ca17fac2d2b0ec46959110f9015e]
   - [MINIMAL a655480e0a08994fe41337d3b508]
   - [MINIMAL 07df2d0bf4eabd76346f71c21599]
   - [MINIMAL ba3cebdf4e999e69588e74b2aecc]
   - [MINIMAL cefad748f725a047f9cb290f656f]
   - [MINIMAL 575f4b08f89abb3b1c462c7344a1]
   - [MINIMAL 4607518868078e8624f2430be846]
   - [MINIMAL d46a65b61a88c0a66fde98f58b97]
   - [MINIMAL e157cec6ce7a3345161c8f6f4c26]
   - [MINIMAL 9b0ae13cdfe72d2db984f365896f]
   - [MINIMAL b040f4426b083efdfdc1755926e2]
   - [MINIMAL ed1fa2383bf616b5a3736bfe95da]
  [COMPLETE c3fd913e4c0435f87e097dd6b9bb] (#deps: 22)
   - [COMPLETE 95e0914a1cd7ee0c7269b885c20b]
   - [COMPLETE 10b2346e9be7c553c41e43506ac6]
   - [COMPLETE 3f9d880b0314209f30e3e638ea53]
   - [COMPLETE a9620716ae63961d0ec63f409f90]
   - [COMPLETE 095617309a74df77961cddd5e48e]
   - [COMPLETE 33314803c02a9f034f40d593d3d5]
   - [COMPLETE 91380cdef8678fc88ba28362e5a7]
   - [COMPLETE aaeadbbe207326708faa55e25742]
   - [COMPLETE c4ed19ab3c9234f6cbcb4887bd12]
   - [COMPLETE 48fc98786e5f455fdfbc9eb3a3de]
   - [COMPLETE e005256f565c857d1a24f0c1bd10]
   - [COMPLETE 31100b3d149ac37358a23cd8df0d]
   - [COMPLETE 65970cfcac6c0448e74d43895231]
   - [COMPLETE 356a2d76b1f899e065f5a6421851]
   - [COMPLETE b7e095ff1d454d98de9ce191d958]
   - [COMPLETE 9449153e3bccbf997f5f9a486955]
   - [COMPLETE 7e5350a73ff0fae3ae8aef996eb6]
   - [COMPLETE 9ce9a69e6b3d5fd80f3f80f8dc5b]
   - [COMPLETE e3d505abbf1dee399f753cbdfdf6]
   - [COMPLETE 3231af2908bd3e15044d5891fcc8]
   - [COMPLETE 87ee965a72fd5f9a67da7dc8a25d]
   - [COMPLETE 1d8d59b6800851a42ca5d5123fb5]
*/
#define TYPE_INFO_CDR_spatial_disco_Announce (const unsigned char []){ \
  0x68, 0x04, 0x00, 0x00, 0x01, 0x10, 0x00, 0x40, 0x20, 0x02, 0x00, 0x00, 0x1c, 0x02, 0x00, 0x00, \
  0x14, 0x00, 0x00, 0x00, 0xf1, 0x01, 0x02, 0xee, 0xc1, 0x00, 0x7a, 0x2f, 0x88, 0x27, 0x1e, 0x49, \
  0x27, 0xad, 0xbd, 0x00, 0xd7, 0x01, 0x00, 0x00, 0x15, 0x00, 0x00, 0x00, 0xfc, 0x01, 0x00, 0x00, \
  0x15, 0x00, 0x00, 0x00, 0x14, 0x00, 0x00, 0x00, 0xf1, 0x5e, 0x2a, 0x90, 0x68, 0xd9, 0x9b, 0xfc, \
  0xe3, 0xb6, 0x68, 0x20, 0xbf, 0xad, 0xd1, 0x00, 0xb6, 0x00, 0x00, 0x00, 0x14, 0x00, 0x00, 0x00, \
  0xf1, 0x57, 0xe8, 0x3b, 0xe0, 0x10, 0xc8, 0xf4, 0x1a, 0xe7, 0x2b, 0x18, 0x47, 0xcb, 0xdb, 0x00, \
  0x38, 0x00, 0x00, 0x00, 0x14, 0x00, 0x00, 0x00, 0xf1, 0x09, 0x19, 0xc4, 0x16, 0xd7, 0x0b, 0xa2, \
  0xc8, 0x73, 0x91, 0xad, 0x06, 0x64, 0x28, 0x00, 0x69, 0x00, 0x00, 0x00, 0x14, 0x00, 0x00, 0x00, \
  0xf1, 0x35, 0x5b, 0xf1, 0xa4, 0xc0, 0x47, 0xfb, 0xd8, 0xf5, 0x0d, 0xcf, 0x57, 0x62, 0x91, 0x00, \
  0x57, 0x00, 0x00, 0x00, 0x14, 0x00, 0x00, 0x00, 0xf1, 0x1e, 0xc8, 0xa3, 0xfc, 0xa3, 0xfe, 0xdb, \
  0xe0, 0x43, 0x46, 0x04, 0x13, 0x3b, 0x42, 0x00, 0x77, 0x00, 0x00, 0x00, 0x14, 0x00, 0x00, 0x00, \
  0xf1, 0xe9, 0x4a, 0x7a, 0x28, 0x52, 0xd4, 0x2a, 0xed, 0xe3, 0xcf, 0x7e, 0xf8, 0xea, 0x8a, 0x00, \
  0x25, 0x01, 0x00, 0x00, 0x14, 0x00, 0x00, 0x00, 0xf1, 0x12, 0x69, 0x2f, 0xb5, 0x69, 0x7b, 0xe7, \
  0x28, 0x99, 0xb2, 0x36, 0x0f, 0x3d, 0xa7, 0x00, 0x1e, 0x00, 0x00, 0x00, 0x14, 0x00, 0x00, 0x00, \
  0xf1, 0xc7, 0x1e, 0x1d, 0x76, 0x25, 0xc2, 0x57, 0x77, 0xb1, 0x10, 0xe6, 0xf0, 0x3d, 0xa3, 0x00, \
  0x21, 0x00, 0x00, 0x00, 0x14, 0x00, 0x00, 0x00, 0xf1, 0xc3, 0x45, 0x6b, 0x54, 0x39, 0x78, 0x18, \
  0x9c, 0xb4, 0x6e, 0x91, 0x1d, 0x73, 0x12, 0x00, 0x55, 0x00, 0x00, 0x00, 0x14, 0x00, 0x00, 0x00, \
  0xf1, 0xca, 0x17, 0xfa, 0xc2, 0xd2, 0xb0, 0xec, 0x46, 0x95, 0x91, 0x10, 0xf9, 0x01, 0x5e, 0x00, \
  0x1e, 0x00, 0x00, 0x00, 0x14, 0x00, 0x00, 0x00, 0xf1, 0xa6, 0x55, 0x48, 0x0e, 0x0a, 0x08, 0x99, \
  0x4f, 0xe4, 0x13, 0x37, 0xd3, 0xb5, 0x08, 0x00, 0x21, 0x00, 0x00, 0x00, 0x14, 0x00, 0x00, 0x00, \
  0xf1, 0x07, 0xdf, 0x2d, 0x0b, 0xf4, 0xea, 0xbd, 0x76, 0x34, 0x6f, 0x71, 0xc2, 0x15, 0x99, 0x00, \
  0x21, 0x00, 0x00, 0x00, 0x14, 0x00, 0x00, 0x00, 0xf1, 0xba, 0x3c, 0xeb, 0xdf, 0x4e, 0x99, 0x9e, \
  0x69, 0x58, 0x8e, 0x74, 0xb2, 0xae, 0xcc, 0x00, 0x65, 0x00, 0x00, 0x00, 0x14, 0x00, 0x00, 0x00, \
  0xf1, 0xce, 0xfa, 0xd7, 0x48, 0xf7, 0x25, 0xa0, 0x47, 0xf9, 0xcb, 0x29, 0x0f, 0x65, 0x6f, 0x00, \
  0x8e, 0x00, 0x00, 0x00, 0x14, 0x00, 0x00, 0x00, 0xf1, 0x57, 0x5f, 0x4b, 0x08, 0xf8, 0x9a, 0xbb, \
  0x3b, 0x1c, 0x46, 0x2c, 0x73, 0x44, 0xa1, 0x00, 0x21, 0x00, 0x00, 0x00, 0x14, 0x00, 0x00, 0x00, \
  0xf1, 0x46, 0x07, 0x51, 0x88, 0x68, 0x07, 0x8e, 0x86, 0x24, 0xf2, 0x43, 0x0b, 0xe8, 0x46, 0x00, \
  0x37, 0x00, 0x00, 0x00, 0x14, 0x00, 0x00, 0x00, 0xf1, 0xd4, 0x6a, 0x65, 0xb6, 0x1a, 0x88, 0xc0, \
  0xa6, 0x6f, 0xde, 0x98, 0xf5, 0x8b, 0x97, 0x00, 0xc5, 0x00, 0x00, 0x00, 0x14, 0x00, 0x00, 0x00, \
  0xf1, 0xe1, 0x57, 0xce, 0xc6, 0xce, 0x7a, 0x33, 0x45, 0x16, 0x1c, 0x8f, 0x6f, 0x4c, 0x26, 0x00, \
  0x21, 0x00, 0x00, 0x00, 0x14, 0x00, 0x00, 0x00, 0xf1, 0x9b, 0x0a, 0xe1, 0x3c, 0xdf, 0xe7, 0x2d, \
  0x2d, 0xb9, 0x84, 0xf3, 0x65, 0x89, 0x6f, 0x00, 0x55, 0x00, 0x00, 0x00, 0x14, 0x00, 0x00, 0x00, \
  0xf1, 0xb0, 0x40, 0xf4, 0x42, 0x6b, 0x08, 0x3e, 0xfd, 0xfd, 0xc1, 0x75, 0x59, 0x26, 0xe2, 0x00, \
  0x47, 0x00, 0x00, 0x00, 0x14, 0x00, 0x00, 0x00, 0xf1, 0xed, 0x1f, 0xa2, 0x38, 0x3b, 0xf6, 0x16, \
  0xb5, 0xa3, 0x73, 0x6b, 0xfe, 0x95, 0xda, 0x00, 0x14, 0x00, 0x00, 0x00, 0x02, 0x10, 0x00, 0x40, \
  0x38, 0x02, 0x00, 0x00, 0x34, 0x02, 0x00, 0x00, 0x14, 0x00, 0x00, 0x00, 0xf2, 0xc3, 0xfd, 0x91, \
  0x3e, 0x4c, 0x04, 0x35, 0xf8, 0x7e, 0x09, 0x7d, 0xd6, 0xb9, 0xbb, 0x00, 0xde, 0x02, 0x00, 0x00, \
  0x16, 0x00, 0x00, 0x00, 0x14, 0x02, 0x00, 0x00, 0x16, 0x00, 0x00, 0x00, 0x14, 0x00, 0x00, 0x00, \
  0xf2, 0x95, 0xe0, 0x91, 0x4a, 0x1c, 0xd7, 0xee, 0x0c, 0x72, 0x69, 0xb8, 0x85, 0xc2, 0x0b, 0x00, \
  0x38, 0x01, 0x00, 0x00, 0x14, 0x00, 0x00, 0x00, 0xf2, 0x10, 0xb2, 0x34, 0x6e, 0x9b, 0xe7, 0xc5, \
  0x53, 0xc4, 0x1e, 0x43, 0x50, 0x6a, 0xc6, 0x00, 0x60, 0x00, 0x00, 0x00, 0x14, 0x00, 0x00, 0x00, \
  0xf2, 0x3f, 0x9d, 0x88, 0x0b, 0x03, 0x14, 0x20, 0x9f, 0x30, 0xe3, 0xe6, 0x38, 0xea, 0x53, 0x00, \
  0xcb, 0x00, 0x00, 0x00, 0x14, 0x00, 0x00, 0x00, 0xf2, 0xa9, 0x62, 0x07, 0x16, 0xae, 0x63, 0x96, \
  0x1d, 0x0e, 0xc6, 0x3f, 0x40, 0x9f, 0x90, 0x00, 0xa4, 0x00, 0x00, 0x00, 0x14, 0x00, 0x00, 0x00, \
  0xf2, 0x09, 0x56, 0x17, 0x30, 0x9a, 0x74, 0xdf, 0x77, 0x96, 0x1c, 0xdd, 0xd5, 0xe4, 0x8e, 0x00, \
  0xea, 0x00, 0x00, 0x00, 0x14, 0x00, 0x00, 0x00, 0xf2, 0x33, 0x31, 0x48, 0x03, 0xc0, 0x2a, 0x9f, \
  0x03, 0x4f, 0x40, 0xd5, 0x93, 0xd3, 0xd5, 0x00, 0xf6, 0x01, 0x00, 0x00, 0x14, 0x00, 0x00, 0x00, \
  0xf2, 0x91, 0x38, 0x0c, 0xde, 0xf8, 0x67, 0x8f, 0xc8, 0x8b, 0xa2, 0x83, 0x62, 0xe5, 0xa7, 0x00, \
  0x40, 0x00, 0x00, 0x00, 0x14, 0x00, 0x00, 0x00, 0xf2, 0xaa, 0xea, 0xdb, 0xbe, 0x20, 0x73, 0x26, \
  0x70, 0x8f, 0xaa, 0x55, 0xe2, 0x57, 0x42, 0x00, 0x43, 0x00, 0x00, 0x00, 0x14, 0x00, 0x00, 0x00, \
  0xf2, 0xc4, 0xed, 0x19, 0xab, 0x3c, 0x92, 0x34, 0xf6, 0xcb, 0xcb, 0x48, 0x87, 0xbd, 0x12, 0x00, \
  0x8a, 0x00, 0x00, 0x00, 0x14, 0x00, 0x00, 0x00, 0xf2, 0x48, 0xfc, 0x98, 0x78, 0x6e, 0x5f, 0x45, \
  0x5f, 0xdf, 0xbc, 0x9e, 0xb3, 0xa3, 0xde, 0x00, 0x40, 0x00, 0x00, 0x00, 0x14, 0x00, 0x00, 0x00, \
  0xf2, 0xe0, 0x05, 0x25, 0x6f, 0x56, 0x5c, 0x85, 0x7d, 0x1a, 0x24, 0xf0, 0xc1, 0xbd, 0x10, 0x00, \
  0x47, 0x00, 0x00, 0x00, 0x14, 0x00, 0x00, 0x00, 0xf2, 0x31, 0x10, 0x0b, 0x3d, 0x14, 0x9a, 0xc3, \
  0x73, 0x58, 0xa2, 0x3c, 0xd8, 0xdf, 0x0d, 0x00, 0x43, 0x00, 0x00, 0x00, 0x14, 0x00, 0x00, 0x00, \
  0xf2, 0x65, 0x97, 0x0c, 0xfc, 0xac, 0x6c, 0x04, 0x48, 0xe7, 0x4d, 0x43, 0x89, 0x52, 0x31, 0x00, \
  0xc3, 0x00, 0x00, 0x00, 0x14, 0x00, 0x00, 0x00, 0xf2, 0x35, 0x6a, 0x2d, 0x76, 0xb1, 0xf8, 0x99, \
  0xe0, 0x65, 0xf5, 0xa6, 0x42, 0x18, 0x51, 0x00, 0xf0, 0x00, 0x00, 0x00, 0x14, 0x00, 0x00, 0x00, \
  0xf2, 0xb7, 0xe0, 0x95, 0xff, 0x1d, 0x45, 0x4d, 0x98, 0xde, 0x9c, 0xe1, 0x91, 0xd9, 0x58, 0x00, \
  0x43, 0x00, 0x00, 0x00, 0x14, 0x00, 0x00, 0x00, 0xf2, 0x94, 0x49, 0x15, 0x3e, 0x3b, 0xcc, 0xbf, \
  0x99, 0x7f, 0x5f, 0x9a, 0x48, 0x69, 0x55, 0x00, 0x5e, 0x00, 0x00, 0x00, 0x14, 0x00, 0x00, 0x00, \
  0xf2, 0x7e, 0x53, 0x50, 0xa7, 0x3f, 0xf0, 0xfa, 0xe3, 0xae, 0x8a, 0xef, 0x99, 0x6e, 0xb6, 0x00, \
  0x23, 0x01, 0x00, 0x00, 0x14, 0x00, 0x00, 0x00, 0xf2, 0x9c, 0xe9, 0xa6, 0x9e, 0x6b, 0x3d, 0x5f, \
  0xd8, 0x0f, 0x3f, 0x80, 0xf8, 0xdc, 0x5b, 0x00, 0x43, 0x00, 0x00, 0x00, 0x14, 0x00, 0x00, 0x00, \
  0xf2, 0xe3, 0xd5, 0x05, 0xab, 0xbf, 0x1d, 0xee, 0x39, 0x9f, 0x75, 0x3c, 0xbd, 0xfd, 0xf6, 0x00, \
  0x7c, 0x00, 0x00, 0x00, 0x14, 0x00, 0x00, 0x00, 0xf2, 0x32, 0x31, 0xaf, 0x29, 0x08, 0xbd, 0x3e, \
  0x15, 0x04, 0x4d, 0x58, 0x91, 0xfc, 0xc8, 0x00, 0x48, 0x00, 0x00, 0x00, 0x14, 0x00, 0x00, 0x00, \
  0xf2, 0x87, 0xee, 0x96, 0x5a, 0x72, 0xfd, 0x5f, 0x9a, 0x67, 0xda, 0x7d, 0xc8, 0xa2, 0x5d, 0x00, \
  0x7e, 0x00, 0x00, 0x00, 0x14, 0x00, 0x00, 0x00, 0xf2, 0x1d, 0x8d, 0x59, 0xb6, 0x80, 0x08, 0x51, \
  0xa4, 0x2c, 0xa5, 0xd5, 0x12, 0x3f, 0xb5, 0x00, 0x3a, 0x00, 0x00, 0x00\
}
#define TYPE_INFO_CDR_SZ_spatial_disco_Announce 1132u
#define TYPE_MAP_CDR_spatial_disco_Announce (const unsigned char []){ \
  0x8c, 0x0a, 0x00, 0x00, 0x17, 0x00, 0x00, 0x00, 0xf1, 0x01, 0x02, 0xee, 0xc1, 0x00, 0x7a, 0x2f, \
  0x88, 0x27, 0x1e, 0x49, 0x27, 0xad, 0xbd, 0x00, 0xd3, 0x01, 0x00, 0x00, 0xf1, 0x51, 0x02, 0x00, \
  0x01, 0x00, 0x00, 0x00, 0x00, 0x00, 0x00, 0x00, 0xc3, 0x01, 0x00, 0x00, 0x11, 0x00, 0x00, 0x00, \
  0x0c, 0x00, 0x00, 0x00, 0x00, 0x00, 0x00, 0x00, 0x21, 0x00, 0x70, 0x00, 0xb0, 0xdc, 0x1e, 0x29, \
  0x0c, 0x00, 0x00, 0x00, 0x01, 0x00, 0x00, 0x00, 0x01, 0x00, 0x70, 0x00, 0xb0, 0x68, 0x93, 0x1c, \
  0x19, 0x00, 0x00, 0x00, 0x02, 0x00, 0x00, 0x00, 0x01, 0x00, 0xf1, 0x5e, 0x2a, 0x90, 0x68, 0xd9, \
  0x9b, 0xfc, 0xe3, 0xb6, 0x68, 0x20, 0xbf, 0xad, 0xd1, 0xd9, 0x39, 0xaa, 0xf7, 0x00, 0x00, 0x00, \
  0x0c, 0x00, 0x00, 0x00, 0x03, 0x00, 0x00, 0x00, 0x01, 0x00, 0x70, 0x00, 0x2a, 0xf7, 0x2f, 0x10, \
  0x0c, 0x00, 0x00, 0x00, 0x04, 0x00, 0x00, 0x00, 0x01, 0x00, 0x70, 0x00, 0x5a, 0x44, 0x5d, 0x71, \
  0x1e, 0x00, 0x00, 0x00, 0x05, 0x00, 0x00, 0x00, 0x01, 0x00, 0x80, 0xf1, 0x01, 0x00, 0x20, 0xf1, \
  0x57, 0xe8, 0x3b, 0xe0, 0x10, 0xc8, 0xf4, 0x1a, 0xe7, 0x2b, 0x18, 0x47, 0xcb, 0xdb, 0x5c, 0x46, \
  0xd2, 0xae, 0x00, 0x00, 0x19, 0x00, 0x00, 0x00, 0x06, 0x00, 0x00, 0x00, 0x01, 0x00, 0xf1, 0x09, \
  0x19, 0xc4, 0x16, 0xd7, 0x0b, 0xa2, 0xc8, 0x73, 0x91, 0xad, 0x06, 0x64, 0x28, 0x69, 0xcd, 0x89, \
  0x55, 0x00, 0x00, 0x00, 0x1e, 0x00, 0x00, 0x00, 0x07, 0x00, 0x00, 0x00, 0x01, 0x00, 0x80, 0xf1, \
  0x01, 0x00, 0x80, 0xf1, 0x1e, 0xc8, 0xa3, 0xfc, 0xa3, 0xfe, 0xdb, 0xe0, 0x43, 0x46, 0x04, 0x13, \
  0x3b, 0x42, 0xe3, 0x29, 0xb2, 0x79, 0x00, 0x00, 0x1e, 0x00, 0x00, 0x00, 0x08, 0x00, 0x00, 0x00, \
  0x01, 0x00, 0x80, 0xf1, 0x01, 0x00, 0x10, 0xf1, 0xe9, 0x4a, 0x7a, 0x28, 0x52, 0xd4, 0x2a, 0xed, \
  0xe3, 0xcf, 0x7e, 0xf8, 0xea, 0x8a, 0x60, 0x63, 0x4b, 0xaf, 0x00, 0x00, 0x19, 0x00, 0x00, 0x00, \
  0x09, 0x00, 0x00, 0x00, 0x01, 0x00, 0xf1, 0xa6, 0x55, 0x48, 0x0e, 0x0a, 0x08, 0x99, 0x4f, 0xe4, \
  0x13, 0x37, 0xd3, 0xb5, 0x08, 0x8a, 0x44, 0x07, 0x2e, 0x00, 0x00, 0x00, 0x0b, 0x00, 0x00, 0x00, \
  0x0a, 0x00, 0x00, 0x00, 0x01, 0x00, 0x01, 0x89, 0x0b, 0x67, 0xb7, 0x00, 0x19, 0x00, 0x00, 0x00, \
  0x0b, 0x00, 0x00, 0x00, 0x01, 0x00, 0xf1, 0x57, 0x5f, 0x4b, 0x08, 0xf8, 0x9a, 0xbb, 0x3b, 0x1c, \
  0x46, 0x2c, 0x73, 0x44, 0xa1, 0x83, 0xcb, 0x9d, 0xec, 0x00, 0x00, 0x00, 0x1e, 0x00, 0x00, 0x00, \
  0x0c, 0x00, 0x00, 0x00, 0x01, 0x00, 0x80, 0xf1, 0x01, 0x00, 0x08, 0xf1, 0xd4, 0x6a, 0x65, 0xb6, \
  0x1a, 0x88, 0xc0, 0xa6, 0x6f, 0xde, 0x98, 0xf5, 0x8b, 0x97, 0x63, 0x48, 0xc6, 0x4b, 0x00, 0x00, \
  0x19, 0x00, 0x00, 0x00, 0x0d, 0x00, 0x00, 0x00, 0x01, 0x00, 0xf1, 0xed, 0x1f, 0xa2, 0x38, 0x3b, \
  0xf6, 0x16, 0xb5, 0xa3, 0x73, 0x6b, 0xfe, 0x95, 0xda, 0x4d, 0x30, 0x0f, 0xcc, 0x00, 0x00, 0x00, \
  0x0c, 0x00, 0x00, 0x00, 0x0e, 0x00, 0x00, 0x00, 0x01, 0x00, 0x70, 0x00, 0xc9, 0xa4, 0x12, 0xaa, \
  0x19, 0x00, 0x00, 0x00, 0x0f, 0x00, 0x00, 0x00, 0x01, 0x00, 0xf1, 0x57, 0x5f, 0x4b, 0x08, 0xf8, \
  0x9a, 0xbb, 0x3b, 0x1c, 0x46, 0x2c, 0x73, 0x44, 0xa1, 0x96, 0xb8, 0xc7, 0x8d, 0x00, 0x00, 0x00, \
  0x0b, 0x00, 0x00, 0x00, 0x10, 0x00, 0x00, 0x00, 0x01, 0x00, 0x07, 0xe0, 0x0c, 0xfb, 0x0e, 0xf1, \
  0x5e, 0x2a, 0x90, 0x68, 0xd9, 0x9b, 0xfc, 0xe3, 0xb6, 0x68, 0x20, 0xbf, 0xad, 0xd1, 0x00, 0x00, \
  0xb2, 0x00, 0x00, 0x00, 0xf1, 0x40, 0x01, 0x00, 0x02, 0x00, 0x00, 0x00, 0x20, 0x00, 0x00, 0x00, \
  0xa2, 0x00, 0x00, 0x00, 0x08, 0x00, 0x00, 0x00, 0x0e, 0x00, 0x00, 0x00, 0x06, 0x00, 0x00, 0x00, \
  0x00, 0x00, 0x00, 0x00, 0x40, 0x00, 0xb7, 0x4d, 0x20, 0x78, 0x00, 0x00, 0x0e, 0x00, 0x00, 0x00, \
  0x06, 0x00, 0x00, 0x00, 0x01, 0x00, 0x00, 0x00, 0x00, 0x00, 0x2f, 0xa3, 0x99, 0xf1, 0x00, 0x00, \
  0x0e, 0x00, 0x00, 0x00, 0x06, 0x00, 0x00, 0x00, 0x02, 0x00, 0x00, 0x00, 0x00, 0x00, 0x72, 0x07, \
  0x5d, 0xc2, 0x00, 0x00, 0x0e, 0x00, 0x00, 0x00, 0x06, 0x00, 0x00, 0x00, 0x03, 0x00, 0x00, 0x00, \
  0x00, 0x00, 0x2e, 0x40, 0x14, 0xaa, 0x00, 0x00, 0x0e, 0x00, 0x00, 0x00, 0x06, 0x00, 0x00, 0x00, \
  0x04, 0x00, 0x00, 0x00, 0x00, 0x00, 0x75, 0x4a, 0x5d, 0x43, 0x00, 0x00, 0x0e, 0x00, 0x00, 0x00, \
  0x06, 0x00, 0x00, 0x00, 0x05, 0x00, 0x00, 0x00, 0x00, 0x00, 0x45, 0x68, 0x5e, 0x95, 0x00, 0x00, \
  0x0e, 0x00, 0x00, 0x00, 0x06, 0x00, 0x00, 0x00, 0x06, 0x00, 0x00, 0x00, 0x00, 0x00, 0xa4, 0xb4, \
  0x37, 0xe2, 0x00, 0x00, 0x0e, 0x00, 0x00, 0x00, 0x06, 0x00, 0x00, 0x00, 0x07, 0x00, 0x00, 0x00, \
  0x00, 0x00, 0x03, 0x57, 0x04, 0x70, 0xf1, 0x57, 0xe8, 0x3b, 0xe0, 0x10, 0xc8, 0xf4, 0x1a, 0xe7, \
  0x2b, 0x18, 0x47, 0xcb, 0xdb, 0x00, 0x00, 0x00, 0x34, 0x00, 0x00, 0x00, 0xf1, 0x51, 0x02, 0x00, \
  0x01, 0x00, 0x00, 0x00, 0x00, 0x00, 0x00, 0x00, 0x24, 0x00, 0x00, 0x00, 0x02, 0x00, 0x00, 0x00, \
  0x0c, 0x00, 0x00, 0x00, 0x00, 0x00, 0x00, 0x00, 0x01, 0x00, 0x70, 0x00, 0x3c, 0x6e, 0x0b, 0x8a, \
  0x0c, 0x00, 0x00, 0x00, 0x01, 0x00, 0x00, 0x00, 0x01, 0x00, 0x70, 0x00, 0x20, 0x63, 0xc1, 0x60, \
  0xf1, 0x09, 0x19, 0xc4, 0x16, 0xd7, 0x0b, 0xa2, 0xc8, 0x73, 0x91, 0xad, 0x06, 0x64, 0x28, 0x00, \
  0x65, 0x00, 0x00, 0x00, 0xf1, 0x51, 0x02, 0x00, 0x01, 0x00, 0x00, 0x00, 0x00, 0x00, 0x00, 0x00, \
  0x55, 0x00, 0x00, 0x00, 0x03, 0x00, 0x00, 0x00, 0x1e, 0x00, 0x00, 0x00, 0x00, 0x00, 0x00, 0x00, \
  0x01, 0x00, 0x80, 0xf1, 0x01, 0x00, 0x40, 0xf1, 0x35, 0x5b, 0xf1, 0xa4, 0xc0, 0x47, 0xfb, 0xd8, \
  0xf5, 0x0d, 0xcf, 0x57, 0x62, 0x91, 0x52, 0xd0, 0xab, 0x85, 0x00, 0x00, 0x11, 0x00, 0x00, 0x00, \
  0x01, 0x00, 0x00, 0x00, 0x01, 0x00, 0x80, 0xf3, 0x01, 0x00, 0x20, 0x70, 0x00, 0xed, 0x2c, 0x78, \
  0xe6, 0x00, 0x00, 0x00, 0x11, 0x00, 0x00, 0x00, 0x02, 0x00, 0x00, 0x00, 0x01, 0x00, 0x80, 0xf3, \
  0x01, 0x00, 0x40, 0x70, 0x00, 0x9f, 0x03, 0x4b, 0x63, 0xf1, 0x35, 0x5b, 0xf1, 0xa4, 0xc0, 0x47, \
  0xfb, 0xd8, 0xf5, 0x0d, 0xcf, 0x57, 0x62, 0x91, 0x53, 0x00, 0x00, 0x00, 0xf1, 0x51, 0x02, 0x00, \
  0x01, 0x00, 0x00, 0x00, 0x00, 0x00, 0x00, 0x00, 0x43, 0x00, 0x00, 0x00, 0x04, 0x00, 0x00, 0x00, \
  0x0c, 0x00, 0x00, 0x00, 0x00, 0x00, 0x00, 0x00, 0x01, 0x00, 0x70, 0x00, 0xb0, 0x68, 0x93, 0x1c, \
  0x0b, 0x00, 0x00, 0x00, 0x01, 0x00, 0x00, 0x00, 0x01, 0x00, 0x07, 0xf1, 0x42, 0x5d, 0xa4, 0x00, \
  0x0b, 0x00, 0x00, 0x00, 0x02, 0x00, 0x00, 0x00, 0x01, 0x00, 0x07, 0x5b, 0x27, 0x37, 0xe3, 0x00, \
  0x0b, 0x00, 0x00, 0x00, 0x03, 0x00, 0x00, 0x00, 0x01, 0x00, 0x07, 0xb3, 0x91, 0x00, 0xa7, 0xf1, \
  0x1e, 0xc8, 0xa3, 0xfc, 0xa3, 0xfe, 0xdb, 0xe0, 0x43, 0x46, 0x04, 0x13, 0x3b, 0x42, 0x00, 0x00, \
  0x73, 0x00, 0x00, 0x00, 0xf1, 0x51, 0x02, 0x00, 0x01, 0x00, 0x00, 0x00, 0x00, 0x00, 0x00, 0x00, \
  0x63, 0x00, 0x00, 0x00, 0x06, 0x00, 0x00, 0x00, 0x0c, 0x00, 0x00, 0x00, 0x00, 0x00, 0x00, 0x00, \
  0x01, 0x00, 0x70, 0x00, 0xb0, 0x68, 0x93, 0x1c, 0x0c, 0x00, 0x00, 0x00, 0x01, 0x00, 0x00, 0x00, \
  0x01, 0x00, 0x70, 0x00, 0x59, 0x9d, 0xcc, 0xe2, 0x0c, 0x00, 0x00, 0x00, 0x02, 0x00, 0x00, 0x00, \
  0x01, 0x00, 0x70, 0x00, 0x2a, 0xf7, 0x2f, 0x10, 0x0c, 0x00, 0x00, 0x00, 0x03, 0x00, 0x00, 0x00, \
  0x01, 0x00, 0x70, 0x00, 0x8d, 0x77, 0xcb, 0x80, 0x0b, 0x00, 0x00, 0x00, 0x04, 0x00, 0x00, 0x00, \
  0x01, 0x00, 0x09, 0xce, 0x5c, 0x9b, 0xfd, 0x00, 0x0b, 0x00, 0x00, 0x00, 0x05, 0x00, 0x00, 0x00, \
  0x01, 0x00, 0x07, 0x64, 0xe3, 0x65, 0x36, 0xf1, 0xe9, 0x4a, 0x7a, 0x28, 0x52, 0xd4, 0x2a, 0xed, \
  0xe3, 0xcf, 0x7e, 0xf8, 0xea, 0x8a, 0x00, 0x00, 0x21, 0x01, 0x00, 0x00, 0xf1, 0x51, 0x02, 0x00, \
  0x01, 0x00, 0x00, 0x00, 0x00, 0x00, 0x00, 0x00, 0x11, 0x01, 0x00, 0x00, 0x0c, 0x00, 0x00, 0x00, \
  0x0b, 0x00, 0x00, 0x00, 0x00, 0x00, 0x00, 0x00, 0x01, 0x00, 0x01, 0x30, 0x42, 0x90, 0x96, 0x00, \
  0x0c, 0x00, 0x00, 0x00, 0x01, 0x00, 0x00, 0x00, 0x01, 0x00, 0x70, 0x00, 0x29, 0xfa, 0x19, 0xe7, \
  0x0b, 0x00, 0x00, 0x00, 0x02, 0x00, 0x00, 0x00, 0x01, 0x00, 0x01, 0xc1, 0x66, 0xaf, 0x14, 0x00, \
  0x19, 0x00, 0x00, 0x00, 0x03, 0x00, 0x00, 0x00, 0x01, 0x00, 0xf1, 0x12, 0x69, 0x2f, 0xb5, 0x69, \
  0x7b, 0xe7, 0x28, 0x99, 0xb2, 0x36, 0x0f, 0x3d, 0xa7, 0x5b, 0xa7, 0x8e, 0xfe, 0x00, 0x00, 0x00, \
  0x0b, 0x00, 0x00, 0x00, 0x04, 0x00, 0x00, 0x00, 0x01, 0x00, 0x01, 0x42, 0x8d, 0x56, 0x5a, 0x00, \
  0x19, 0x00, 0x00, 0x00, 0x05, 0x00, 0x00, 0x00, 0x01, 0x00, 0xf1, 0xc7, 0x1e, 0x1d, 0x76, 0x25, \
  0xc2, 0x57, 0x77, 0xb1, 0x10, 0xe6, 0xf0, 0x3d, 0xa3, 0x5e, 0x39, 0x42, 0x81, 0x00, 0x00, 0x00, \
  0x0b, 0x00, 0x00, 0x00, 0x06, 0x00, 0x00, 0x00, 0x01, 0x00, 0x01, 0x9c, 0x70, 0x93, 0x3a, 0x00, \
  0x0b, 0x00, 0x00, 0x00, 0x07, 0x00, 0x00, 0x00, 0x01, 0x00, 0x01, 0x04, 0xa9, 0xa2, 0xf7, 0x00, \
  0x19, 0x00, 0x00, 0x00, 0x08, 0x00, 0x00, 0x00, 0x01, 0x00, 0xf1, 0xa6, 0x55, 0x48, 0x0e, 0x0a, \
  0x08, 0x99, 0x4f, 0xe4, 0x13, 0x37, 0xd3, 0xb5, 0x08, 0x91, 0xc9, 0xb0, 0xd8, 0x00, 0x00, 0x00, \
  0x0b, 0x00, 0x00, 0x00, 0x09, 0x00, 0x00, 0x00, 0x01, 0x00, 0x01, 0xbd, 0x4f, 0xb1, 0x27, 0x00, \
  0x19, 0x00, 0x00, 0x00, 0x0a, 0x00, 0x00, 0x00, 0x01, 0x00, 0xf1, 0x57, 0x5f, 0x4b, 0x08, 0xf8, \
  0x9a, 0xbb, 0x3b, 0x1c, 0x46, 0x2c, 0x73, 0x44, 0xa1, 0xae, 0x73, 0x9b, 0xfb, 0x00, 0x00, 0x00, \
  0x19, 0x00, 0x00, 0x00, 0x0b, 0x00, 0x00, 0x00, 0x01, 0x00, 0xf1, 0x57, 0x5f, 0x4b, 0x08, 0xf8, \
  0x9a, 0xbb, 0x3b, 0x1c, 0x46, 0x2c, 0x73, 0x44, 0xa1, 0x28, 0xb6, 0x02, 0xa3, 0xf1, 0x12, 0x69, \
  0x2f, 0xb5, 0x69, 0x7b, 0xe7, 0x28, 0x99, 0xb2, 0x36, 0x0f, 0x3d, 0xa7, 0x1a, 0x00, 0x00, 0x00, \
  0xf1, 0x30, 0x00, 0x00, 0x00, 0x00, 0x00, 0x00, 0x0e, 0x00, 0x00, 0x00, 0x00, 0x00, 0x90, 0xf3, \
  0x01, 0x00, 0x00, 0x00, 0x01, 0x00, 0x00, 0x00, 0x04, 0x0a, 0xf1, 0xc7, 0x1e, 0x1d, 0x76, 0x25, \
  0xc2, 0x57, 0x77, 0xb1, 0x10, 0xe6, 0xf0, 0x3d, 0xa3, 0x00, 0x00, 0x00, 0x1d, 0x00, 0x00, 0x00, \
  0xf1, 0x30, 0x00, 0x00, 0x00, 0x00, 0x00, 0x00, 0x11, 0x00, 0x00, 0x00, 0x00, 0x00, 0xf1, 0xc3, \
  0x45, 0x6b, 0x54, 0x39, 0x78, 0x18, 0x9c, 0xb4, 0x6e, 0x91, 0x1d, 0x73, 0x12, 0xf1, 0xc3, 0x45, \
  0x6b, 0x54, 0x39, 0x78, 0x18, 0x9c, 0xb4, 0x6e, 0x91, 0x1d, 0x73, 0x12, 0x51, 0x00, 0x00, 0x00, \
  0xf1, 0x51, 0x02, 0x00, 0x01, 0x00, 0x00, 0x00, 0x00, 0x00, 0x00, 0x00, 0x41, 0x00, 0x00, 0x00, \
  0x02, 0x00, 0x00, 0x00, 0x19, 0x00, 0x00, 0x00, 0x00, 0x00, 0x00, 0x00, 0x01, 0x00, 0xf1, 0xca, \
  0x17, 0xfa, 0xc2, 0xd2, 0xb0, 0xec, 0x46, 0x95, 0x91, 0x10, 0xf9, 0x01, 0x5e, 0xc7, 0x2f, 0xaf, \
  0x1b, 0x00, 0x00, 0x00, 0x19, 0x00, 0x00, 0x00, 0x01, 0x00, 0x00, 0x00, 0x01, 0x00, 0xf1, 0xca, \
  0x17, 0xfa, 0xc2, 0xd2, 0xb0, 0xec, 0x46, 0x95, 0x91, 0x10, 0xf9, 0x01, 0x5e, 0x36, 0x73, 0x37, \
  0x08, 0xf1, 0xca, 0x17, 0xfa, 0xc2, 0xd2, 0xb0, 0xec, 0x46, 0x95, 0x91, 0x10, 0xf9, 0x01, 0x5e, \
  0x1a, 0x00, 0x00, 0x00, 0xf1, 0x30, 0x00, 0x00, 0x00, 0x00, 0x00, 0x00, 0x0e, 0x00, 0x00, 0x00, \
  0x00, 0x00, 0x90, 0xf3, 0x01, 0x00, 0x00, 0x00, 0x01, 0x00, 0x00, 0x00, 0x03, 0x0a, 0xf1, 0xa6, \
  0x55, 0x48, 0x0e, 0x0a, 0x08, 0x99, 0x4f, 0xe4, 0x13, 0x37, 0xd3, 0xb5, 0x08, 0x00, 0x00, 0x00, \
  0x1d, 0x00, 0x00, 0x00, 0xf1, 0x30, 0x00, 0x00, 0x00, 0x00, 0x00, 0x00, 0x11, 0x00, 0x00, 0x00, \
  0x00, 0x00, 0xf1, 0x07, 0xdf, 0x2d, 0x0b, 0xf4, 0xea, 0xbd, 0x76, 0x34, 0x6f, 0x71, 0xc2, 0x15, \
  0x99, 0xf1, 0x07, 0xdf, 0x2d, 0x0b, 0xf4, 0xea, 0xbd, 0x76, 0x34, 0x6f, 0x71, 0xc2, 0x15, 0x99, \
  0x1d, 0x00, 0x00, 0x00, 0xf1, 0x30, 0x00, 0x00, 0x00, 0x00, 0x00, 0x00, 0x11, 0x00, 0x00, 0x00, \
  0x00, 0x00, 0xf1, 0xba, 0x3c, 0xeb, 0xdf, 0x4e, 0x99, 0x9e, 0x69, 0x58, 0x8e, 0x74, 0xb2, 0xae, \
  0xcc, 0xf1, 0xba, 0x3c, 0xeb, 0xdf, 0x4e, 0x99, 0x9e, 0x69, 0x58, 0x8e, 0x74, 0xb2, 0xae, 0xcc, \
  0x61, 0x00, 0x00, 0x00, 0xf1, 0x51, 0x02, 0x00, 0x01, 0x00, 0x00, 0x00, 0x00, 0x00, 0x00, 0x00, \
  0x51, 0x00, 0x00, 0x00, 0x04, 0x00, 0x00, 0x00, 0x0c, 0x00, 0x00, 0x00, 0x00, 0x00, 0x00, 0x00, \
  0x01, 0x00, 0x70, 0x00, 0xef, 0x7c, 0x87, 0x6f, 0x0c, 0x00, 0x00, 0x00, 0x01, 0x00, 0x00, 0x00, \
  0x01, 0x00, 0x70, 0x00, 0x50, 0x58, 0x17, 0xef, 0x0b, 0x00, 0x00, 0x00, 0x02, 0x00, 0x00, 0x00, \
  0x01, 0x00, 0x01, 0x4a, 0x03, 0x78, 0x6f, 0x00, 0x19, 0x00, 0x00, 0x00, 0x03, 0x00, 0x00, 0x00, \
  0x01, 0x00, 0xf1, 0xce, 0xfa, 0xd7, 0x48, 0xf7, 0x25, 0xa0, 0x47, 0xf9, 0xcb, 0x29, 0x0f, 0x65, \
  0x6f, 0x7e, 0x7f, 0x70, 0x7a, 0xf1, 0xce, 0xfa, 0xd7, 0x48, 0xf7, 0x25, 0xa0, 0x47, 0xf9, 0xcb, \
  0x29, 0x0f, 0x65, 0x6f, 0x8a, 0x00, 0x00, 0x00, 0xf1, 0x40, 0x01, 0x00, 0x02, 0x00, 0x00, 0x00, \
  0x20, 0x00, 0x00, 0x00, 0x7a, 0x00, 0x00, 0x00, 0x06, 0x00, 0x00, 0x00, 0x0e, 0x00, 0x00, 0x00, \
  0x06, 0x00, 0x00, 0x00, 0x00, 0x00, 0x00, 0x00, 0x40, 0x00, 0x39, 0x2b, 0x81, 0x0f, 0x00, 0x00, \
  0x0e, 0x00, 0x00, 0x00, 0x06, 0x00, 0x00, 0x00, 0x01, 0x00, 0x00, 0x00, 0x00, 0x00, 0xa5, 0xc8, \
  0xc3, 0x54, 0x00, 0x00, 0x0e, 0x00, 0x00, 0x00, 0x06, 0x00, 0x00, 0x00, 0x02, 0x00, 0x00, 0x00, \
  0x00, 0x00, 0x6f, 0x49, 0x44, 0x8c, 0x00, 0x00, 0x0e, 0x00, 0x00, 0x00, 0x06, 0x00, 0x00, 0x00, \
  0x03, 0x00, 0x00, 0x00, 0x00, 0x00, 0x68, 0x09, 0xbe, 0xd7, 0x00, 0x00, 0x0e, 0x00, 0x00, 0x00, \
  0x06, 0x00, 0x00, 0x00, 0x04, 0x00, 0x00, 0x00, 0x00, 0x00, 0xcd, 0x34, 0x59, 0xb2, 0x00, 0x00, \
  0x0e, 0x00, 0x00, 0x00, 0x06, 0x00, 0x00, 0x00, 0x05, 0x00, 0x00, 0x00, 0x00, 0x00, 0x03, 0x57, \
  0x04, 0x70, 0xf1, 0x57, 0x5f, 0x4b, 0x08, 0xf8, 0x9a, 0xbb, 0x3b, 0x1c, 0x46, 0x2c, 0x73, 0x44, \
  0xa1, 0x00, 0x00, 0x00, 0x1d, 0x00, 0x00, 0x00, 0xf1, 0x30, 0x00, 0x00, 0x00, 0x00, 0x00, 0x00, \
  0x11, 0x00, 0x00, 0x00, 0x00, 0x00, 0xf1, 0x46, 0x07, 0x51, 0x88, 0x68, 0x07, 0x8e, 0x86, 0x24, \
  0xf2, 0x43, 0x0b, 0xe8, 0x46, 0xf1, 0x46, 0x07, 0x51, 0x88, 0x68, 0x07, 0x8e, 0x86, 0x24, 0xf2, \
  0x43, 0x0b, 0xe8, 0x46, 0x33, 0x00, 0x00, 0x00, 0xf1, 0x51, 0x02, 0x00, 0x01, 0x00, 0x00, 0x00, \
  0x00, 0x00, 0x00, 0x00, 0x23, 0x00, 0x00, 0x00, 0x02, 0x00, 0x00, 0x00, 0x0b, 0x00, 0x00, 0x00, \
  0x00, 0x00, 0x00, 0x00, 0x01, 0x00, 0x05, 0x74, 0x45, 0x9c, 0xa3, 0x00, 0x0b, 0x00, 0x00, 0x00, \
  0x01, 0x00, 0x00, 0x00, 0x01, 0x00, 0x07, 0xe2, 0x04, 0x64, 0xd5, 0xf1, 0xd4, 0x6a, 0x65, 0xb6, \
  0x1a, 0x88, 0xc0, 0xa6, 0x6f, 0xde, 0x98, 0xf5, 0x8b, 0x97, 0x00, 0x00, 0xc1, 0x00, 0x00, 0x00, \
  0xf1, 0x51, 0x02, 0x00, 0x01, 0x00, 0x00, 0x00, 0x00, 0x00, 0x00, 0x00, 0xb1, 0x00, 0x00, 0x00, \
  0x06, 0x00, 0x00, 0x00, 0x19, 0x00, 0x00, 0x00, 0x00, 0x00, 0x00, 0x00, 0x01, 0x00, 0xf1, 0xa6, \
  0x55, 0x48, 0x0e, 0x0a, 0x08, 0x99, 0x4f, 0xe4, 0x13, 0x37, 0xd3, 0xb5, 0x08, 0xd9, 0x8a, 0x07, \
  0xf8, 0x00, 0x00, 0x00, 0x19, 0x00, 0x00, 0x00, 0x01, 0x00, 0x00, 0x00, 0x01, 0x00, 0xf1, 0xa6, \
  0x55, 0x48, 0x0e, 0x0a, 0x08, 0x99, 0x4f, 0xe4, 0x13, 0x37, 0xd3, 0xb5, 0x08, 0x01, 0xb6, 0xe2, \
  0x03, 0x00, 0x00, 0x00, 0x19, 0x00, 0x00, 0x00, 0x02, 0x00, 0x00, 0x00, 0x01, 0x00, 0xf1, 0xe1, \
  0x57, 0xce, 0xc6, 0xce, 0x7a, 0x33, 0x45, 0x16, 0x1c, 0x8f, 0x6f, 0x4c, 0x26, 0x2d, 0x5f, 0x8a, \
  0xe9, 0x00, 0x00, 0x00, 0x19, 0x00, 0x00, 0x00, 0x03, 0x00, 0x00, 0x00, 0x01, 0x00, 0xf1, 0x57, \
  0x5f, 0x4b, 0x08, 0xf8, 0x9a, 0xbb, 0x3b, 0x1c, 0x46, 0x2c, 0x73, 0x44, 0xa1, 0x96, 0xb8, 0xc7, \
  0x8d, 0x00, 0x00, 0x00, 0x0b, 0x00, 0x00, 0x00, 0x04, 0x00, 0x00, 0x00, 0x01, 0x00, 0x01, 0x74, \
  0x4e, 0x8d, 0x43, 0x00, 0x19, 0x00, 0x00, 0x00, 0x05, 0x00, 0x00, 0x00, 0x01, 0x00, 0xf1, 0xb0, \
  0x40, 0xf4, 0x42, 0x6b, 0x08, 0x3e, 0xfd, 0xfd, 0xc1, 0x75, 0x59, 0x26, 0xe2, 0x38, 0x89, 0xf8, \
  0x1b, 0xf1, 0xe1, 0x57, 0xce, 0xc6, 0xce, 0x7a, 0x33, 0x45, 0x16, 0x1c, 0x8f, 0x6f, 0x4c, 0x26, \
  0x1d, 0x00, 0x00, 0x00, 0xf1, 0x30, 0x00, 0x00, 0x00, 0x00, 0x00, 0x00, 0x11, 0x00, 0x00, 0x00, \
  0x00, 0x00, 0xf1, 0x9b, 0x0a, 0xe1, 0x3c, 0xdf, 0xe7, 0x2d, 0x2d, 0xb9, 0x84, 0xf3, 0x65, 0x89, \
  0x6f, 0xf1, 0x9b, 0x0a, 0xe1, 0x3c, 0xdf, 0xe7, 0x2d, 0x2d, 0xb9, 0x84, 0xf3, 0x65, 0x89, 0x6f, \
  0x51, 0x00, 0x00, 0x00, 0xf1, 0x51, 0x02, 0x00, 0x01, 0x00, 0x00, 0x00, 0x00, 0x00, 0x00, 0x00, \
  0x41, 0x00, 0x00, 0x00, 0x02, 0x00, 0x00, 0x00, 0x19, 0x00, 0x00, 0x00, 0x00, 0x00, 0x00, 0x00, \
  0x01, 0x00, 0xf1, 0xca, 0x17, 0xfa, 0xc2, 0xd2, 0xb0, 0xec, 0x46, 0x95, 0x91, 0x10, 0xf9, 0x01, \
  0x5e, 0xe3, 0x58, 0xef, 0xa4, 0x00, 0x00, 0x00, 0x19, 0x00, 0x00, 0x00, 0x01, 0x00, 0x00, 0x00, \
  0x01, 0x00, 0xf1, 0x12, 0x69, 0x2f, 0xb5, 0x69, 0x7b, 0xe7, 0x28, 0x99, 0xb2, 0x36, 0x0f, 0x3d, \
  0xa7, 0x76, 0x94, 0xf4, 0xa6, 0xf1, 0x12, 0x69, 0x2f, 0xb5, 0x69, 0x7b, 0xe7, 0x28, 0x99, 0xb2, \
  0x36, 0x0f, 0x3d, 0xa7, 0x1a, 0x00, 0x00, 0x00, 0xf1, 0x30, 0x00, 0x00, 0x00, 0x00, 0x00, 0x00, \
  0x0e, 0x00, 0x00, 0x00, 0x00, 0x00, 0x90, 0xf3, 0x01, 0x00, 0x00, 0x00, 0x01, 0x00, 0x00, 0x00, \
  0x04, 0x0a, 0xf1, 0xb0, 0x40, 0xf4, 0x42, 0x6b, 0x08, 0x3e, 0xfd, 0xfd, 0xc1, 0x75, 0x59, 0x26, \
  0xe2, 0x00, 0x00, 0x00, 0x43, 0x00, 0x00, 0x00, 0xf1, 0x51, 0x02, 0x00, 0x01, 0x00, 0x00, 0x00, \
  0x00, 0x00, 0x00, 0x00, 0x33, 0x00, 0x00, 0x00, 0x02, 0x00, 0x00, 0x00, 0x19, 0x00, 0x00, 0x00, \
  0x00, 0x00, 0x00, 0x00, 0x01, 0x00, 0xf1, 0x57, 0x5f, 0x4b, 0x08, 0xf8, 0x9a, 0xbb, 0x3b, 0x1c, \
  0x46, 0x2c, 0x73, 0x44, 0xa1, 0xd9, 0x8a, 0x07, 0xf8, 0x00, 0x00, 0x00, 0x0b, 0x00, 0x00, 0x00, \
  0x01, 0x00, 0x00, 0x00, 0x01, 0x00, 0x07, 0x78, 0x3e, 0x8e, 0x29, 0xf1, 0xed, 0x1f, 0xa2, 0x38, \
  0x3b, 0xf6, 0x16, 0xb5, 0xa3, 0x73, 0x6b, 0xfe, 0x95, 0xda, 0x00, 0x00, 0x10, 0x00, 0x00, 0x00, \
  0xf1, 0x30, 0x00, 0x00, 0x00, 0x00, 0x00, 0x00, 0x04, 0x00, 0x00, 0x00, 0x00, 0x00, 0x70, 0x00, \
  0x5a, 0x11, 0x00, 0x00, 0x17, 0x00, 0x00, 0x00, 0xf2, 0xc3, 0xfd, 0x91, 0x3e, 0x4c, 0x04, 0x35, \
  0xf8, 0x7e, 0x09, 0x7d, 0xd6, 0xb9, 0xbb, 0x00, 0xda, 0x02, 0x00, 0x00, 0xf2, 0x51, 0x02, 0x00, \
  0x21, 0x00, 0x00, 0x00, 0x00, 0x00, 0x00, 0x00, 0x19, 0x00, 0x00, 0x00, 0x73, 0x70, 0x61, 0x74, \
  0x69, 0x61, 0x6c, 0x3a, 0x3a, 0x64, 0x69, 0x73, 0x63, 0x6f, 0x3a, 0x3a, 0x41, 0x6e, 0x6e, 0x6f, \
  0x75, 0x6e, 0x63, 0x65, 0x00, 0x00, 0x00, 0x00, 0xaa, 0x02, 0x00, 0x00, 0x11, 0x00, 0x00, 0x00, \
  0x19, 0x00, 0x00, 0x00, 0x00, 0x00, 0x00, 0x00, 0x21, 0x00, 0x70, 0x00, 0x0b, 0x00, 0x00, 0x00, \
  0x73, 0x65, 0x72, 0x76, 0x69, 0x63, 0x65, 0x5f, 0x69, 0x64, 0x00, 0x00, 0x00, 0x00, 0x00, 0x00, \
  0x13, 0x00, 0x00, 0x00, 0x01, 0x00, 0x00, 0x00, 0x01, 0x00, 0x70, 0x00, 0x05, 0x00, 0x00, 0x00, \
  0x6e, 0x61, 0x6d, 0x65, 0x00, 0x00, 0x00, 0x00, 0x23, 0x00, 0x00, 0x00, 0x02, 0x00, 0x00, 0x00, \
  0x01, 0x00, 0xf2, 0x95, 0xe0, 0x91, 0x4a, 0x1c, 0xd7, 0xee, 0x0c, 0x72, 0x69, 0xb8, 0x85, 0xc2, \
  0x0b, 0x00, 0x00, 0x00, 0x05, 0x00, 0x00, 0x00, 0x6b, 0x69, 0x6e, 0x64, 0x00, 0x00, 0x00, 0x00, \
  0x16, 0x00, 0x00, 0x00, 0x03, 0x00, 0x00, 0x00, 0x01, 0x00, 0x70, 0x00, 0x08, 0x00, 0x00, 0x00, \
  0x76, 0x65, 0x72, 0x73, 0x69, 0x6f, 0x6e, 0x00, 0x00, 0x00, 0x00, 0x00, 0x12, 0x00, 0x00, 0x00, \
  0x04, 0x00, 0x00, 0x00, 0x01, 0x00, 0x70, 0x00, 0x04, 0x00, 0x00, 0x00, 0x6f, 0x72, 0x67, 0x00, \
  0x00, 0x00, 0x00, 0x00, 0x28, 0x00, 0x00, 0x00, 0x05, 0x00, 0x00, 0x00, 0x01, 0x00, 0x80, 0xf2, \
  0x01, 0x00, 0x20, 0xf2, 0x10, 0xb2, 0x34, 0x6e, 0x9b, 0xe7, 0xc5, 0x53, 0xc4, 0x1e, 0x43, 0x50, \
  0x6a, 0xc6, 0x00, 0x00, 0x06, 0x00, 0x00, 0x00, 0x68, 0x69, 0x6e, 0x74, 0x73, 0x00, 0x00, 0x00, \
  0x23, 0x00, 0x00, 0x00, 0x06, 0x00, 0x00, 0x00, 0x01, 0x00, 0xf2, 0x3f, 0x9d, 0x88, 0x0b, 0x03, \
  0x14, 0x20, 0x9f, 0x30, 0xe3, 0xe6, 0x38, 0xea, 0x53, 0x00, 0x00, 0x00, 0x05, 0x00, 0x00, 0x00, \
  0x63, 0x61, 0x70, 0x73, 0x00, 0x00, 0x00, 0x00, 0x29, 0x00, 0x00, 0x00, 0x07, 0x00, 0x00, 0x00, \
  0x01, 0x00, 0x80, 0xf2, 0x01, 0x00, 0x80, 0xf2, 0x09, 0x56, 0x17, 0x30, 0x9a, 0x74, 0xdf, 0x77, \
  0x96, 0x1c, 0xdd, 0xd5, 0xe4, 0x8e, 0x00, 0x00, 0x07, 0x00, 0x00, 0x00, 0x74, 0x6f, 0x70, 0x69, \
  0x63, 0x73, 0x00, 0x00, 0x00, 0x00, 0x00, 0x00, 0x2b, 0x00, 0x00, 0x00, 0x08, 0x00, 0x00, 0x00, \
  0x01, 0x00, 0x80, 0xf2, 0x01, 0x00, 0x10, 0xf2, 0x33, 0x31, 0x48, 0x03, 0xc0, 0x2a, 0x9f, 0x03, \
  0x4f, 0x40, 0xd5, 0x93, 0xd3, 0xd5, 0x00, 0x00, 0x09, 0x00, 0x00, 0x00, 0x63, 0x6f, 0x76, 0x65, \
  0x72, 0x61, 0x67, 0x65, 0x00, 0x00, 0x00, 0x00, 0x31, 0x00, 0x00, 0x00, 0x09, 0x00, 0x00, 0x00, \
  0x01, 0x00, 0xf2, 0xe0, 0x05, 0x25, 0x6f, 0x56, 0x5c, 0x85, 0x7d, 0x1a, 0x24, 0xf0, 0xc1, 0xbd, \
  0x10, 0x00, 0x00, 0x00, 0x13, 0x00, 0x00, 0x00, 0x63, 0x6f, 0x76, 0x65, 0x72, 0x61, 0x67, 0x65, \
  0x5f, 0x66, 0x72, 0x61, 0x6d, 0x65, 0x5f, 0x72, 0x65, 0x66, 0x00, 0x00, 0x00, 0x00, 0x00, 0x00, \
  0x25, 0x00, 0x00, 0x00, 0x0a, 0x00, 0x00, 0x00, 0x01, 0x00, 0x01, 0x00, 0x17, 0x00, 0x00, 0x00, \
  0x68, 0x61, 0x73, 0x5f, 0x63, 0x6f, 0x76, 0x65, 0x72, 0x61, 0x67, 0x65, 0x5f, 0x65, 0x76, 0x61, \
  0x6c, 0x5f, 0x74, 0x69, 0x6d, 0x65, 0x00, 0x00, 0x00, 0x00, 0x00, 0x00, 0x31, 0x00, 0x00, 0x00, \
  0x0b, 0x00, 0x00, 0x00, 0x01, 0x00, 0xf2, 0xb7, 0xe0, 0x95, 0xff, 0x1d, 0x45, 0x4d, 0x98, 0xde, \
  0x9c, 0xe1, 0x91, 0xd9, 0x58, 0x00, 0x00, 0x00, 0x13, 0x00, 0x00, 0x00, 0x63, 0x6f, 0x76, 0x65, \
  0x72, 0x61, 0x67, 0x65, 0x5f, 0x65, 0x76, 0x61, 0x6c, 0x5f, 0x74, 0x69, 0x6d, 0x65, 0x00, 0x00, \
  0x00, 0x00, 0x00, 0x00, 0x2d, 0x00, 0x00, 0x00, 0x0c, 0x00, 0x00, 0x00, 0x01, 0x00, 0x80, 0xf2, \
  0x01, 0x00, 0x08, 0xf2, 0x7e, 0x53, 0x50, 0xa7, 0x3f, 0xf0, 0xfa, 0xe3, 0xae, 0x8a, 0xef, 0x99, \
  0x6e, 0xb6, 0x00, 0x00, 0x0b, 0x00, 0x00, 0x00, 0x74, 0x72, 0x61, 0x6e, 0x73, 0x66, 0x6f, 0x72, \
  0x6d, 0x73, 0x00, 0x00, 0x00, 0x00, 0x00, 0x00, 0x2b, 0x00, 0x00, 0x00, 0x0d, 0x00, 0x00, 0x00, \
  0x01, 0x00, 0xf2, 0x1d, 0x8d, 0x59, 0xb6, 0x80, 0x08, 0x51, 0xa4, 0x2c, 0xa5, 0xd5, 0x12, 0x3f, \
  0xb5, 0x00, 0x00, 0x00, 0x0d, 0x00, 0x00, 0x00, 0x6d, 0x61, 0x6e, 0x69, 0x66, 0x65, 0x73, 0x74, \
  0x5f, 0x75, 0x72, 0x69, 0x00, 0x00, 0x00, 0x00, 0x18, 0x00, 0x00, 0x00, 0x0e, 0x00, 0x00, 0x00, \
  0x01, 0x00, 0x70, 0x00, 0x0a, 0x00, 0x00, 0x00, 0x61, 0x75, 0x74, 0x68, 0x5f, 0x68, 0x69, 0x6e, \
  0x74, 0x00, 0x00, 0x00, 0x24, 0x00, 0x00, 0x00, 0x0f, 0x00, 0x00, 0x00, 0x01, 0x00, 0xf2, 0xb7, \
  0xe0, 0x95, 0xff, 0x1d, 0x45, 0x4d, 0x98, 0xde, 0x9c, 0xe1, 0x91, 0xd9, 0x58, 0x00, 0x00, 0x00, \
  0x06, 0x00, 0x00, 0x00, 0x73, 0x74, 0x61, 0x6d, 0x70, 0x00, 0x00, 0x00, 0x16, 0x00, 0x00, 0x00, \
  0x10, 0x00, 0x00, 0x00, 0x01, 0x00, 0x07, 0x00, 0x08, 0x00, 0x00, 0x00, 0x74, 0x74, 0x6c, 0x5f, \
  0x73, 0x65, 0x63, 0x00, 0x00, 0x00, 0xf2, 0x95, 0xe0, 0x91, 0x4a, 0x1c, 0xd7, 0xee, 0x0c, 0x72, \
  0x69, 0xb8, 0x85, 0xc2, 0x0b, 0x00, 0x00, 0x00, 0x34, 0x01, 0x00, 0x00, 0xf2, 0x40, 0x01, 0x00, \
  0x24, 0x00, 0x00, 0x00, 0x20, 0x00, 0x00, 0x00, 0x1c, 0x00, 0x00, 0x00, 0x73, 0x70, 0x61, 0x74, \
  0x69, 0x61, 0x6c, 0x3a, 0x3a, 0x64, 0x69, 0x73, 0x63, 0x6f, 0x3a, 0x3a, 0x53, 0x65, 0x72, 0x76, \
  0x69, 0x63, 0x65, 0x4b, 0x69, 0x6e, 0x64, 0x00, 0x04, 0x01, 0x00, 0x00, 0x08, 0x00, 0x00, 0x00, \
  0x16, 0x00, 0x00, 0x00, 0x06, 0x00, 0x00, 0x00, 0x00, 0x00, 0x00, 0x00, 0x40, 0x00, 0x00, 0x00, \
  0x04, 0x00, 0x00, 0x00, 0x56, 0x50, 0x53, 0x00, 0x00, 0x00, 0x00, 0x00, 0x1a, 0x00, 0x00, 0x00, \
  0x06, 0x00, 0x00, 0x00, 0x01, 0x00, 0x00, 0x00, 0x00, 0x00, 0x00, 0x00, 0x08, 0x00, 0x00, 0x00, \
  0x4d, 0x41, 0x50, 0x50, 0x49, 0x4e, 0x47, 0x00, 0x00, 0x00, 0x00, 0x00, 0x1a, 0x00, 0x00, 0x00, \
  0x06, 0x00, 0x00, 0x00, 0x02, 0x00, 0x00, 0x00, 0x00, 0x00, 0x00, 0x00, 0x08, 0x00, 0x00, 0x00, \
  0x52, 0x45, 0x4c, 0x4f, 0x43, 0x41, 0x4c, 0x00, 0x00, 0x00, 0x00, 0x00, 0x1c, 0x00, 0x00, 0x00, \
  0x06, 0x00, 0x00, 0x00, 0x03, 0x00, 0x00, 0x00, 0x00, 0x00, 0x00, 0x00, 0x0a, 0x00, 0x00, 0x00, \
  0x53, 0x45, 0x4d, 0x41, 0x4e, 0x54, 0x49, 0x43, 0x53, 0x00, 0x00, 0x00, 0x1a, 0x00, 0x00, 0x00, \
  0x06, 0x00, 0x00, 0x00, 0x04, 0x00, 0x00, 0x00, 0x00, 0x00, 0x00, 0x00, 0x08, 0x00, 0x00, 0x00, \
  0x53, 0x54, 0x4f, 0x52, 0x41, 0x47, 0x45, 0x00, 0x00, 0x00, 0x00, 0x00, 0x1a, 0x00, 0x00, 0x00, \
  0x06, 0x00, 0x00, 0x00, 0x05, 0x00, 0x00, 0x00, 0x00, 0x00, 0x00, 0x00, 0x08, 0x00, 0x00, 0x00, \
  0x43, 0x4f, 0x4e, 0x54, 0x45, 0x4e, 0x54, 0x00, 0x00, 0x00, 0x00, 0x00, 0x22, 0x00, 0x00, 0x00, \
  0x06, 0x00, 0x00, 0x00, 0x06, 0x00, 0x00, 0x00, 0x00, 0x00, 0x00, 0x00, 0x10, 0x00, 0x00, 0x00, \
  0x41, 0x4e, 0x43, 0x48, 0x4f, 0x52, 0x5f, 0x52, 0x45, 0x47, 0x49, 0x53, 0x54, 0x52, 0x59, 0x00, \
  0x00, 0x00, 0x00, 0x00, 0x18, 0x00, 0x00, 0x00, 0x06, 0x00, 0x00, 0x00, 0x07, 0x00, 0x00, 0x00, \
  0x00, 0x00, 0x00, 0x00, 0x06, 0x00, 0x00, 0x00, 0x4f, 0x54, 0x48, 0x45, 0x52, 0x00, 0x00, 0x00, \
  0xf2, 0x10, 0xb2, 0x34, 0x6e, 0x9b, 0xe7, 0xc5, 0x53, 0xc4, 0x1e, 0x43, 0x50, 0x6a, 0xc6, 0x00, \
  0x5c, 0x00, 0x00, 0x00, 0xf2, 0x51, 0x02, 0x00, 0x1b, 0x00, 0x00, 0x00, 0x00, 0x00, 0x00, 0x00, \
  0x13, 0x00, 0x00, 0x00, 0x73, 0x70, 0x61, 0x74, 0x69, 0x61, 0x6c, 0x3a, 0x3a, 0x64, 0x69, 0x73, \
  0x63, 0x6f, 0x3a, 0x3a, 0x4b, 0x56, 0x00, 0x00, 0x34, 0x00, 0x00, 0x00, 0x02, 0x00, 0x00, 0x00, \
  0x12, 0x00, 0x00, 0x00, 0x00, 0x00, 0x00, 0x00, 0x01, 0x00, 0x70, 0x00, 0x04, 0x00, 0x00, 0x00, \
  0x6b, 0x65, 0x79, 0x00, 0x00, 0x00, 0x00, 0x00, 0x14, 0x00, 0x00, 0x00, 0x01, 0x00, 0x00, 0x00, \
  0x01, 0x00, 0x70, 0x00, 0x06, 0x00, 0x00, 0x00, 0x76, 0x61, 0x6c, 0x75, 0x65, 0x00, 0x00, 0x00, \
  0xf2, 0x3f, 0x9d, 0x88, 0x0b, 0x03, 0x14, 0x20, 0x9f, 0x30, 0xe3, 0xe6, 0x38, 0xea, 0x53, 0x00, \
  0xc7, 0x00, 0x00, 0x00, 0xf2, 0x51, 0x02, 0x00, 0x25, 0x00, 0x00, 0x00, 0x00, 0x00, 0x00, 0x00, \
  0x1d, 0x00, 0x00, 0x00, 0x73, 0x70, 0x61, 0x74, 0x69, 0x61, 0x6c, 0x3a, 0x3a, 0x64, 0x69, 0x73, \
  0x63, 0x6f, 0x3a, 0x3a, 0x43, 0x61, 0x70, 0x61, 0x62, 0x69, 0x6c, 0x69, 0x74, 0x69, 0x65, 0x73, \
  0x00, 0x00, 0x00, 0x00, 0x93, 0x00, 0x00, 0x00, 0x03, 0x00, 0x00, 0x00, 0x35, 0x00, 0x00, 0x00, \
  0x00, 0x00, 0x00, 0x00, 0x01, 0x00, 0x80, 0xf2, 0x01, 0x00, 0x40, 0xf2, 0xa9, 0x62, 0x07, 0x16, \
  0xae, 0x63, 0x96, 0x1d, 0x0e, 0xc6, 0x3f, 0x40, 0x9f, 0x90, 0x00, 0x00, 0x13, 0x00, 0x00, 0x00, \
  0x73, 0x75, 0x70, 0x70, 0x6f, 0x72, 0x74, 0x65, 0x64, 0x5f, 0x70, 0x72, 0x6f, 0x66, 0x69, 0x6c, \
  0x65, 0x73, 0x00, 0x00, 0x00, 0x00, 0x00, 0x00, 0x29, 0x00, 0x00, 0x00, 0x01, 0x00, 0x00, 0x00, \
  0x01, 0x00, 0x80, 0xf3, 0x01, 0x00, 0x20, 0x70, 0x00, 0x00, 0x00, 0x00, 0x13, 0x00, 0x00, 0x00, \
  0x70, 0x72, 0x65, 0x66, 0x65, 0x72, 0x72, 0x65, 0x64, 0x5f, 0x70, 0x72, 0x6f, 0x66, 0x69, 0x6c, \
  0x65, 0x73, 0x00, 0x00, 0x00, 0x00, 0x00, 0x00, 0x1f, 0x00, 0x00, 0x00, 0x02, 0x00, 0x00, 0x00, \
  0x01, 0x00, 0x80, 0xf3, 0x01, 0x00, 0x40, 0x70, 0x00, 0x00, 0x00, 0x00, 0x09, 0x00, 0x00, 0x00, \
  0x66, 0x65, 0x61, 0x74, 0x75, 0x72, 0x65, 0x73, 0x00, 0x00, 0x00, 0xf2, 0xa9, 0x62, 0x07, 0x16, \
  0xae, 0x63, 0x96, 0x1d, 0x0e, 0xc6, 0x3f, 0x40, 0x9f, 0x90, 0x00, 0x00, 0xa0, 0x00, 0x00, 0x00, \
  0xf2, 0x51, 0x02, 0x00, 0x27, 0x00, 0x00, 0x00, 0x00, 0x00, 0x00, 0x00, 0x1f, 0x00, 0x00, 0x00, \
  0x73, 0x70, 0x61, 0x74, 0x69, 0x61, 0x6c, 0x3a, 0x3a, 0x64, 0x69, 0x73, 0x63, 0x6f, 0x3a, 0x3a, \
  0x50, 0x72, 0x6f, 0x66, 0x69, 0x6c, 0x65, 0x53, 0x75, 0x70, 0x70, 0x6f, 0x72, 0x74, 0x00, 0x00, \
  0x6c, 0x00, 0x00, 0x00, 0x04, 0x00, 0x00, 0x00, 0x13, 0x00, 0x00, 0x00, 0x00, 0x00, 0x00, 0x00, \
  0x01, 0x00, 0x70, 0x00, 0x05, 0x00, 0x00, 0x00, 0x6e, 0x61, 0x6d, 0x65, 0x00, 0x00, 0x00, 0x00, \
  0x14, 0x00, 0x00, 0x00, 0x01, 0x00, 0x00, 0x00, 0x01, 0x00, 0x07, 0x00, 0x06, 0x00, 0x00, 0x00, \
  0x6d, 0x61, 0x6a, 0x6f, 0x72, 0x00, 0x00, 0x00, 0x18, 0x00, 0x00, 0x00, 0x02, 0x00, 0x00, 0x00, \
  0x01, 0x00, 0x07, 0x00, 0x0a, 0x00, 0x00, 0x00, 0x6d, 0x69, 0x6e, 0x5f, 0x6d, 0x69, 0x6e, 0x6f, \
  0x72, 0x00, 0x00, 0x00, 0x18, 0x00, 0x00, 0x00, 0x03, 0x00, 0x00, 0x00, 0x01, 0x00, 0x07, 0x00, \
  0x0a, 0x00, 0x00, 0x00, 0x6d, 0x61, 0x78, 0x5f, 0x6d, 0x69, 0x6e, 0x6f, 0x72, 0x00, 0x00, 0x00, \
  0xf2, 0x09, 0x56, 0x17, 0x30, 0x9a, 0x74, 0xdf, 0x77, 0x96, 0x1c, 0xdd, 0xd5, 0xe4, 0x8e, 0x00, \
  0xe6, 0x00, 0x00, 0x00, 0xf2, 0x51, 0x02, 0x00, 0x22, 0x00, 0x00, 0x00, 0x00, 0x00, 0x00, 0x00, \
  0x1a, 0x00, 0x00, 0x00, 0x73, 0x70, 0x61, 0x74, 0x69, 0x61, 0x6c, 0x3a, 0x3a, 0x64, 0x69, 0x73, \
  0x63, 0x6f, 0x3a, 0x3a, 0x54, 0x6f, 0x70, 0x69, 0x63, 0x4d, 0x65, 0x74, 0x61, 0x00, 0x00, 0x00, \
  0xb6, 0x00, 0x00, 0x00, 0x06, 0x00, 0x00, 0x00, 0x13, 0x00, 0x00, 0x00, 0x00, 0x00, 0x00, 0x00, \
  0x01, 0x00, 0x70, 0x00, 0x05, 0x00, 0x00, 0x00, 0x6e, 0x61, 0x6d, 0x65, 0x00, 0x00, 0x00, 0x00, \
  0x13, 0x00, 0x00, 0x00, 0x01, 0x00, 0x00, 0x00, 0x01, 0x00, 0x70, 0x00, 0x05, 0x00, 0x00, 0x00, \
  0x74, 0x79, 0x70, 0x65, 0x00, 0x00, 0x00, 0x00, 0x16, 0x00, 0x00, 0x00, 0x02, 0x00, 0x00, 0x00, \
  0x01, 0x00, 0x70, 0x00, 0x08, 0x00, 0x00, 0x00, 0x76, 0x65, 0x72, 0x73, 0x69, 0x6f, 0x6e, 0x00, \
  0x00, 0x00, 0x00, 0x00, 0x1a, 0x00, 0x00, 0x00, 0x03, 0x00, 0x00, 0x00, 0x01, 0x00, 0x70, 0x00, \
  0x0c, 0x00, 0x00, 0x00, 0x71, 0x6f, 0x73, 0x5f, 0x70, 0x72, 0x6f, 0x66, 0x69, 0x6c, 0x65, 0x00, \
  0x00, 0x00, 0x00, 0x00, 0x1d, 0x00, 0x00, 0x00, 0x04, 0x00, 0x00, 0x00, 0x01, 0x00, 0x09, 0x00, \
  0x0f, 0x00, 0x00, 0x00, 0x74, 0x61, 0x72, 0x67, 0x65, 0x74, 0x5f, 0x72, 0x61, 0x74, 0x65, 0x5f, \
  0x68, 0x7a, 0x00, 0x00, 0x00, 0x00, 0x00, 0x00, 0x1e, 0x00, 0x00, 0x00, 0x05, 0x00, 0x00, 0x00, \
  0x01, 0x00, 0x07, 0x00, 0x10, 0x00, 0x00, 0x00, 0x6d, 0x61, 0x78, 0x5f, 0x63, 0x68, 0x75, 0x6e, \
  0x6b, 0x5f, 0x62, 0x79, 0x74, 0x65, 0x73, 0x00, 0x00, 0x00, 0xf2, 0x33, 0x31, 0x48, 0x03, 0xc0, \
  0x2a, 0x9f, 0x03, 0x4f, 0x40, 0xd5, 0x93, 0xd3, 0xd5, 0x00, 0x00, 0x00, 0xf2, 0x01, 0x00, 0x00, \
  0xf2, 0x51, 0x02, 0x00, 0x28, 0x00, 0x00, 0x00, 0x00, 0x00, 0x00, 0x00, 0x20, 0x00, 0x00, 0x00, \
  0x73, 0x70, 0x61, 0x74, 0x69, 0x61, 0x6c, 0x3a, 0x3a, 0x64, 0x69, 0x73, 0x63, 0x6f, 0x3a, 0x3a, \
  0x43, 0x6f, 0x76, 0x65, 0x72, 0x61, 0x67, 0x65, 0x45, 0x6c, 0x65, 0x6d, 0x65, 0x6e, 0x74, 0x00, \
  0xbe, 0x01, 0x00, 0x00, 0x0c, 0x00, 0x00, 0x00, 0x16, 0x00, 0x00, 0x00, 0x00, 0x00, 0x00, 0x00, \
  0x01, 0x00, 0x01, 0x00, 0x08, 0x00, 0x00, 0x00, 0x68, 0x61, 0x73, 0x5f, 0x63, 0x72, 0x73, 0x00, \
  0x00, 0x00, 0x00, 0x00, 0x12, 0x00, 0x00, 0x00, 0x01, 0x00, 0x00, 0x00, 0x01, 0x00, 0x70, 0x00, \
  0x04, 0x00, 0x00, 0x00, 0x63, 0x72, 0x73, 0x00, 0x00, 0x00, 0x00, 0x00, 0x17, 0x00, 0x00, 0x00, \
  0x02, 0x00, 0x00, 0x00, 0x01, 0x00, 0x01, 0x00, 0x09, 0x00, 0x00, 0x00, 0x68, 0x61, 0x73, 0x5f, \
  0x62, 0x62, 0x6f, 0x78, 0x00, 0x00, 0x00, 0x00, 0x23, 0x00, 0x00, 0x00, 0x03, 0x00, 0x00, 0x00, \
  0x01, 0x00, 0xf2, 0x91, 0x38, 0x0c, 0xde, 0xf8, 0x67, 0x8f, 0xc8, 0x8b, 0xa2, 0x83, 0x62, 0xe5, \
  0xa7, 0x00, 0x00, 0x00, 0x05, 0x00, 0x00, 0x00, 0x62, 0x62, 0x6f, 0x78, 0x00, 0x00, 0x00, 0x00, \
  0x17, 0x00, 0x00, 0x00, 0x04, 0x00, 0x00, 0x00, 0x01, 0x00, 0x01, 0x00, 0x09, 0x00, 0x00, 0x00, \
  0x68, 0x61, 0x73, 0x5f, 0x61, 0x61, 0x62, 0x62, 0x00, 0x00, 0x00, 0x00, 0x23, 0x00, 0x00, 0x00, \
  0x05, 0x00, 0x00, 0x00, 0x01, 0x00, 0xf2, 0xaa, 0xea, 0xdb, 0xbe, 0x20, 0x73, 0x26, 0x70, 0x8f, \
  0xaa, 0x55, 0xe2, 0x57, 0x42, 0x00, 0x00, 0x00, 0x05, 0x00, 0x00, 0x00, 0x61, 0x61, 0x62, 0x62, \
  0x00, 0x00, 0x00, 0x00, 0x15, 0x00, 0x00, 0x00, 0x06, 0x00, 0x00, 0x00, 0x01, 0x00, 0x01, 0x00, \
  0x07, 0x00, 0x00, 0x00, 0x67, 0x6c, 0x6f, 0x62, 0x61, 0x6c, 0x00, 0x00, 0x00, 0x00, 0x00, 0x00, \
  0x1c, 0x00, 0x00, 0x00, 0x07, 0x00, 0x00, 0x00, 0x01, 0x00, 0x01, 0x00, 0x0e, 0x00, 0x00, 0x00, \
  0x68, 0x61, 0x73, 0x5f, 0x66, 0x72, 0x61, 0x6d, 0x65, 0x5f, 0x72, 0x65, 0x66, 0x00, 0x00, 0x00, \
  0x28, 0x00, 0x00, 0x00, 0x08, 0x00, 0x00, 0x00, 0x01, 0x00, 0xf2, 0xe0, 0x05, 0x25, 0x6f, 0x56, \
  0x5c, 0x85, 0x7d, 0x1a, 0x24, 0xf0, 0xc1, 0xbd, 0x10, 0x00, 0x00, 0x00, 0x0a, 0x00, 0x00, 0x00, \
  0x66, 0x72, 0x61, 0x6d, 0x65, 0x5f, 0x72, 0x65, 0x66, 0x00, 0x00, 0x00, 0x22, 0x00, 0x00, 0x00, \
  0x09, 0x00, 0x00, 0x00, 0x01, 0x00, 0x01, 0x00, 0x14, 0x00, 0x00, 0x00, 0x68, 0x61, 0x73, 0x5f, \
  0x63, 0x6f, 0x76, 0x65, 0x72, 0x61, 0x67, 0x65, 0x5f, 0x77, 0x69, 0x6e, 0x64, 0x6f, 0x77, 0x00, \
  0x00, 0x00, 0x00, 0x00, 0x34, 0x00, 0x00, 0x00, 0x0a, 0x00, 0x00, 0x00, 0x01, 0x00, 0xf2, 0xb7, \
  0xe0, 0x95, 0xff, 0x1d, 0x45, 0x4d, 0x98, 0xde, 0x9c, 0xe1, 0x91, 0xd9, 0x58, 0x00, 0x00, 0x00, \
  0x16, 0x00, 0x00, 0x00, 0x63, 0x6f, 0x76, 0x65, 0x72, 0x61, 0x67, 0x65, 0x5f, 0x77, 0x69, 0x6e, \
  0x64, 0x6f, 0x77, 0x5f, 0x73, 0x74, 0x61, 0x72, 0x74, 0x00, 0x00, 0x00, 0x32, 0x00, 0x00, 0x00, \
  0x0b, 0x00, 0x00, 0x00, 0x01, 0x00, 0xf2, 0xb7, 0xe0, 0x95, 0xff, 0x1d, 0x45, 0x4d, 0x98, 0xde, \
  0x9c, 0xe1, 0x91, 0xd9, 0x58, 0x00, 0x00, 0x00, 0x14, 0x00, 0x00, 0x00, 0x63, 0x6f, 0x76, 0x65, \
  0x72, 0x61, 0x67, 0x65, 0x5f, 0x77, 0x69, 0x6e, 0x64, 0x6f, 0x77, 0x5f, 0x65, 0x6e, 0x64, 0x00, \
  0x00, 0x00, 0xf2, 0x91, 0x38, 0x0c, 0xde, 0xf8, 0x67, 0x8f, 0xc8, 0x8b, 0xa2, 0x83, 0x62, 0xe5, \
  0xa7, 0x00, 0x00, 0x00, 0x3c, 0x00, 0x00, 0x00, 0xf2, 0x30, 0x00, 0x00, 0x20, 0x00, 0x00, 0x00, \
  0x00, 0x00, 0x00, 0x00, 0x18, 0x00, 0x00, 0x00, 0x73, 0x70, 0x61, 0x74, 0x69, 0x61, 0x6c, 0x3a, \
  0x3a, 0x63, 0x6f, 0x6d, 0x6d, 0x6f, 0x6e, 0x3a, 0x3a, 0x42, 0x42, 0x6f, 0x78, 0x32, 0x44, 0x00, \
  0x10, 0x00, 0x00, 0x00, 0x00, 0x00, 0x90, 0xf3, 0x01, 0x00, 0x00, 0x00, 0x01, 0x00, 0x00, 0x00, \
  0x04, 0x0a, 0x00, 0x00, 0xf2, 0xaa, 0xea, 0xdb, 0xbe, 0x20, 0x73, 0x26, 0x70, 0x8f, 0xaa, 0x55, \
  0xe2, 0x57, 0x42, 0x00, 0x3f, 0x00, 0x00, 0x00, 0xf2, 0x30, 0x00, 0x00, 0x1e, 0x00, 0x00, 0x00, \
  0x00, 0x00, 0x00, 0x00, 0x16, 0x00, 0x00, 0x00, 0x73, 0x70, 0x61, 0x74, 0x69, 0x61, 0x6c, 0x3a, \
  0x3a, 0x64, 0x69, 0x73, 0x63, 0x6f, 0x3a, 0x3a, 0x41, 0x61, 0x62, 0x62, 0x33, 0x00, 0x00, 0x00, \
  0x13, 0x00, 0x00, 0x00, 0x00, 0x00, 0xf2, 0xc4, 0xed, 0x19, 0xab, 0x3c, 0x92, 0x34, 0xf6, 0xcb, \
  0xcb, 0x48, 0x87, 0xbd, 0x12, 0x00, 0x00, 0xf2, 0xc4, 0xed, 0x19, 0xab, 0x3c, 0x92, 0x34, 0xf6, \
  0xcb, 0xcb, 0x48, 0x87, 0xbd, 0x12, 0x00, 0x00, 0x86, 0x00, 0x00, 0x00, 0xf2, 0x51, 0x02, 0x00, \
  0x1d, 0x00, 0x00, 0x00, 0x00, 0x00, 0x00, 0x00, 0x15, 0x00, 0x00, 0x00, 0x73, 0x70, 0x61, 0x74, \
  0x69, 0x61, 0x6c, 0x3a, 0x3a, 0x63, 0x6f, 0x72, 0x65, 0x3a, 0x3a, 0x41, 0x61, 0x62, 0x62, 0x33, \
  0x00, 0x00, 0x00, 0x00, 0x5a, 0x00, 0x00, 0x00, 0x02, 0x00, 0x00, 0x00, 0x26, 0x00, 0x00, 0x00, \
  0x00, 0x00, 0x00, 0x00, 0x01, 0x00, 0xf2, 0x48, 0xfc, 0x98, 0x78, 0x6e, 0x5f, 0x45, 0x5f, 0xdf, \
  0xbc, 0x9e, 0xb3, 0xa3, 0xde, 0x00, 0x00, 0x00, 0x08, 0x00, 0x00, 0x00, 0x6d, 0x69, 0x6e, 0x5f, \
  0x78, 0x79, 0x7a, 0x00, 0x00, 0x00, 0x00, 0x00, 0x26, 0x00, 0x00, 0x00, 0x01, 0x00, 0x00, 0x00, \
  0x01, 0x00, 0xf2, 0x48, 0xfc, 0x98, 0x78, 0x6e, 0x5f, 0x45, 0x5f, 0xdf, 0xbc, 0x9e, 0xb3, 0xa3, \
  0xde, 0x00, 0x00, 0x00, 0x08, 0x00, 0x00, 0x00, 0x6d, 0x61, 0x78, 0x5f, 0x78, 0x79, 0x7a, 0x00, \
  0x00, 0x00, 0xf2, 0x48, 0xfc, 0x98, 0x78, 0x6e, 0x5f, 0x45, 0x5f, 0xdf, 0xbc, 0x9e, 0xb3, 0xa3, \
  0xde, 0x00, 0x00, 0x00, 0x3c, 0x00, 0x00, 0x00, 0xf2, 0x30, 0x00, 0x00, 0x1e, 0x00, 0x00, 0x00, \
  0x00, 0x00, 0x00, 0x00, 0x16, 0x00, 0x00, 0x00, 0x73, 0x70, 0x61, 0x74, 0x69, 0x61, 0x6c, 0x3a, \
  0x3a, 0x63, 0x6f, 0x6d, 0x6d, 0x6f, 0x6e, 0x3a, 0x3a, 0x56, 0x65, 0x63, 0x33, 0x00, 0x00, 0x00, \
  0x10, 0x00, 0x00, 0x00, 0x00, 0x00, 0x90, 0xf3, 0x01, 0x00, 0x00, 0x00, 0x01, 0x00, 0x00, 0x00, \
  0x03, 0x0a, 0x00, 0x00, 0xf2, 0xe0, 0x05, 0x25, 0x6f, 0x56, 0x5c, 0x85, 0x7d, 0x1a, 0x24, 0xf0, \
  0xc1, 0xbd, 0x10, 0x00, 0x43, 0x00, 0x00, 0x00, 0xf2, 0x30, 0x00, 0x00, 0x21, 0x00, 0x00, 0x00, \
  0x00, 0x00, 0x00, 0x00, 0x19, 0x00, 0x00, 0x00, 0x73, 0x70, 0x61, 0x74, 0x69, 0x61, 0x6c, 0x3a, \
  0x3a, 0x64, 0x69, 0x73, 0x63, 0x6f, 0x3a, 0x3a, 0x46, 0x72, 0x61, 0x6d, 0x65, 0x52, 0x65, 0x66, \
  0x00, 0x00, 0x00, 0x00, 0x13, 0x00, 0x00, 0x00, 0x00, 0x00, 0xf2, 0x31, 0x10, 0x0b, 0x3d, 0x14, \
  0x9a, 0xc3, 0x73, 0x58, 0xa2, 0x3c, 0xd8, 0xdf, 0x0d, 0x00, 0x00, 0xf2, 0x31, 0x10, 0x0b, 0x3d, \
  0x14, 0x9a, 0xc3, 0x73, 0x58, 0xa2, 0x3c, 0xd8, 0xdf, 0x0d, 0x00, 0x00, 0x3f, 0x00, 0x00, 0x00, \
  0xf2, 0x30, 0x00, 0x00, 0x20, 0x00, 0x00, 0x00, 0x00, 0x00, 0x00, 0x00, 0x18, 0x00, 0x00, 0x00, \
  0x73, 0x70, 0x61, 0x74, 0x69, 0x61, 0x6c, 0x3a, 0x3a, 0x63, 0x6f, 0x72, 0x65, 0x3a, 0x3a, 0x46, \
  0x72, 0x61, 0x6d, 0x65, 0x52, 0x65, 0x66, 0x00, 0x13, 0x00, 0x00, 0x00, 0x00, 0x00, 0xf2, 0x65, \
  0x97, 0x0c, 0xfc, 0xac, 0x6c, 0x04, 0x48, 0xe7, 0x4d, 0x43, 0x89, 0x52, 0x31, 0x00, 0x00, 0xf2, \
  0x65, 0x97, 0x0c, 0xfc, 0xac, 0x6c, 0x04, 0x48, 0xe7, 0x4d, 0x43, 0x89, 0x52, 0x31, 0x00, 0x00, \
  0xbf, 0x00, 0x00, 0x00, 0xf2, 0x51, 0x02, 0x00, 0x22, 0x00, 0x00, 0x00, 0x00, 0x00, 0x00, 0x00, \
  0x1a, 0x00, 0x00, 0x00, 0x73, 0x70, 0x61, 0x74, 0x69, 0x61, 0x6c, 0x3a, 0x3a, 0x63, 0x6f, 0x6d, \
  0x6d, 0x6f, 0x6e, 0x3a, 0x3a, 0x46, 0x72, 0x61, 0x6d, 0x65, 0x52, 0x65, 0x66, 0x00, 0x00, 0x00, \
  0x8f, 0x00, 0x00, 0x00, 0x04, 0x00, 0x00, 0x00, 0x13, 0x00, 0x00, 0x00, 0x00, 0x00, 0x00, 0x00, \
  0x01, 0x00, 0x70, 0x00, 0x05, 0x00, 0x00, 0x00, 0x75, 0x75, 0x69, 0x64, 0x00, 0x00, 0x00, 0x00, \
  0x12, 0x00, 0x00, 0x00, 0x01, 0x00, 0x00, 0x00, 0x01, 0x00, 0x70, 0x00, 0x04, 0x00, 0x00, 0x00, \
  0x66, 0x71, 0x6e, 0x00, 0x00, 0x00, 0x00, 0x00, 0x23, 0x00, 0x00, 0x00, 0x02, 0x00, 0x00, 0x00, \
  0x01, 0x00, 0x01, 0x00, 0x15, 0x00, 0x00, 0x00, 0x68, 0x61, 0x73, 0x5f, 0x63, 0x6f, 0x6f, 0x72, \
  0x64, 0x5f, 0x63, 0x6f, 0x6e, 0x76, 0x65, 0x6e, 0x74, 0x69, 0x6f, 0x6e, 0x00, 0x00, 0x00, 0x00, \
  0x2f, 0x00, 0x00, 0x00, 0x03, 0x00, 0x00, 0x00, 0x01, 0x00, 0xf2, 0x35, 0x6a, 0x2d, 0x76, 0xb1, \
  0xf8, 0x99, 0xe0, 0x65, 0xf5, 0xa6, 0x42, 0x18, 0x51, 0x00, 0x00, 0x00, 0x11, 0x00, 0x00, 0x00, \
  0x63, 0x6f, 0x6f, 0x72, 0x64, 0x5f, 0x63, 0x6f, 0x6e, 0x76, 0x65, 0x6e, 0x74, 0x69, 0x6f, 0x6e, \
  0x00, 0x00, 0x00, 0xf2, 0x35, 0x6a, 0x2d, 0x76, 0xb1, 0xf8, 0x99, 0xe0, 0x65, 0xf5, 0xa6, 0x42, \
  0x18, 0x51, 0x00, 0x00, 0xec, 0x00, 0x00, 0x00, 0xf2, 0x40, 0x01, 0x00, 0x29, 0x00, 0x00, 0x00, \
  0x20, 0x00, 0x00, 0x00, 0x21, 0x00, 0x00, 0x00, 0x73, 0x70, 0x61, 0x74, 0x69, 0x61, 0x6c, 0x3a, \
  0x3a, 0x63, 0x6f, 0x6d, 0x6d, 0x6f, 0x6e, 0x3a, 0x3a, 0x43, 0x6f, 0x6f, 0x72, 0x64, 0x43, 0x6f, \
  0x6e, 0x76, 0x65, 0x6e, 0x74, 0x69, 0x6f, 0x6e, 0x00, 0x00, 0x00, 0x00, 0xb4, 0x00, 0x00, 0x00, \
  0x06, 0x00, 0x00, 0x00, 0x16, 0x00, 0x00, 0x00, 0x06, 0x00, 0x00, 0x00, 0x00, 0x00, 0x00, 0x00, \
  0x40, 0x00, 0x00, 0x00, 0x04, 0x00, 0x00, 0x00, 0x45, 0x4e, 0x55, 0x00, 0x00, 0x00, 0x00, 0x00, \
  0x15, 0x00, 0x00, 0x00, 0x06, 0x00, 0x00, 0x00, 0x01, 0x00, 0x00, 0x00, 0x00, 0x00, 0x00, 0x00, \
  0x03, 0x00, 0x00, 0x00, 0x43, 0x56, 0x00, 0x00, 0x00, 0x00, 0x00, 0x00, 0x1b, 0x00, 0x00, 0x00, \
  0x06, 0x00, 0x00, 0x00, 0x02, 0x00, 0x00, 0x00, 0x00, 0x00, 0x00, 0x00, 0x09, 0x00, 0x00, 0x00, \
  0x47, 0x52, 0x41, 0x50, 0x48, 0x49, 0x43, 0x53, 0x00, 0x00, 0x00, 0x00, 0x1b, 0x00, 0x00, 0x00, \
  0x06, 0x00, 0x00, 0x00, 0x03, 0x00, 0x00, 0x00, 0x00, 0x00, 0x00, 0x00, 0x09, 0x00, 0x00, 0x00, \
  0x55, 0x4e, 0x49, 0x54, 0x59, 0x5f, 0x4c, 0x48, 0x00, 0x00, 0x00, 0x00, 0x16, 0x00, 0x00, 0x00, \
  0x06, 0x00, 0x00, 0x00, 0x04, 0x00, 0x00, 0x00, 0x00, 0x00, 0x00, 0x00, 0x04, 0x00, 0x00, 0x00, \
  0x4e, 0x45, 0x44, 0x00, 0x00, 0x00, 0x00, 0x00, 0x18, 0x00, 0x00, 0x00, 0x06, 0x00, 0x00, 0x00, \
  0x05, 0x00, 0x00, 0x00, 0x00, 0x00, 0x00, 0x00, 0x06, 0x00, 0x00, 0x00, 0x4f, 0x54, 0x48, 0x45, \
  0x52, 0x00, 0x00, 0x00, 0xf2, 0xb7, 0xe0, 0x95, 0xff, 0x1d, 0x45, 0x4d, 0x98, 0xde, 0x9c, 0xe1, \
  0x91, 0xd9, 0x58, 0x00, 0x3f, 0x00, 0x00, 0x00, 0xf2, 0x30, 0x00, 0x00, 0x1d, 0x00, 0x00, 0x00, \
  0x00, 0x00, 0x00, 0x00, 0x15, 0x00, 0x00, 0x00, 0x73, 0x70, 0x61, 0x74, 0x69, 0x61, 0x6c, 0x3a, \
  0x3a, 0x64, 0x69, 0x73, 0x63, 0x6f, 0x3a, 0x3a, 0x54, 0x69, 0x6d, 0x65, 0x00, 0x00, 0x00, 0x00, \
  0x13, 0x00, 0x00, 0x00, 0x00, 0x00, 0xf2, 0x94, 0x49, 0x15, 0x3e, 0x3b, 0xcc, 0xbf, 0x99, 0x7f, \
  0x5f, 0x9a, 0x48, 0x69, 0x55, 0x00, 0x00, 0xf2, 0x94, 0x49, 0x15, 0x3e, 0x3b, 0xcc, 0xbf, 0x99, \
  0x7f, 0x5f, 0x9a, 0x48, 0x69, 0x55, 0x00, 0x00, 0x5a, 0x00, 0x00, 0x00, 0xf2, 0x51, 0x02, 0x00, \
  0x16, 0x00, 0x00, 0x00, 0x00, 0x00, 0x00, 0x00, 0x0e, 0x00, 0x00, 0x00, 0x62, 0x75, 0x69, 0x6c, \
  0x74, 0x69, 0x6e, 0x3a, 0x3a, 0x54, 0x69, 0x6d, 0x65, 0x00, 0x00, 0x00, 0x36, 0x00, 0x00, 0x00, \
  0x02, 0x00, 0x00, 0x00, 0x12, 0x00, 0x00, 0x00, 0x00, 0x00, 0x00, 0x00, 0x01, 0x00, 0x05, 0x00, \
  0x04, 0x00, 0x00, 0x00, 0x73, 0x65, 0x63, 0x00, 0x00, 0x00, 0x00, 0x00, 0x16, 0x00, 0x00, 0x00, \
  0x01, 0x00, 0x00, 0x00, 0x01, 0x00, 0x07, 0x00, 0x08, 0x00, 0x00, 0x00, 0x6e, 0x61, 0x6e, 0x6f, \
  0x73, 0x65, 0x63, 0x00, 0x00, 0x00, 0xf2, 0x7e, 0x53, 0x50, 0xa7, 0x3f, 0xf0, 0xfa, 0xe3, 0xae, \
  0x8a, 0xef, 0x99, 0x6e, 0xb6, 0x00, 0x00, 0x00, 0x1f, 0x01, 0x00, 0x00, 0xf2, 0x51, 0x02, 0x00, \
  0x22, 0x00, 0x00, 0x00, 0x00, 0x00, 0x00, 0x00, 0x1a, 0x00, 0x00, 0x00, 0x73, 0x70, 0x61, 0x74, \
  0x69, 0x61, 0x6c, 0x3a, 0x3a, 0x64, 0x69, 0x73, 0x63, 0x6f, 0x3a, 0x3a, 0x54, 0x72, 0x61, 0x6e, \
  0x73, 0x66, 0x6f, 0x72, 0x6d, 0x00, 0x00, 0x00, 0xef, 0x00, 0x00, 0x00, 0x06, 0x00, 0x00, 0x00, \
  0x23, 0x00, 0x00, 0x00, 0x00, 0x00, 0x00, 0x00, 0x01, 0x00, 0xf2, 0xe0, 0x05, 0x25, 0x6f, 0x56, \
  0x5c, 0x85, 0x7d, 0x1a, 0x24, 0xf0, 0xc1, 0xbd, 0x10, 0x00, 0x00, 0x00, 0x05, 0x00, 0x00, 0x00, \
  0x66, 0x72, 0x6f, 0x6d, 0x00, 0x00, 0x00, 0x00, 0x21, 0x00, 0x00, 0x00, 0x01, 0x00, 0x00, 0x00, \
  0x01, 0x00, 0xf2, 0xe0, 0x05, 0x25, 0x6f, 0x56, 0x5c, 0x85, 0x7d, 0x1a, 0x24, 0xf0, 0xc1, 0xbd, \
  0x10, 0x00, 0x00, 0x00, 0x03, 0x00, 0x00, 0x00, 0x74, 0x6f, 0x00, 0x00, 0x00, 0x00, 0x00, 0x00, \
  0x23, 0x00, 0x00, 0x00, 0x02, 0x00, 0x00, 0x00, 0x01, 0x00, 0xf2, 0x9c, 0xe9, 0xa6, 0x9e, 0x6b, \
  0x3d, 0x5f, 0xd8, 0x0f, 0x3f, 0x80, 0xf8, 0xdc, 0x5b, 0x00, 0x00, 0x00, 0x05, 0x00, 0x00, 0x00, \
  0x70, 0x6f, 0x73, 0x65, 0x00, 0x00, 0x00, 0x00, 0x24, 0x00, 0x00, 0x00, 0x03, 0x00, 0x00, 0x00, \
  0x01, 0x00, 0xf2, 0xb7, 0xe0, 0x95, 0xff, 0x1d, 0x45, 0x4d, 0x98, 0xde, 0x9c, 0xe1, 0x91, 0xd9, \
  0x58, 0x00, 0x00, 0x00, 0x06, 0x00, 0x00, 0x00, 0x73, 0x74, 0x61, 0x6d, 0x70, 0x00, 0x00, 0x00, \
  0x1b, 0x00, 0x00, 0x00, 0x04, 0x00, 0x00, 0x00, 0x01, 0x00, 0x01, 0x00, 0x0d, 0x00, 0x00, 0x00, \
  0x68, 0x61, 0x73, 0x5f, 0x76, 0x61, 0x6c, 0x69, 0x64, 0x69, 0x74, 0x79, 0x00, 0x00, 0x00, 0x00, \
  0x27, 0x00, 0x00, 0x00, 0x05, 0x00, 0x00, 0x00, 0x01, 0x00, 0xf2, 0x87, 0xee, 0x96, 0x5a, 0x72, \
  0xfd, 0x5f, 0x9a, 0x67, 0xda, 0x7d, 0xc8, 0xa2, 0x5d, 0x00, 0x00, 0x00, 0x09, 0x00, 0x00, 0x00, \
  0x76, 0x61, 0x6c, 0x69, 0x64, 0x69, 0x74, 0x79, 0x00, 0x00, 0x00, 0xf2, 0x9c, 0xe9, 0xa6, 0x9e, \
  0x6b, 0x3d, 0x5f, 0xd8, 0x0f, 0x3f, 0x80, 0xf8, 0xdc, 0x5b, 0x00, 0x00, 0x3f, 0x00, 0x00, 0x00, \
  0xf2, 0x30, 0x00, 0x00, 0x20, 0x00, 0x00, 0x00, 0x00, 0x00, 0x00, 0x00, 0x18, 0x00, 0x00, 0x00, \
  0x73, 0x70, 0x61, 0x74, 0x69, 0x61, 0x6c, 0x3a, 0x3a, 0x64, 0x69, 0x73, 0x63, 0x6f, 0x3a, 0x3a, \
  0x50, 0x6f, 0x73, 0x65, 0x53, 0x45, 0x33, 0x00, 0x13, 0x00, 0x00, 0x00, 0x00, 0x00, 0xf2, 0xe3, \
  0xd5, 0x05, 0xab, 0xbf, 0x1d, 0xee, 0x39, 0x9f, 0x75, 0x3c, 0xbd, 0xfd, 0xf6, 0x00, 0x00, 0xf2, \
  0xe3, 0xd5, 0x05, 0xab, 0xbf, 0x1d, 0xee, 0x39, 0x9f, 0x75, 0x3c, 0xbd, 0xfd, 0xf6, 0x00, 0x00, \
  0x78, 0x00, 0x00, 0x00, 0xf2, 0x51, 0x02, 0x00, 0x1f, 0x00, 0x00, 0x00, 0x00, 0x00, 0x00, 0x00, \
  0x17, 0x00, 0x00, 0x00, 0x73, 0x70, 0x61, 0x74, 0x69, 0x61, 0x6c, 0x3a, 0x3a, 0x63, 0x6f, 0x72, \
  0x65, 0x3a, 0x3a, 0x50, 0x6f, 0x73, 0x65, 0x53, 0x45, 0x33, 0x00, 0x00, 0x4c, 0x00, 0x00, 0x00, \
  0x02, 0x00, 0x00, 0x00, 0x20, 0x00, 0x00, 0x00, 0x00, 0x00, 0x00, 0x00, 0x01, 0x00, 0xf2, 0x48, \
  0xfc, 0x98, 0x78, 0x6e, 0x5f, 0x45, 0x5f, 0xdf, 0xbc, 0x9e, 0xb3, 0xa3, 0xde, 0x00, 0x00, 0x00, \
  0x02, 0x00, 0x00, 0x00, 0x74, 0x00, 0x00, 0x00, 0x20, 0x00, 0x00, 0x00, 0x01, 0x00, 0x00, 0x00, \
  0x01, 0x00, 0xf2, 0x32, 0x31, 0xaf, 0x29, 0x08, 0xbd, 0x3e, 0x15, 0x04, 0x4d, 0x58, 0x91, 0xfc, \
  0xc8, 0x00, 0x00, 0x00, 0x02, 0x00, 0x00, 0x00, 0x71, 0x00, 0x00, 0x00, 0xf2, 0x32, 0x31, 0xaf, \
  0x29, 0x08, 0xbd, 0x3e, 0x15, 0x04, 0x4d, 0x58, 0x91, 0xfc, 0xc8, 0x00, 0x44, 0x00, 0x00, 0x00, \
  0xf2, 0x30, 0x00, 0x00, 0x28, 0x00, 0x00, 0x00, 0x00, 0x00, 0x00, 0x00, 0x20, 0x00, 0x00, 0x00, \
  0x73, 0x70, 0x61, 0x74, 0x69, 0x61, 0x6c, 0x3a, 0x3a, 0x63, 0x6f, 0x6d, 0x6d, 0x6f, 0x6e, 0x3a, \
  0x3a, 0x51, 0x75, 0x61, 0x74, 0x65, 0x72, 0x6e, 0x69, 0x6f, 0x6e, 0x58, 0x59, 0x5a, 0x57, 0x00, \
  0x10, 0x00, 0x00, 0x00, 0x00, 0x00, 0x90, 0xf3, 0x01, 0x00, 0x00, 0x00, 0x01, 0x00, 0x00, 0x00, \
  0x04, 0x0a, 0x00, 0x00, 0xf2, 0x87, 0xee, 0x96, 0x5a, 0x72, 0xfd, 0x5f, 0x9a, 0x67, 0xda, 0x7d, \
  0xc8, 0xa2, 0x5d, 0x00, 0x7a, 0x00, 0x00, 0x00, 0xf2, 0x51, 0x02, 0x00, 0x27, 0x00, 0x00, 0x00, \
  0x00, 0x00, 0x00, 0x00, 0x1f, 0x00, 0x00, 0x00, 0x73, 0x70, 0x61, 0x74, 0x69, 0x61, 0x6c, 0x3a, \
  0x3a, 0x64, 0x69, 0x73, 0x63, 0x6f, 0x3a, 0x3a, 0x56, 0x61, 0x6c, 0x69, 0x64, 0x69, 0x74, 0x79, \
  0x57, 0x69, 0x6e, 0x64, 0x6f, 0x77, 0x00, 0x00, 0x46, 0x00, 0x00, 0x00, 0x02, 0x00, 0x00, 0x00, \
  0x23, 0x00, 0x00, 0x00, 0x00, 0x00, 0x00, 0x00, 0x01, 0x00, 0xf2, 0xb7, 0xe0, 0x95, 0xff, 0x1d, \
  0x45, 0x4d, 0x98, 0xde, 0x9c, 0xe1, 0x91, 0xd9, 0x58, 0x00, 0x00, 0x00, 0x05, 0x00, 0x00, 0x00, \
  0x66, 0x72, 0x6f, 0x6d, 0x00, 0x00, 0x00, 0x00, 0x16, 0x00, 0x00, 0x00, 0x01, 0x00, 0x00, 0x00, \
  0x01, 0x00, 0x07, 0x00, 0x08, 0x00, 0x00, 0x00, 0x73, 0x65, 0x63, 0x6f, 0x6e, 0x64, 0x73, 0x00, \
  0x00, 0x00, 0xf2, 0x1d, 0x8d, 0x59, 0xb6, 0x80, 0x08, 0x51, 0xa4, 0x2c, 0xa5, 0xd5, 0x12, 0x3f, \
  0xb5, 0x00, 0x00, 0x00, 0x36, 0x00, 0x00, 0x00, 0xf2, 0x30, 0x00, 0x00, 0x23, 0x00, 0x00, 0x00, \
  0x00, 0x00, 0x00, 0x00, 0x1b, 0x00, 0x00, 0x00, 0x73, 0x70, 0x61, 0x74, 0x69, 0x61, 0x6c, 0x3a, \
  0x3a, 0x64, 0x69, 0x73, 0x63, 0x6f, 0x3a, 0x3a, 0x53, 0x70, 0x61, 0x74, 0x69, 0x61, 0x6c, 0x55, \
  0x72, 0x69, 0x00, 0x00, 0x06, 0x00, 0x00, 0x00, 0x00, 0x00, 0x70, 0x00, 0x00, 0x00, 0x00, 0x00, \
  0xb6, 0x02, 0x00, 0x00, 0x17, 0x00, 0x00, 0x00, 0xf2, 0xc3, 0xfd, 0x91, 0x3e, 0x4c, 0x04, 0x35, \
  0xf8, 0x7e, 0x09, 0x7d, 0xd6, 0xb9, 0xbb, 0xf1, 0x01, 0x02, 0xee, 0xc1, 0x00, 0x7a, 0x2f, 0x88, \
  0x27, 0x1e, 0x49, 0x27, 0xad, 0xbd, 0xf2, 0x95, 0xe0, 0x91, 0x4a, 0x1c, 0xd7, 0xee, 0x0c, 0x72, \
  0x69, 0xb8, 0x85, 0xc2, 0x0b, 0xf1, 0x5e, 0x2a, 0x90, 0x68, 0xd9, 0x9b, 0xfc, 0xe3, 0xb6, 0x68, \
  0x20, 0xbf, 0xad, 0xd1, 0xf2, 0x10, 0xb2, 0x34, 0x6e, 0x9b, 0xe7, 0xc5, 0x53, 0xc4, 0x1e, 0x43, \
  0x50, 0x6a, 0xc6, 0xf1, 0x57, 0xe8, 0x3b, 0xe0, 0x10, 0xc8, 0xf4, 0x1a, 0xe7, 0x2b, 0x18, 0x47, \
  0xcb, 0xdb, 0xf2, 0x3f, 0x9d, 0x88, 0x0b, 0x03, 0x14, 0x20, 0x9f, 0x30, 0xe3, 0xe6, 0x38, 0xea, \
  0x53, 0xf1, 0x09, 0x19, 0xc4, 0x16, 0xd7, 0x0b, 0xa2, 0xc8, 0x73, 0x91, 0xad, 0x06, 0x64, 0x28, \
  0xf2, 0xa9, 0x62, 0x07, 0x16, 0xae, 0x63, 0x96, 0x1d, 0x0e, 0xc6, 0x3f, 0x40, 0x9f, 0x90, 0xf1, \
  0x35, 0x5b, 0xf1, 0xa4, 0xc0, 0x47, 0xfb, 0xd8, 0xf5, 0x0d, 0xcf, 0x57, 0x62, 0x91, 0xf2, 0x09, \
  0x56, 0x17, 0x30, 0x9a, 0x74, 0xdf, 0x77, 0x96, 0x1c, 0xdd, 0xd5, 0xe4, 0x8e, 0xf1, 0x1e, 0xc8, \
  0xa3, 0xfc, 0xa3, 0xfe, 0xdb, 0xe0, 0x43, 0x46, 0x04, 0x13, 0x3b, 0x42, 0xf2, 0x33, 0x31, 0x48, \
  0x03, 0xc0, 0x2a, 0x9f, 0x03, 0x4f, 0x40, 0xd5, 0x93, 0xd3, 0xd5, 0xf1, 0xe9, 0x4a, 0x7a, 0x28, \
  0x52, 0xd4, 0x2a, 0xed, 0xe3, 0xcf, 0x7e, 0xf8, 0xea, 0x8a, 0xf2, 0x91, 0x38, 0x0c, 0xde, 0xf8, \
  0x67, 0x8f, 0xc8, 0x8b, 0xa2, 0x83, 0x62, 0xe5, 0xa7, 0xf1, 0x12, 0x69, 0x2f, 0xb5, 0x69, 0x7b, \
  0xe7, 0x28, 0x99, 0xb2, 0x36, 0x0f, 0x3d, 0xa7, 0xf2, 0xaa, 0xea, 0xdb, 0xbe, 0x20, 0x73, 0x26, \
  0x70, 0x8f, 0xaa, 0x55, 0xe2, 0x57, 0x42, 0xf1, 0xc7, 0x1e, 0x1d, 0x76, 0x25, 0xc2, 0x57, 0x77, \
  0xb1, 0x10, 0xe6, 0xf0, 0x3d, 0xa3, 0xf2, 0xc4, 0xed, 0x19, 0xab, 0x3c, 0x92, 0x34, 0xf6, 0xcb, \
  0xcb, 0x48, 0x87, 0xbd, 0x12, 0xf1, 0xc3, 0x45, 0x6b, 0x54, 0x39, 0x78, 0x18, 0x9c, 0xb4, 0x6e, \
  0x91, 0x1d, 0x73, 0x12, 0xf2, 0x48, 0xfc, 0x98, 0x78, 0x6e, 0x5f, 0x45, 0x5f, 0xdf, 0xbc, 0x9e, \
  0xb3, 0xa3, 0xde, 0xf1, 0xca, 0x17, 0xfa, 0xc2, 0xd2, 0xb0, 0xec, 0x46, 0x95, 0x91, 0x10, 0xf9, \
  0x01, 0x5e, 0xf2, 0xe0, 0x05, 0x25, 0x6f, 0x56, 0x5c, 0x85, 0x7d, 0x1a, 0x24, 0xf0, 0xc1, 0xbd, \
  0x10, 0xf1, 0xa6, 0x55, 0x48, 0x0e, 0x0a, 0x08, 0x99, 0x4f, 0xe4, 0x13, 0x37, 0xd3, 0xb5, 0x08, \
  0xf2, 0x31, 0x10, 0x0b, 0x3d, 0x14, 0x9a, 0xc3, 0x73, 0x58, 0xa2, 0x3c, 0xd8, 0xdf, 0x0d, 0xf1, \
  0x07, 0xdf, 0x2d, 0x0b, 0xf4, 0xea, 0xbd, 0x76, 0x34, 0x6f, 0x71, 0xc2, 0x15, 0x99, 0xf2, 0x65, \
  0x97, 0x0c, 0xfc, 0xac, 0x6c, 0x04, 0x48, 0xe7, 0x4d, 0x43, 0x89, 0x52, 0x31, 0xf1, 0xba, 0x3c, \
  0xeb, 0xdf, 0x4e, 0x99, 0x9e, 0x69, 0x58, 0x8e, 0x74, 0xb2, 0xae, 0xcc, 0xf2, 0x35, 0x6a, 0x2d, \
  0x76, 0xb1, 0xf8, 0x99, 0xe0, 0x65, 0xf5, 0xa6, 0x42, 0x18, 0x51, 0xf1, 0xce, 0xfa, 0xd7, 0x48, \
  0xf7, 0x25, 0xa0, 0x47, 0xf9, 0xcb, 0x29, 0x0f, 0x65, 0x6f, 0xf2, 0xb7, 0xe0, 0x95, 0xff, 0x1d, \
  0x45, 0x4d, 0x98, 0xde, 0x9c, 0xe1, 0x91, 0xd9, 0x58, 0xf1, 0x57, 0x5f, 0x4b, 0x08, 0xf8, 0x9a, \
  0xbb, 0x3b, 0x1c, 0x46, 0x2c, 0x73, 0x44, 0xa1, 0xf2, 0x94, 0x49, 0x15, 0x3e, 0x3b, 0xcc, 0xbf, \
  0x99, 0x7f, 0x5f, 0x9a, 0x48, 0x69, 0x55, 0xf1, 0x46, 0x07, 0x51, 0x88, 0x68, 0x07, 0x8e, 0x86, \
  0x24, 0xf2, 0x43, 0x0b, 0xe8, 0x46, 0xf2, 0x7e, 0x53, 0x50, 0xa7, 0x3f, 0xf0, 0xfa, 0xe3, 0xae, \
  0x8a, 0xef, 0x99, 0x6e, 0xb6, 0xf1, 0xd4, 0x6a, 0x65, 0xb6, 0x1a, 0x88, 0xc0, 0xa6, 0x6f, 0xde, \
  0x98, 0xf5, 0x8b, 0x97, 0xf2, 0x9c, 0xe9, 0xa6, 0x9e, 0x6b, 0x3d, 0x5f, 0xd8, 0x0f, 0x3f, 0x80, \
  0xf8, 0xdc, 0x5b, 0xf1, 0xe1, 0x57, 0xce, 0xc6, 0xce, 0x7a, 0x33, 0x45, 0x16, 0x1c, 0x8f, 0x6f, \
  0x4c, 0x26, 0xf2, 0xe3, 0xd5, 0x05, 0xab, 0xbf, 0x1d, 0xee, 0x39, 0x9f, 0x75, 0x3c, 0xbd, 0xfd, \
  0xf6, 0xf1, 0x9b, 0x0a, 0xe1, 0x3c, 0xdf, 0xe7, 0x2d, 0x2d, 0xb9, 0x84, 0xf3, 0x65, 0x89, 0x6f, \
  0xf2, 0x32, 0x31, 0xaf, 0x29, 0x08, 0xbd, 0x3e, 0x15, 0x04, 0x4d, 0x58, 0x91, 0xfc, 0xc8, 0xf1, \
  0x12, 0x69, 0x2f, 0xb5, 0x69, 0x7b, 0xe7, 0x28, 0x99, 0xb2, 0x36, 0x0f, 0x3d, 0xa7, 0xf2, 0x87, \
  0xee, 0x96, 0x5a, 0x72, 0xfd, 0x5f, 0x9a, 0x67, 0xda, 0x7d, 0xc8, 0xa2, 0x5d, 0xf1, 0xb0, 0x40, \
  0xf4, 0x42, 0x6b, 0x08, 0x3e, 0xfd, 0xfd, 0xc1, 0x75, 0x59, 0x26, 0xe2, 0xf2, 0x1d, 0x8d, 0x59, \
  0xb6, 0x80, 0x08, 0x51, 0xa4, 0x2c, 0xa5, 0xd5, 0x12, 0x3f, 0xb5, 0xf1, 0xed, 0x1f, 0xa2, 0x38, \
  0x3b, 0xf6, 0x16, 0xb5, 0xa3, 0x73, 0x6b, 0xfe, 0x95, 0xda\
}
#define TYPE_MAP_CDR_SZ_spatial_disco_Announce 7850u
const dds_topic_descriptor_t spatial_disco_Announce_desc =
{
  .m_size = sizeof (spatial_disco_Announce),
  .m_align = dds_alignof (spatial_disco_Announce),
  .m_flagset = DDS_TOPIC_XTYPES_METADATA,
  .m_nkeys = 1u,
  .m_typename = "spatial::disco::Announce",
  .m_keys = spatial_disco_Announce_keys,
  .m_nops = sizeof (spatial_disco_Announce_ops) / sizeof (spatial_disco_Announce_ops[0]),
  .m_ops = spatial_disco_Announce_ops,
  .m_meta = "",
  .type_information = { .data = TYPE_INFO_CDR_spatial_disco_Announce, .sz = TYPE_INFO_CDR_SZ_spatial_disco_Announce },
  .type_mapping = { .data = TYPE_MAP_CDR_spatial_disco_Announce, .sz = TYPE_MAP_CDR_SZ_spatial_disco_Announce }
};

#if defined(_MSC_VER) && (_MSC_VER > 1943)
__pragma(warning(push))
__pragma(warning(disable: 5287))
#endif
static const uint32_t spatial_disco_CoverageHint_ops [] =
{
  /* CoverageHint */
  DDS_OP_DLC,
  DDS_OP_ADR | DDS_OP_FLAG_KEY | DDS_OP_TYPE_STR, offsetof (spatial_disco_CoverageHint, service_id),
  DDS_OP_ADR | DDS_OP_TYPE_BSQ | DDS_OP_SUBTYPE_STU, offsetof (spatial_disco_CoverageHint, coverage), 16u, sizeof (spatial_disco_CoverageElement), (5u << 16u) + 24u /* CoverageElement */,
  DDS_OP_ADR | DDS_OP_TYPE_EXT, offsetof (spatial_disco_CoverageHint, coverage_frame_ref), (3u << 16u) + 58u /* FrameRef */,
  DDS_OP_ADR | DDS_OP_TYPE_BLN, offsetof (spatial_disco_CoverageHint, has_coverage_eval_time),
  DDS_OP_ADR | DDS_OP_TYPE_EXT, offsetof (spatial_disco_CoverageHint, coverage_eval_time), (3u << 16u) + 64u /* Time */,
  DDS_OP_ADR | DDS_OP_TYPE_BSQ | DDS_OP_SUBTYPE_STU, offsetof (spatial_disco_CoverageHint, transforms), 8u, sizeof (spatial_disco_Transform), (5u << 16u) + 67u /* Transform */,
  DDS_OP_ADR | DDS_OP_TYPE_EXT, offsetof (spatial_disco_CoverageHint, stamp), (3u << 16u) + 56u /* Time */,
  DDS_OP_ADR | DDS_OP_TYPE_4BY, offsetof (spatial_disco_CoverageHint, ttl_sec),
  DDS_OP_RTS,

  /* CoverageElement */
  DDS_OP_DLC,
  DDS_OP_ADR | DDS_OP_TYPE_BLN, offsetof (spatial_disco_CoverageElement, has_crs),
  DDS_OP_ADR | DDS_OP_TYPE_STR, offsetof (spatial_disco_CoverageElement, crs),
  DDS_OP_ADR | DDS_OP_TYPE_BLN, offsetof (spatial_disco_CoverageElement, has_bbox),
  DDS_OP_ADR | DDS_OP_TYPE_ARR | DDS_OP_SUBTYPE_8BY | DDS_OP_FLAG_FP, offsetof (spatial_disco_CoverageElement, bbox), 4u,
  DDS_OP_ADR | DDS_OP_TYPE_BLN, offsetof (spatial_disco_CoverageElement, has_aabb),
  DDS_OP_ADR | DDS_OP_TYPE_EXT, offsetof (spatial_disco_CoverageElement, aabb), (3u << 16u) + 19u /* Aabb3 */,
  DDS_OP_ADR | DDS_OP_TYPE_BLN, offsetof (spatial_disco_CoverageElement, global),
  DDS_OP_ADR | DDS_OP_TYPE_BLN, offsetof (spatial_disco_CoverageElement, has_frame_ref),
  DDS_OP_ADR | DDS_OP_TYPE_EXT, offsetof (spatial_disco_CoverageElement, frame_ref), (3u << 16u) + 20u /* FrameRef */,
  DDS_OP_ADR | DDS_OP_TYPE_BLN, offsetof (spatial_disco_CoverageElement, has_coverage_window),
  DDS_OP_ADR | DDS_OP_TYPE_EXT, offsetof (spatial_disco_CoverageElement, coverage_window_start), (3u << 16u) + 26u /* Time */,
  DDS_OP_ADR | DDS_OP_TYPE_EXT, offsetof (spatial_disco_CoverageElement, coverage_window_end), (3u << 16u) + 23u /* Time */,
  DDS_OP_RTS,

  /* Aabb3 */
  DDS_OP_DLC,
  DDS_OP_ADR | DDS_OP_TYPE_ARR | DDS_OP_SUBTYPE_8BY | DDS_OP_FLAG_FP, offsetof (spatial_core_Aabb3, min_xyz), 3u,
  DDS_OP_ADR | DDS_OP_TYPE_ARR | DDS_OP_SUBTYPE_8BY | DDS_OP_FLAG_FP, offsetof (spatial_core_Aabb3, max_xyz), 3u,
  DDS_OP_RTS,

  /* FrameRef */
  DDS_OP_DLC,
  DDS_OP_ADR | DDS_OP_TYPE_STR, offsetof (spatial_common_FrameRef, uuid),
  DDS_OP_ADR | DDS_OP_TYPE_STR, offsetof (spatial_common_FrameRef, fqn),
  DDS_OP_ADR | DDS_OP_TYPE_BLN, offsetof (spatial_common_FrameRef, has_coord_convention),
  DDS_OP_ADR | DDS_OP_TYPE_ENU | (2 << DDS_OP_FLAG_SZ_SHIFT), offsetof (spatial_common_FrameRef, coord_convention), 5u,
  DDS_OP_RTS,

  /* Time */
  DDS_OP_DLC,
  DDS_OP_ADR | DDS_OP_TYPE_8BY | DDS_OP_FLAG_SGN, offsetof (builtin_Time, sec),
  DDS_OP_ADR | DDS_OP_TYPE_4BY, offsetof (builtin_Time, nanosec),
  DDS_OP_RTS,

  /* Transform */
  DDS_OP_DLC,
  DDS_OP_ADR | DDS_OP_TYPE_EXT, offsetof (spatial_disco_Transform, from), (3u << 16u) + 65518u /* FrameRef */,
  DDS_OP_ADR | DDS_OP_TYPE_EXT, offsetof (spatial_disco_Transform, to), (3u << 16u) + 65515u /* FrameRef */,
  DDS_OP_ADR | DDS_OP_TYPE_EXT, offsetof (spatial_disco_Transform, pose), (3u << 16u) + 12u /* PoseSE3 */,
  DDS_OP_ADR | DDS_OP_TYPE_EXT, offsetof (spatial_disco_Transform, stamp), (3u << 16u) + 65520u /* Time */,
  DDS_OP_ADR | DDS_OP_TYPE_BLN, offsetof (spatial_disco_Transform, has_validity),
  DDS_OP_ADR | DDS_OP_TYPE_EXT, offsetof (spatial_disco_Transform, validity), (3u << 16u) + 12u /* ValidityWindow */,
  DDS_OP_RTS,

  /* PoseSE3 */
  DDS_OP_DLC,
  DDS_OP_ADR | DDS_OP_TYPE_ARR | DDS_OP_SUBTYPE_8BY | DDS_OP_FLAG_FP, offsetof (spatial_core_PoseSE3, t), 3u,
  DDS_OP_ADR | DDS_OP_TYPE_ARR | DDS_OP_SUBTYPE_8BY | DDS_OP_FLAG_FP, offsetof (spatial_core_PoseSE3, q), 4u,
  DDS_OP_RTS,

  /* ValidityWindow */
  DDS_OP_DLC,
  DDS_OP_ADR | DDS_OP_TYPE_EXT, offsetof (spatial_disco_ValidityWindow, from), (3u << 16u) + 65502u /* Time */,
  DDS_OP_ADR | DDS_OP_TYPE_4BY, offsetof (spatial_disco_ValidityWindow, seconds),
  DDS_OP_RTS,
  
  /* key: service_id */
  DDS_OP_KOF | 1, 1u /* order: 0 */
};

#if defined(_MSC_VER) && (_MSC_VER > 1943)
__pragma(warning(pop))
#endif
static const dds_key_descriptor_t spatial_disco_CoverageHint_keys[1] =
{
  { "service_id", 117, 0 }
};

/* Type Information:
  [MINIMAL a84a884b594564a247cc8bb97a8f] (#deps: 15)
   - [MINIMAL e94a7a2852d42aede3cf7ef8ea8a]
   - [MINIMAL 12692fb5697be72899b2360f3da7]
   - [MINIMAL c71e1d7625c25777b110e6f03da3]
   - [MINIMAL c3456b543978189cb46e911d7312]
   - [MINIMAL ca17fac2d2b0ec46959110f9015e]
   - [MINIMAL a655480e0a08994fe41337d3b508]
   - [MINIMAL 07df2d0bf4eabd76346f71c21599]
   - [MINIMAL ba3cebdf4e999e69588e74b2aecc]
   - [MINIMAL cefad748f725a047f9cb290f656f]
   - [MINIMAL 575f4b08f89abb3b1c462c7344a1]
   - [MINIMAL 4607518868078e8624f2430be846]
   - [MINIMAL d46a65b61a88c0a66fde98f58b97]
   - [MINIMAL e157cec6ce7a3345161c8f6f4c26]
   - [MINIMAL 9b0ae13cdfe72d2db984f365896f]
   - [MINIMAL b040f4426b083efdfdc1755926e2]
  [COMPLETE 2cf2360b8dee289d071685c55d6a] (#deps: 16)
   - [COMPLETE 33314803c02a9f034f40d593d3d5]
   - [COMPLETE 91380cdef8678fc88ba28362e5a7]
   - [COMPLETE aaeadbbe207326708faa55e25742]
   - [COMPLETE c4ed19ab3c9234f6cbcb4887bd12]
   - [COMPLETE 48fc98786e5f455fdfbc9eb3a3de]
   - [COMPLETE e005256f565c857d1a24f0c1bd10]
   - [COMPLETE 31100b3d149ac37358a23cd8df0d]
   - [COMPLETE 65970cfcac6c0448e74d43895231]
   - [COMPLETE 356a2d76b1f899e065f5a6421851]
   - [COMPLETE b7e095ff1d454d98de9ce191d958]
   - [COMPLETE 9449153e3bccbf997f5f9a486955]
   - [COMPLETE 7e5350a73ff0fae3ae8aef996eb6]
   - [COMPLETE 9ce9a69e6b3d5fd80f3f80f8dc5b]
   - [COMPLETE e3d505abbf1dee399f753cbdfdf6]
   - [COMPLETE 3231af2908bd3e15044d5891fcc8]
   - [COMPLETE 87ee965a72fd5f9a67da7dc8a25d]
*/
#define TYPE_INFO_CDR_spatial_disco_CoverageHint (const unsigned char []){ \
  0x48, 0x03, 0x00, 0x00, 0x01, 0x10, 0x00, 0x40, 0x90, 0x01, 0x00, 0x00, 0x8c, 0x01, 0x00, 0x00, \
  0x14, 0x00, 0x00, 0x00, 0xf1, 0xa8, 0x4a, 0x88, 0x4b, 0x59, 0x45, 0x64, 0xa2, 0x47, 0xcc, 0x8b, \
  0xb9, 0x7a, 0x8f, 0x00, 0xef, 0x00, 0x00, 0x00, 0x0f, 0x00, 0x00, 0x00, 0x6c, 0x01, 0x00, 0x00, \
  0x0f, 0x00, 0x00, 0x00, 0x14, 0x00, 0x00, 0x00, 0xf1, 0xe9, 0x4a, 0x7a, 0x28, 0x52, 0xd4, 0x2a, \
  0xed, 0xe3, 0xcf, 0x7e, 0xf8, 0xea, 0x8a, 0x00, 0x25, 0x01, 0x00, 0x00, 0x14, 0x00, 0x00, 0x00, \
  0xf1, 0x12, 0x69, 0x2f, 0xb5, 0x69, 0x7b, 0xe7, 0x28, 0x99, 0xb2, 0x36, 0x0f, 0x3d, 0xa7, 0x00, \
  0x1e, 0x00, 0x00, 0x00, 0x14, 0x00, 0x00, 0x00, 0xf1, 0xc7, 0x1e, 0x1d, 0x76, 0x25, 0xc2, 0x57, \
  0x77, 0xb1, 0x10, 0xe6, 0xf0, 0x3d, 0xa3, 0x00, 0x21, 0x00, 0x00, 0x00, 0x14, 0x00, 0x00, 0x00, \
  0xf1, 0xc3, 0x45, 0x6b, 0x54, 0x39, 0x78, 0x18, 0x9c, 0xb4, 0x6e, 0x91, 0x1d, 0x73, 0x12, 0x00, \
  0x55, 0x00, 0x00, 0x00, 0x14, 0x00, 0x00, 0x00, 0xf1, 0xca, 0x17, 0xfa, 0xc2, 0xd2, 0xb0, 0xec, \
  0x46, 0x95, 0x91, 0x10, 0xf9, 0x01, 0x5e, 0x00, 0x1e, 0x00, 0x00, 0x00, 0x14, 0x00, 0x00, 0x00, \
  0xf1, 0xa6, 0x55, 0x48, 0x0e, 0x0a, 0x08, 0x99, 0x4f, 0xe4, 0x13, 0x37, 0xd3, 0xb5, 0x08, 0x00, \
  0x21, 0x00, 0x00, 0x00, 0x14, 0x00, 0x00, 0x00, 0xf1, 0x07, 0xdf, 0x2d, 0x0b, 0xf4, 0xea, 0xbd, \
  0x76, 0x34, 0x6f, 0x71, 0xc2, 0x15, 0x99, 0x00, 0x21, 0x00, 0x00, 0x00, 0x14, 0x00, 0x00, 0x00, \
  0xf1, 0xba, 0x3c, 0xeb, 0xdf, 0x4e, 0x99, 0x9e, 0x69, 0x58, 0x8e, 0x74, 0xb2, 0xae, 0xcc, 0x00, \
  0x65, 0x00, 0x00, 0x00, 0x14, 0x00, 0x00, 0x00, 0xf1, 0xce, 0xfa, 0xd7, 0x48, 0xf7, 0x25, 0xa0, \
  0x47, 0xf9, 0xcb, 0x29, 0x0f, 0x65, 0x6f, 0x00, 0x8e, 0x00, 0x00, 0x00, 0x14, 0x00, 0x00, 0x00, \
  0xf1, 0x57, 0x5f, 0x4b, 0x08, 0xf8, 0x9a, 0xbb, 0x3b, 0x1c, 0x46, 0x2c, 0x73, 0x44, 0xa1, 0x00, \
  0x21, 0x00, 0x00, 0x00, 0x14, 0x00, 0x00, 0x00, 0xf1, 0x46, 0x07, 0x51, 0x88, 0x68, 0x07, 0x8e, \
  0x86, 0x24, 0xf2, 0x43, 0x0b, 0xe8, 0x46, 0x00, 0x37, 0x00, 0x00, 0x00, 0x14, 0x00, 0x00, 0x00, \
  0xf1, 0xd4, 0x6a, 0x65, 0xb6, 0x1a, 0x88, 0xc0, 0xa6, 0x6f, 0xde, 0x98, 0xf5, 0x8b, 0x97, 0x00, \
  0xc5, 0x00, 0x00, 0x00, 0x14, 0x00, 0x00, 0x00, 0xf1, 0xe1, 0x57, 0xce, 0xc6, 0xce, 0x7a, 0x33, \
  0x45, 0x16, 0x1c, 0x8f, 0x6f, 0x4c, 0x26, 0x00, 0x21, 0x00, 0x00, 0x00, 0x14, 0x00, 0x00, 0x00, \
  0xf1, 0x9b, 0x0a, 0xe1, 0x3c, 0xdf, 0xe7, 0x2d, 0x2d, 0xb9, 0x84, 0xf3, 0x65, 0x89, 0x6f, 0x00, \
  0x55, 0x00, 0x00, 0x00, 0x14, 0x00, 0x00, 0x00, 0xf1, 0xb0, 0x40, 0xf4, 0x42, 0x6b, 0x08, 0x3e, \
  0xfd, 0xfd, 0xc1, 0x75, 0x59, 0x26, 0xe2, 0x00, 0x47, 0x00, 0x00, 0x00, 0x02, 0x10, 0x00, 0x40, \
  0xa8, 0x01, 0x00, 0x00, 0xa4, 0x01, 0x00, 0x00, 0x14, 0x00, 0x00, 0x00, 0xf2, 0x2c, 0xf2, 0x36, \
  0x0b, 0x8d, 0xee, 0x28, 0x9d, 0x07, 0x16, 0x85, 0xc5, 0x5d, 0x6a, 0x00, 0x9e, 0x01, 0x00, 0x00, \
  0x10, 0x00, 0x00, 0x00, 0x84, 0x01, 0x00, 0x00, 0x10, 0x00, 0x00, 0x00, 0x14, 0x00, 0x00, 0x00, \
  0xf2, 0x33, 0x31, 0x48, 0x03, 0xc0, 0x2a, 0x9f, 0x03, 0x4f, 0x40, 0xd5, 0x93, 0xd3, 0xd5, 0x00, \
  0xf6, 0x01, 0x00, 0x00, 0x14, 0x00, 0x00, 0x00, 0xf2, 0x91, 0x38, 0x0c, 0xde, 0xf8, 0x67, 0x8f, \
  0xc8, 0x8b, 0xa2, 0x83, 0x62, 0xe5, 0xa7, 0x00, 0x40, 0x00, 0x00, 0x00, 0x14, 0x00, 0x00, 0x00, \
  0xf2, 0xaa, 0xea, 0xdb, 0xbe, 0x20, 0x73, 0x26, 0x70, 0x8f, 0xaa, 0x55, 0xe2, 0x57, 0x42, 0x00, \
  0x43, 0x00, 0x00, 0x00, 0x14, 0x00, 0x00, 0x00, 0xf2, 0xc4, 0xed, 0x19, 0xab, 0x3c, 0x92, 0x34, \
  0xf6, 0xcb, 0xcb, 0x48, 0x87, 0xbd, 0x12, 0x00, 0x8a, 0x00, 0x00, 0x00, 0x14, 0x00, 0x00, 0x00, \
  0xf2, 0x48, 0xfc, 0x98, 0x78, 0x6e, 0x5f, 0x45, 0x5f, 0xdf, 0xbc, 0x9e, 0xb3, 0xa3, 0xde, 0x00, \
  0x40, 0x00, 0x00, 0x00, 0x14, 0x00, 0x00, 0x00, 0xf2, 0xe0, 0x05, 0x25, 0x6f, 0x56, 0x5c, 0x85, \
  0x7d, 0x1a, 0x24, 0xf0, 0xc1, 0xbd, 0x10, 0x00, 0x47, 0x00, 0x00, 0x00, 0x14, 0x00, 0x00, 0x00, \
  0xf2, 0x31, 0x10, 0x0b, 0x3d, 0x14, 0x9a, 0xc3, 0x73, 0x58, 0xa2, 0x3c, 0xd8, 0xdf, 0x0d, 0x00, \
  0x43, 0x00, 0x00, 0x00, 0x14, 0x00, 0x00, 0x00, 0xf2, 0x65, 0x97, 0x0c, 0xfc, 0xac, 0x6c, 0x04, \
  0x48, 0xe7, 0x4d, 0x43, 0x89, 0x52, 0x31, 0x00, 0xc3, 0x00, 0x00, 0x00, 0x14, 0x00, 0x00, 0x00, \
  0xf2, 0x35, 0x6a, 0x2d, 0x76, 0xb1, 0xf8, 0x99, 0xe0, 0x65, 0xf5, 0xa6, 0x42, 0x18, 0x51, 0x00, \
  0xf0, 0x00, 0x00, 0x00, 0x14, 0x00, 0x00, 0x00, 0xf2, 0xb7, 0xe0, 0x95, 0xff, 0x1d, 0x45, 0x4d, \
  0x98, 0xde, 0x9c, 0xe1, 0x91, 0xd9, 0x58, 0x00, 0x43, 0x00, 0x00, 0x00, 0x14, 0x00, 0x00, 0x00, \
  0xf2, 0x94, 0x49, 0x15, 0x3e, 0x3b, 0xcc, 0xbf, 0x99, 0x7f, 0x5f, 0x9a, 0x48, 0x69, 0x55, 0x00, \
  0x5e, 0x00, 0x00, 0x00, 0x14, 0x00, 0x00, 0x00, 0xf2, 0x7e, 0x53, 0x50, 0xa7, 0x3f, 0xf0, 0xfa, \
  0xe3, 0xae, 0x8a, 0xef, 0x99, 0x6e, 0xb6, 0x00, 0x23, 0x01, 0x00, 0x00, 0x14, 0x00, 0x00, 0x00, \
  0xf2, 0x9c, 0xe9, 0xa6, 0x9e, 0x6b, 0x3d, 0x5f, 0xd8, 0x0f, 0x3f, 0x80, 0xf8, 0xdc, 0x5b, 0x00, \
  0x43, 0x00, 0x00, 0x00, 0x14, 0x00, 0x00, 0x00, 0xf2, 0xe3, 0xd5, 0x05, 0xab, 0xbf, 0x1d, 0xee, \
  0x39, 0x9f, 0x75, 0x3c, 0xbd, 0xfd, 0xf6, 0x00, 0x7c, 0x00, 0x00, 0x00, 0x14, 0x00, 0x00, 0x00, \
  0xf2, 0x32, 0x31, 0xaf, 0x29, 0x08, 0xbd, 0x3e, 0x15, 0x04, 0x4d, 0x58, 0x91, 0xfc, 0xc8, 0x00, \
  0x48, 0x00, 0x00, 0x00, 0x14, 0x00, 0x00, 0x00, 0xf2, 0x87, 0xee, 0x96, 0x5a, 0x72, 0xfd, 0x5f, \
  0x9a, 0x67, 0xda, 0x7d, 0xc8, 0xa2, 0x5d, 0x00, 0x7e, 0x00, 0x00, 0x00\
}
#define TYPE_INFO_CDR_SZ_spatial_disco_CoverageHint 844u
#define TYPE_MAP_CDR_spatial_disco_CoverageHint (const unsigned char []){ \
  0x07, 0x07, 0x00, 0x00, 0x11, 0x00, 0x00, 0x00, 0xf1, 0xa8, 0x4a, 0x88, 0x4b, 0x59, 0x45, 0x64, \
  0xa2, 0x47, 0xcc, 0x8b, 0xb9, 0x7a, 0x8f, 0x00, 0xeb, 0x00, 0x00, 0x00, 0xf1, 0x51, 0x02, 0x00, \
  0x01, 0x00, 0x00, 0x00, 0x00, 0x00, 0x00, 0x00, 0xdb, 0x00, 0x00, 0x00, 0x08, 0x00, 0x00, 0x00, \
  0x0c, 0x00, 0x00, 0x00, 0x00, 0x00, 0x00, 0x00, 0x21, 0x00, 0x70, 0x00, 0xb0, 0xdc, 0x1e, 0x29, \
  0x1e, 0x00, 0x00, 0x00, 0x01, 0x00, 0x00, 0x00, 0x01, 0x00, 0x80, 0xf1, 0x01, 0x00, 0x10, 0xf1, \
  0xe9, 0x4a, 0x7a, 0x28, 0x52, 0xd4, 0x2a, 0xed, 0xe3, 0xcf, 0x7e, 0xf8, 0xea, 0x8a, 0x60, 0x63, \
  0x4b, 0xaf, 0x00, 0x00, 0x19, 0x00, 0x00, 0x00, 0x02, 0x00, 0x00, 0x00, 0x01, 0x00, 0xf1, 0xa6, \
  0x55, 0x48, 0x0e, 0x0a, 0x08, 0x99, 0x4f, 0xe4, 0x13, 0x37, 0xd3, 0xb5, 0x08, 0x8a, 0x44, 0x07, \
  0x2e, 0x00, 0x00, 0x00, 0x0b, 0x00, 0x00, 0x00, 0x03, 0x00, 0x00, 0x00, 0x01, 0x00, 0x01, 0x89, \
  0x0b, 0x67, 0xb7, 0x00, 0x19, 0x00, 0x00, 0x00, 0x04, 0x00, 0x00, 0x00, 0x01, 0x00, 0xf1, 0x57, \
  0x5f, 0x4b, 0x08, 0xf8, 0x9a, 0xbb, 0x3b, 0x1c, 0x46, 0x2c, 0x73, 0x44, 0xa1, 0x83, 0xcb, 0x9d, \
  0xec, 0x00, 0x00, 0x00, 0x1e, 0x00, 0x00, 0x00, 0x05, 0x00, 0x00, 0x00, 0x01, 0x00, 0x80, 0xf1, \
  0x01, 0x00, 0x08, 0xf1, 0xd4, 0x6a, 0x65, 0xb6, 0x1a, 0x88, 0xc0, 0xa6, 0x6f, 0xde, 0x98, 0xf5, \
  0x8b, 0x97, 0x63, 0x48, 0xc6, 0x4b, 0x00, 0x00, 0x19, 0x00, 0x00, 0x00, 0x06, 0x00, 0x00, 0x00, \
  0x01, 0x00, 0xf1, 0x57, 0x5f, 0x4b, 0x08, 0xf8, 0x9a, 0xbb, 0x3b, 0x1c, 0x46, 0x2c, 0x73, 0x44, \
  0xa1, 0x96, 0xb8, 0xc7, 0x8d, 0x00, 0x00, 0x00, 0x0b, 0x00, 0x00, 0x00, 0x07, 0x00, 0x00, 0x00, \
  0x01, 0x00, 0x07, 0xe0, 0x0c, 0xfb, 0x0e, 0xf1, 0xe9, 0x4a, 0x7a, 0x28, 0x52, 0xd4, 0x2a, 0xed, \
  0xe3, 0xcf, 0x7e, 0xf8, 0xea, 0x8a, 0x00, 0x00, 0x21, 0x01, 0x00, 0x00, 0xf1, 0x51, 0x02, 0x00, \
  0x01, 0x00, 0x00, 0x00, 0x00, 0x00, 0x00, 0x00, 0x11, 0x01, 0x00, 0x00, 0x0c, 0x00, 0x00, 0x00, \
  0x0b, 0x00, 0x00, 0x00, 0x00, 0x00, 0x00, 0x00, 0x01, 0x00, 0x01, 0x30, 0x42, 0x90, 0x96, 0x00, \
  0x0c, 0x00, 0x00, 0x00, 0x01, 0x00, 0x00, 0x00, 0x01, 0x00, 0x70, 0x00, 0x29, 0xfa, 0x19, 0xe7, \
  0x0b, 0x00, 0x00, 0x00, 0x02, 0x00, 0x00, 0x00, 0x01, 0x00, 0x01, 0xc1, 0x66, 0xaf, 0x14, 0x00, \
  0x19, 0x00, 0x00, 0x00, 0x03, 0x00, 0x00, 0x00, 0x01, 0x00, 0xf1, 0x12, 0x69, 0x2f, 0xb5, 0x69, \
  0x7b, 0xe7, 0x28, 0x99, 0xb2, 0x36, 0x0f, 0x3d, 0xa7, 0x5b, 0xa7, 0x8e, 0xfe, 0x00, 0x00, 0x00, \
  0x0b, 0x00, 0x00, 0x00, 0x04, 0x00, 0x00, 0x00, 0x01, 0x00, 0x01, 0x42, 0x8d, 0x56, 0x5a, 0x00, \
  0x19, 0x00, 0x00, 0x00, 0x05, 0x00, 0x00, 0x00, 0x01, 0x00, 0xf1, 0xc7, 0x1e, 0x1d, 0x76, 0x25, \
  0xc2, 0x57, 0x77, 0xb1, 0x10, 0xe6, 0xf0, 0x3d, 0xa3, 0x5e, 0x39, 0x42, 0x81, 0x00, 0x00, 0x00, \
  0x0b, 0x00, 0x00, 0x00, 0x06, 0x00, 0x00, 0x00, 0x01, 0x00, 0x01, 0x9c, 0x70, 0x93, 0x3a, 0x00, \
  0x0b, 0x00, 0x00, 0x00, 0x07, 0x00, 0x00, 0x00, 0x01, 0x00, 0x01, 0x04, 0xa9, 0xa2, 0xf7, 0x00, \
  0x19, 0x00, 0x00, 0x00, 0x08, 0x00, 0x00, 0x00, 0x01, 0x00, 0xf1, 0xa6, 0x55, 0x48, 0x0e, 0x0a, \
  0x08, 0x99, 0x4f, 0xe4, 0x13, 0x37, 0xd3, 0xb5, 0x08, 0x91, 0xc9, 0xb0, 0xd8, 0x00, 0x00, 0x00, \
  0x0b, 0x00, 0x00, 0x00, 0x09, 0x00, 0x00, 0x00, 0x01, 0x00, 0x01, 0xbd, 0x4f, 0xb1, 0x27, 0x00, \
  0x19, 0x00, 0x00, 0x00, 0x0a, 0x00, 0x00, 0x00, 0x01, 0x00, 0xf1, 0x57, 0x5f, 0x4b, 0x08, 0xf8, \
  0x9a, 0xbb, 0x3b, 0x1c, 0x46, 0x2c, 0x73, 0x44, 0xa1, 0xae, 0x73, 0x9b, 0xfb, 0x00, 0x00, 0x00, \
  0x19, 0x00, 0x00, 0x00, 0x0b, 0x00, 0x00, 0x00, 0x01, 0x00, 0xf1, 0x57, 0x5f, 0x4b, 0x08, 0xf8, \
  0x9a, 0xbb, 0x3b, 0x1c, 0x46, 0x2c, 0x73, 0x44, 0xa1, 0x28, 0xb6, 0x02, 0xa3, 0xf1, 0x12, 0x69, \
  0x2f, 0xb5, 0x69, 0x7b, 0xe7, 0x28, 0x99, 0xb2, 0x36, 0x0f, 0x3d, 0xa7, 0x1a, 0x00, 0x00, 0x00, \
  0xf1, 0x30, 0x00, 0x00, 0x00, 0x00, 0x00, 0x00, 0x0e, 0x00, 0x00, 0x00, 0x00, 0x00, 0x90, 0xf3, \
  0x01, 0x00, 0x00, 0x00, 0x01, 0x00, 0x00, 0x00, 0x04, 0x0a, 0xf1, 0xc7, 0x1e, 0x1d, 0x76, 0x25, \
  0xc2, 0x57, 0x77, 0xb1, 0x10, 0xe6, 0xf0, 0x3d, 0xa3, 0x00, 0x00, 0x00, 0x1d, 0x00, 0x00, 0x00, \
  0xf1, 0x30, 0x00, 0x00, 0x00, 0x00, 0x00, 0x00, 0x11, 0x00, 0x00, 0x00, 0x00, 0x00, 0xf1, 0xc3, \
  0x45, 0x6b, 0x54, 0x39, 0x78, 0x18, 0x9c, 0xb4, 0x6e, 0x91, 0x1d, 0x73, 0x12, 0xf1, 0xc3, 0x45, \
  0x6b, 0x54, 0x39, 0x78, 0x18, 0x9c, 0xb4, 0x6e, 0x91, 0x1d, 0x73, 0x12, 0x51, 0x00, 0x00, 0x00, \
  0xf1, 0x51, 0x02, 0x00, 0x01, 0x00, 0x00, 0x00, 0x00, 0x00, 0x00, 0x00, 0x41, 0x00, 0x00, 0x00, \
  0x02, 0x00, 0x00, 0x00, 0x19, 0x00, 0x00, 0x00, 0x00, 0x00, 0x00, 0x00, 0x01, 0x00, 0xf1, 0xca, \
  0x17, 0xfa, 0xc2, 0xd2, 0xb0, 0xec, 0x46, 0x95, 0x91, 0x10, 0xf9, 0x01, 0x5e, 0xc7, 0x2f, 0xaf, \
  0x1b, 0x00, 0x00, 0x00, 0x19, 0x00, 0x00, 0x00, 0x01, 0x00, 0x00, 0x00, 0x01, 0x00, 0xf1, 0xca, \
  0x17, 0xfa, 0xc2, 0xd2, 0xb0, 0xec, 0x46, 0x95, 0x91, 0x10, 0xf9, 0x01, 0x5e, 0x36, 0x73, 0x37, \
  0x08, 0xf1, 0xca, 0x17, 0xfa, 0xc2, 0xd2, 0xb0, 0xec, 0x46, 0x95, 0x91, 0x10, 0xf9, 0x01, 0x5e, \
  0x1a, 0x00, 0x00, 0x00, 0xf1, 0x30, 0x00, 0x00, 0x00, 0x00, 0x00, 0x00, 0x0e, 0x00, 0x00, 0x00, \
  0x00, 0x00, 0x90, 0xf3, 0x01, 0x00, 0x00, 0x00, 0x01, 0x00, 0x00, 0x00, 0x03, 0x0a, 0xf1, 0xa6, \
  0x55, 0x48, 0x0e, 0x0a, 0x08, 0x99, 0x4f, 0xe4, 0x13, 0x37, 0xd3, 0xb5, 0x08, 0x00, 0x00, 0x00, \
  0x1d, 0x00, 0x00, 0x00, 0xf1, 0x30, 0x00, 0x00, 0x00, 0x00, 0x00, 0x00, 0x11, 0x00, 0x00, 0x00, \
  0x00, 0x00, 0xf1, 0x07, 0xdf, 0x2d, 0x0b, 0xf4, 0xea, 0xbd, 0x76, 0x34, 0x6f, 0x71, 0xc2, 0x15, \
  0x99, 0xf1, 0x07, 0xdf, 0x2d, 0x0b, 0xf4, 0xea, 0xbd, 0x76, 0x34, 0x6f, 0x71, 0xc2, 0x15, 0x99, \
  0x1d, 0x00, 0x00, 0x00, 0xf1, 0x30, 0x00, 0x00, 0x00, 0x00, 0x00, 0x00, 0x11, 0x00, 0x00, 0x00, \
  0x00, 0x00, 0xf1, 0xba, 0x3c, 0xeb, 0xdf, 0x4e, 0x99, 0x9e, 0x69, 0x58, 0x8e, 0x74, 0xb2, 0xae, \
  0xcc, 0xf1, 0xba, 0x3c, 0xeb, 0xdf, 0x4e, 0x99, 0x9e, 0x69, 0x58, 0x8e, 0x74, 0xb2, 0xae, 0xcc, \
  0x61, 0x00, 0x00, 0x00, 0xf1, 0x51, 0x02, 0x00, 0x01, 0x00, 0x00, 0x00, 0x00, 0x00, 0x00, 0x00, \
  0x51, 0x00, 0x00, 0x00, 0x04, 0x00, 0x00, 0x00, 0x0c, 0x00, 0x00, 0x00, 0x00, 0x00, 0x00, 0x00, \
  0x01, 0x00, 0x70, 0x00, 0xef, 0x7c, 0x87, 0x6f, 0x0c, 0x00, 0x00, 0x00, 0x01, 0x00, 0x00, 0x00, \
  0x01, 0x00, 0x70, 0x00, 0x50, 0x58, 0x17, 0xef, 0x0b, 0x00, 0x00, 0x00, 0x02, 0x00, 0x00, 0x00, \
  0x01, 0x00, 0x01, 0x4a, 0x03, 0x78, 0x6f, 0x00, 0x19, 0x00, 0x00, 0x00, 0x03, 0x00, 0x00, 0x00, \
  0x01, 0x00, 0xf1, 0xce, 0xfa, 0xd7, 0x48, 0xf7, 0x25, 0xa0, 0x47, 0xf9, 0xcb, 0x29, 0x0f, 0x65, \
  0x6f, 0x7e, 0x7f, 0x70, 0x7a, 0xf1, 0xce, 0xfa, 0xd7, 0x48, 0xf7, 0x25, 0xa0, 0x47, 0xf9, 0xcb, \
  0x29, 0x0f, 0x65, 0x6f, 0x8a, 0x00, 0x00, 0x00, 0xf1, 0x40, 0x01, 0x00, 0x02, 0x00, 0x00, 0x00, \
  0x20, 0x00, 0x00, 0x00, 0x7a, 0x00, 0x00, 0x00, 0x06, 0x00, 0x00, 0x00, 0x0e, 0x00, 0x00, 0x00, \
  0x06, 0x00, 0x00, 0x00, 0x00, 0x00, 0x00, 0x00, 0x40, 0x00, 0x39, 0x2b, 0x81, 0x0f, 0x00, 0x00, \
  0x0e, 0x00, 0x00, 0x00, 0x06, 0x00, 0x00, 0x00, 0x01, 0x00, 0x00, 0x00, 0x00, 0x00, 0xa5, 0xc8, \
  0xc3, 0x54, 0x00, 0x00, 0x0e, 0x00, 0x00, 0x00, 0x06, 0x00, 0x00, 0x00, 0x02, 0x00, 0x00, 0x00, \
  0x00, 0x00, 0x6f, 0x49, 0x44, 0x8c, 0x00, 0x00, 0x0e, 0x00, 0x00, 0x00, 0x06, 0x00, 0x00, 0x00, \
  0x03, 0x00, 0x00, 0x00, 0x00, 0x00, 0x68, 0x09, 0xbe, 0xd7, 0x00, 0x00, 0x0e, 0x00, 0x00, 0x00, \
  0x06, 0x00, 0x00, 0x00, 0x04, 0x00, 0x00, 0x00, 0x00, 0x00, 0xcd, 0x34, 0x59, 0xb2, 0x00, 0x00, \
  0x0e, 0x00, 0x00, 0x00, 0x06, 0x00, 0x00, 0x00, 0x05, 0x00, 0x00, 0x00, 0x00, 0x00, 0x03, 0x57, \
  0x04, 0x70, 0xf1, 0x57, 0x5f, 0x4b, 0x08, 0xf8, 0x9a, 0xbb, 0x3b, 0x1c, 0x46, 0x2c, 0x73, 0x44, \
  0xa1, 0x00, 0x00, 0x00, 0x1d, 0x00, 0x00, 0x00, 0xf1, 0x30, 0x00, 0x00, 0x00, 0x00, 0x00, 0x00, \
  0x11, 0x00, 0x00, 0x00, 0x00, 0x00, 0xf1, 0x46, 0x07, 0x51, 0x88, 0x68, 0x07, 0x8e, 0x86, 0x24, \
  0xf2, 0x43, 0x0b, 0xe8, 0x46, 0xf1, 0x46, 0x07, 0x51, 0x88, 0x68, 0x07, 0x8e, 0x86, 0x24, 0xf2, \
  0x43, 0x0b, 0xe8, 0x46, 0x33, 0x00, 0x00, 0x00, 0xf1, 0x51, 0x02, 0x00, 0x01, 0x00, 0x00, 0x00, \
  0x00, 0x00, 0x00, 0x00, 0x23, 0x00, 0x00, 0x00, 0x02, 0x00, 0x00, 0x00, 0x0b, 0x00, 0x00, 0x00, \
  0x00, 0x00, 0x00, 0x00, 0x01, 0x00, 0x05, 0x74, 0x45, 0x9c, 0xa3, 0x00, 0x0b, 0x00, 0x00, 0x00, \
  0x01, 0x00, 0x00, 0x00, 0x01, 0x00, 0x07, 0xe2, 0x04, 0x64, 0xd5, 0xf1, 0xd4, 0x6a, 0x65, 0xb6, \
  0x1a, 0x88, 0xc0, 0xa6, 0x6f, 0xde, 0x98, 0xf5, 0x8b, 0x97, 0x00, 0x00, 0xc1, 0x00, 0x00, 0x00, \
  0xf1, 0x51, 0x02, 0x00, 0x01, 0x00, 0x00, 0x00, 0x00, 0x00, 0x00, 0x00, 0xb1, 0x00, 0x00, 0x00, \
  0x06, 0x00, 0x00, 0x00, 0x19, 0x00, 0x00, 0x00, 0x00, 0x00, 0x00, 0x00, 0x01, 0x00, 0xf1, 0xa6, \
  0x55, 0x48, 0x0e, 0x0a, 0x08, 0x99, 0x4f, 0xe4, 0x13, 0x37, 0xd3, 0xb5, 0x08, 0xd9, 0x8a, 0x07, \
  0xf8, 0x00, 0x00, 0x00, 0x19, 0x00, 0x00, 0x00, 0x01, 0x00, 0x00, 0x00, 0x01, 0x00, 0xf1, 0xa6, \
  0x55, 0x48, 0x0e, 0x0a, 0x08, 0x99, 0x4f, 0xe4, 0x13, 0x37, 0xd3, 0xb5, 0x08, 0x01, 0xb6, 0xe2, \
  0x03, 0x00, 0x00, 0x00, 0x19, 0x00, 0x00, 0x00, 0x02, 0x00, 0x00, 0x00, 0x01, 0x00, 0xf1, 0xe1, \
  0x57, 0xce, 0xc6, 0xce, 0x7a, 0x33, 0x45, 0x16, 0x1c, 0x8f, 0x6f, 0x4c, 0x26, 0x2d, 0x5f, 0x8a, \
  0xe9, 0x00, 0x00, 0x00, 0x19, 0x00, 0x00, 0x00, 0x03, 0x00, 0x00, 0x00, 0x01, 0x00, 0xf1, 0x57, \
  0x5f, 0x4b, 0x08, 0xf8, 0x9a, 0xbb, 0x3b, 0x1c, 0x46, 0x2c, 0x73, 0x44, 0xa1, 0x96, 0xb8, 0xc7, \
  0x8d, 0x00, 0x00, 0x00, 0x0b, 0x00, 0x00, 0x00, 0x04, 0x00, 0x00, 0x00, 0x01, 0x00, 0x01, 0x74, \
  0x4e, 0x8d, 0x43, 0x00, 0x19, 0x00, 0x00, 0x00, 0x05, 0x00, 0x00, 0x00, 0x01, 0x00, 0xf1, 0xb0, \
  0x40, 0xf4, 0x42, 0x6b, 0x08, 0x3e, 0xfd, 0xfd, 0xc1, 0x75, 0x59, 0x26, 0xe2, 0x38, 0x89, 0xf8, \
  0x1b, 0xf1, 0xe1, 0x57, 0xce, 0xc6, 0xce, 0x7a, 0x33, 0x45, 0x16, 0x1c, 0x8f, 0x6f, 0x4c, 0x26, \
  0x1d, 0x00, 0x00, 0x00, 0xf1, 0x30, 0x00, 0x00, 0x00, 0x00, 0x00, 0x00, 0x11, 0x00, 0x00, 0x00, \
  0x00, 0x00, 0xf1, 0x9b, 0x0a, 0xe1, 0x3c, 0xdf, 0xe7, 0x2d, 0x2d, 0xb9, 0x84, 0xf3, 0x65, 0x89, \
  0x6f, 0xf1, 0x9b, 0x0a, 0xe1, 0x3c, 0xdf, 0xe7, 0x2d, 0x2d, 0xb9, 0x84, 0xf3, 0x65, 0x89, 0x6f, \
  0x51, 0x00, 0x00, 0x00, 0xf1, 0x51, 0x02, 0x00, 0x01, 0x00, 0x00, 0x00, 0x00, 0x00, 0x00, 0x00, \
  0x41, 0x00, 0x00, 0x00, 0x02, 0x00, 0x00, 0x00, 0x19, 0x00, 0x00, 0x00, 0x00, 0x00, 0x00, 0x00, \
  0x01, 0x00, 0xf1, 0xca, 0x17, 0xfa, 0xc2, 0xd2, 0xb0, 0xec, 0x46, 0x95, 0x91, 0x10, 0xf9, 0x01, \
  0x5e, 0xe3, 0x58, 0xef, 0xa4, 0x00, 0x00, 0x00, 0x19, 0x00, 0x00, 0x00, 0x01, 0x00, 0x00, 0x00, \
  0x01, 0x00, 0xf1, 0x12, 0x69, 0x2f, 0xb5, 0x69, 0x7b, 0xe7, 0x28, 0x99, 0xb2, 0x36, 0x0f, 0x3d, \
  0xa7, 0x76, 0x94, 0xf4, 0xa6, 0xf1, 0x12, 0x69, 0x2f, 0xb5, 0x69, 0x7b, 0xe7, 0x28, 0x99, 0xb2, \
  0x36, 0x0f, 0x3d, 0xa7, 0x1a, 0x00, 0x00, 0x00, 0xf1, 0x30, 0x00, 0x00, 0x00, 0x00, 0x00, 0x00, \
  0x0e, 0x00, 0x00, 0x00, 0x00, 0x00, 0x90, 0xf3, 0x01, 0x00, 0x00, 0x00, 0x01, 0x00, 0x00, 0x00, \
  0x04, 0x0a, 0xf1, 0xb0, 0x40, 0xf4, 0x42, 0x6b, 0x08, 0x3e, 0xfd, 0xfd, 0xc1, 0x75, 0x59, 0x26, \
  0xe2, 0x00, 0x00, 0x00, 0x43, 0x00, 0x00, 0x00, 0xf1, 0x51, 0x02, 0x00, 0x01, 0x00, 0x00, 0x00, \
  0x00, 0x00, 0x00, 0x00, 0x33, 0x00, 0x00, 0x00, 0x02, 0x00, 0x00, 0x00, 0x19, 0x00, 0x00, 0x00, \
  0x00, 0x00, 0x00, 0x00, 0x01, 0x00, 0xf1, 0x57, 0x5f, 0x4b, 0x08, 0xf8, 0x9a, 0xbb, 0x3b, 0x1c, \
  0x46, 0x2c, 0x73, 0x44, 0xa1, 0xd9, 0x8a, 0x07, 0xf8, 0x00, 0x00, 0x00, 0x0b, 0x00, 0x00, 0x00, \
  0x01, 0x00, 0x00, 0x00, 0x01, 0x00, 0x07, 0x78, 0x3e, 0x8e, 0x29, 0x00, 0x8a, 0x0b, 0x00, 0x00, \
  0x11, 0x00, 0x00, 0x00, 0xf2, 0x2c, 0xf2, 0x36, 0x0b, 0x8d, 0xee, 0x28, 0x9d, 0x07, 0x16, 0x85, \
  0xc5, 0x5d, 0x6a, 0x00, 0x9a, 0x01, 0x00, 0x00, 0xf2, 0x51, 0x02, 0x00, 0x25, 0x00, 0x00, 0x00, \
  0x00, 0x00, 0x00, 0x00, 0x1d, 0x00, 0x00, 0x00, 0x73, 0x70, 0x61, 0x74, 0x69, 0x61, 0x6c, 0x3a, \
  0x3a, 0x64, 0x69, 0x73, 0x63, 0x6f, 0x3a, 0x3a, 0x43, 0x6f, 0x76, 0x65, 0x72, 0x61, 0x67, 0x65, \
  0x48, 0x69, 0x6e, 0x74, 0x00, 0x00, 0x00, 0x00, 0x66, 0x01, 0x00, 0x00, 0x08, 0x00, 0x00, 0x00, \
  0x19, 0x00, 0x00, 0x00, 0x00, 0x00, 0x00, 0x00, 0x21, 0x00, 0x70, 0x00, 0x0b, 0x00, 0x00, 0x00, \
  0x73, 0x65, 0x72, 0x76, 0x69, 0x63, 0x65, 0x5f, 0x69, 0x64, 0x00, 0x00, 0x00, 0x00, 0x00, 0x00, \
  0x2b, 0x00, 0x00, 0x00, 0x01, 0x00, 0x00, 0x00, 0x01, 0x00, 0x80, 0xf2, 0x01, 0x00, 0x10, 0xf2, \
  0x33, 0x31, 0x48, 0x03, 0xc0, 0x2a, 0x9f, 0x03, 0x4f, 0x40, 0xd5, 0x93, 0xd3, 0xd5, 0x00, 0x00, \
  0x09, 0x00, 0x00, 0x00, 0x63, 0x6f, 0x76, 0x65, 0x72, 0x61, 0x67, 0x65, 0x00, 0x00, 0x00, 0x00, \
  0x31, 0x00, 0x00, 0x00, 0x02, 0x00, 0x00, 0x00, 0x01, 0x00, 0xf2, 0xe0, 0x05, 0x25, 0x6f, 0x56, \
  0x5c, 0x85, 0x7d, 0x1a, 0x24, 0xf0, 0xc1, 0xbd, 0x10, 0x00, 0x00, 0x00, 0x13, 0x00, 0x00, 0x00, \
  0x63, 0x6f, 0x76, 0x65, 0x72, 0x61, 0x67, 0x65, 0x5f, 0x66, 0x72, 0x61, 0x6d, 0x65, 0x5f, 0x72, \
  0x65, 0x66, 0x00, 0x00, 0x00, 0x00, 0x00, 0x00, 0x25, 0x00, 0x00, 0x00, 0x03, 0x00, 0x00, 0x00, \
  0x01, 0x00, 0x01, 0x00, 0x17, 0x00, 0x00, 0x00, 0x68, 0x61, 0x73, 0x5f, 0x63, 0x6f, 0x76, 0x65, \
  0x72, 0x61, 0x67, 0x65, 0x5f, 0x65, 0x76, 0x61, 0x6c, 0x5f, 0x74, 0x69, 0x6d, 0x65, 0x00, 0x00, \
  0x00, 0x00, 0x00, 0x00, 0x31, 0x00, 0x00, 0x00, 0x04, 0x00, 0x00, 0x00, 0x01, 0x00, 0xf2, 0xb7, \
  0xe0, 0x95, 0xff, 0x1d, 0x45, 0x4d, 0x98, 0xde, 0x9c, 0xe1, 0x91, 0xd9, 0x58, 0x00, 0x00, 0x00, \
  0x13, 0x00, 0x00, 0x00, 0x63, 0x6f, 0x76, 0x65, 0x72, 0x61, 0x67, 0x65, 0x5f, 0x65, 0x76, 0x61, \
  0x6c, 0x5f, 0x74, 0x69, 0x6d, 0x65, 0x00, 0x00, 0x00, 0x00, 0x00, 0x00, 0x2d, 0x00, 0x00, 0x00, \
  0x05, 0x00, 0x00, 0x00, 0x01, 0x00, 0x80, 0xf2, 0x01, 0x00, 0x08, 0xf2, 0x7e, 0x53, 0x50, 0xa7, \
  0x3f, 0xf0, 0xfa, 0xe3, 0xae, 0x8a, 0xef, 0x99, 0x6e, 0xb6, 0x00, 0x00, 0x0b, 0x00, 0x00, 0x00, \
  0x74, 0x72, 0x61, 0x6e, 0x73, 0x66, 0x6f, 0x72, 0x6d, 0x73, 0x00, 0x00, 0x00, 0x00, 0x00, 0x00, \
  0x24, 0x00, 0x00, 0x00, 0x06, 0x00, 0x00, 0x00, 0x01, 0x00, 0xf2, 0xb7, 0xe0, 0x95, 0xff, 0x1d, \
  0x45, 0x4d, 0x98, 0xde, 0x9c, 0xe1, 0x91, 0xd9, 0x58, 0x00, 0x00, 0x00, 0x06, 0x00, 0x00, 0x00, \
  0x73, 0x74, 0x61, 0x6d, 0x70, 0x00, 0x00, 0x00, 0x16, 0x00, 0x00, 0x00, 0x07, 0x00, 0x00, 0x00, \
  0x01, 0x00, 0x07, 0x00, 0x08, 0x00, 0x00, 0x00, 0x74, 0x74, 0x6c, 0x5f, 0x73, 0x65, 0x63, 0x00, \
  0x00, 0x00, 0xf2, 0x33, 0x31, 0x48, 0x03, 0xc0, 0x2a, 0x9f, 0x03, 0x4f, 0x40, 0xd5, 0x93, 0xd3, \
  0xd5, 0x00, 0x00, 0x00, 0xf2, 0x01, 0x00, 0x00, 0xf2, 0x51, 0x02, 0x00, 0x28, 0x00, 0x00, 0x00, \
  0x00, 0x00, 0x00, 0x00, 0x20, 0x00, 0x00, 0x00, 0x73, 0x70, 0x61, 0x74, 0x69, 0x61, 0x6c, 0x3a, \
  0x3a, 0x64, 0x69, 0x73, 0x63, 0x6f, 0x3a, 0x3a, 0x43, 0x6f, 0x76, 0x65, 0x72, 0x61, 0x67, 0x65, \
  0x45, 0x6c, 0x65, 0x6d, 0x65, 0x6e, 0x74, 0x00, 0xbe, 0x01, 0x00, 0x00, 0x0c, 0x00, 0x00, 0x00, \
  0x16, 0x00, 0x00, 0x00, 0x00, 0x00, 0x00, 0x00, 0x01, 0x00, 0x01, 0x00, 0x08, 0x00, 0x00, 0x00, \
  0x68, 0x61, 0x73, 0x5f, 0x63, 0x72, 0x73, 0x00, 0x00, 0x00, 0x00, 0x00, 0x12, 0x00, 0x00, 0x00, \
  0x01, 0x00, 0x00, 0x00, 0x01, 0x00, 0x70, 0x00, 0x04, 0x00, 0x00, 0x00, 0x63, 0x72, 0x73, 0x00, \
  0x00, 0x00, 0x00, 0x00, 0x17, 0x00, 0x00, 0x00, 0x02, 0x00, 0x00, 0x00, 0x01, 0x00, 0x01, 0x00, \
  0x09, 0x00, 0x00, 0x00, 0x68, 0x61, 0x73, 0x5f, 0x62, 0x62, 0x6f, 0x78, 0x00, 0x00, 0x00, 0x00, \
  0x23, 0x00, 0x00, 0x00, 0x03, 0x00, 0x00, 0x00, 0x01, 0x00, 0xf2, 0x91, 0x38, 0x0c, 0xde, 0xf8, \
  0x67, 0x8f, 0xc8, 0x8b, 0xa2, 0x83, 0x62, 0xe5, 0xa7, 0x00, 0x00, 0x00, 0x05, 0x00, 0x00, 0x00, \
  0x62, 0x62, 0x6f, 0x78, 0x00, 0x00, 0x00, 0x00, 0x17, 0x00, 0x00, 0x00, 0x04, 0x00, 0x00, 0x00, \
  0x01, 0x00, 0x01, 0x00, 0x09, 0x00, 0x00, 0x00, 0x68, 0x61, 0x73, 0x5f, 0x61, 0x61, 0x62, 0x62, \
  0x00, 0x00, 0x00, 0x00, 0x23, 0x00, 0x00, 0x00, 0x05, 0x00, 0x00, 0x00, 0x01, 0x00, 0xf2, 0xaa, \
  0xea, 0xdb, 0xbe, 0x20, 0x73, 0x26, 0x70, 0x8f, 0xaa, 0x55, 0xe2, 0x57, 0x42, 0x00, 0x00, 0x00, \
  0x05, 0x00, 0x00, 0x00, 0x61, 0x61, 0x62, 0x62, 0x00, 0x00, 0x00, 0x00, 0x15, 0x00, 0x00, 0x00, \
  0x06, 0x00, 0x00, 0x00, 0x01, 0x00, 0x01, 0x00, 0x07, 0x00, 0x00, 0x00, 0x67, 0x6c, 0x6f, 0x62, \
  0x61, 0x6c, 0x00, 0x00, 0x00, 0x00, 0x00, 0x00, 0x1c, 0x00, 0x00, 0x00, 0x07, 0x00, 0x00, 0x00, \
  0x01, 0x00, 0x01, 0x00, 0x0e, 0x00, 0x00, 0x00, 0x68, 0x61, 0x73, 0x5f, 0x66, 0x72, 0x61, 0x6d, \
  0x65, 0x5f, 0x72, 0x65, 0x66, 0x00, 0x00, 0x00, 0x28, 0x00, 0x00, 0x00, 0x08, 0x00, 0x00, 0x00, \
  0x01, 0x00, 0xf2, 0xe0, 0x05, 0x25, 0x6f, 0x56, 0x5c, 0x85, 0x7d, 0x1a, 0x24, 0xf0, 0xc1, 0xbd, \
  0x10, 0x00, 0x00, 0x00, 0x0a, 0x00, 0x00, 0x00, 0x66, 0x72, 0x61, 0x6d, 0x65, 0x5f, 0x72, 0x65, \
  0x66, 0x00, 0x00, 0x00, 0x22, 0x00, 0x00, 0x00, 0x09, 0x00, 0x00, 0x00, 0x01, 0x00, 0x01, 0x00, \
  0x14, 0x00, 0x00, 0x00, 0x68, 0x61, 0x73, 0x5f, 0x63, 0x6f, 0x76, 0x65, 0x72, 0x61, 0x67, 0x65, \
  0x5f, 0x77, 0x69, 0x6e, 0x64, 0x6f, 0x77, 0x00, 0x00, 0x00, 0x00, 0x00, 0x34, 0x00, 0x00, 0x00, \
  0x0a, 0x00, 0x00, 0x00, 0x01, 0x00, 0xf2, 0xb7, 0xe0, 0x95, 0xff, 0x1d, 0x45, 0x4d, 0x98, 0xde, \
  0x9c, 0xe1, 0x91, 0xd9, 0x58, 0x00, 0x00, 0x00, 0x16, 0x00, 0x00, 0x00, 0x63, 0x6f, 0x76, 0x65, \
  0x72, 0x61, 0x67, 0x65, 0x5f, 0x77, 0x69, 0x6e, 0x64, 0x6f, 0x77, 0x5f, 0x73, 0x74, 0x61, 0x72, \
  0x74, 0x00, 0x00, 0x00, 0x32, 0x00, 0x00, 0x00, 0x0b, 0x00, 0x00, 0x00, 0x01, 0x00, 0xf2, 0xb7, \
  0xe0, 0x95, 0xff, 0x1d, 0x45, 0x4d, 0x98, 0xde, 0x9c, 0xe1, 0x91, 0xd9, 0x58, 0x00, 0x00, 0x00, \
  0x14, 0x00, 0x00, 0x00, 0x63, 0x6f, 0x76, 0x65, 0x72, 0x61, 0x67, 0x65, 0x5f, 0x77, 0x69, 0x6e, \
  0x64, 0x6f, 0x77, 0x5f, 0x65, 0x6e, 0x64, 0x00, 0x00, 0x00, 0xf2, 0x91, 0x38, 0x0c, 0xde, 0xf8, \
  0x67, 0x8f, 0xc8, 0x8b, 0xa2, 0x83, 0x62, 0xe5, 0xa7, 0x00, 0x00, 0x00, 0x3c, 0x00, 0x00, 0x00, \
  0xf2, 0x30, 0x00, 0x00, 0x20, 0x00, 0x00, 0x00, 0x00, 0x00, 0x00, 0x00, 0x18, 0x00, 0x00, 0x00, \
  0x73, 0x70, 0x61, 0x74, 0x69, 0x61, 0x6c, 0x3a, 0x3a, 0x63, 0x6f, 0x6d, 0x6d, 0x6f, 0x6e, 0x3a, \
  0x3a, 0x42, 0x42, 0x6f, 0x78, 0x32, 0x44, 0x00, 0x10, 0x00, 0x00, 0x00, 0x00, 0x00, 0x90, 0xf3, \
  0x01, 0x00, 0x00, 0x00, 0x01, 0x00, 0x00, 0x00, 0x04, 0x0a, 0x00, 0x00, 0xf2, 0xaa, 0xea, 0xdb, \
  0xbe, 0x20, 0x73, 0x26, 0x70, 0x8f, 0xaa, 0x55, 0xe2, 0x57, 0x42, 0x00, 0x3f, 0x00, 0x00, 0x00, \
  0xf2, 0x30, 0x00, 0x00, 0x1e, 0x00, 0x00, 0x00, 0x00, 0x00, 0x00, 0x00, 0x16, 0x00, 0x00, 0x00, \
  0x73, 0x70, 0x61, 0x74, 0x69, 0x61, 0x6c, 0x3a, 0x3a, 0x64, 0x69, 0x73, 0x63, 0x6f, 0x3a, 0x3a, \
  0x41, 0x61, 0x62, 0x62, 0x33, 0x00, 0x00, 0x00, 0x13, 0x00, 0x00, 0x00, 0x00, 0x00, 0xf2, 0xc4, \
  0xed, 0x19, 0xab, 0x3c, 0x92, 0x34, 0xf6, 0xcb, 0xcb, 0x48, 0x87, 0xbd, 0x12, 0x00, 0x00, 0xf2, \
  0xc4, 0xed, 0x19, 0xab, 0x3c, 0x92, 0x34, 0xf6, 0xcb, 0xcb, 0x48, 0x87, 0xbd, 0x12, 0x00, 0x00, \
  0x86, 0x00, 0x00, 0x00, 0xf2, 0x51, 0x02, 0x00, 0x1d, 0x00, 0x00, 0x00, 0x00, 0x00, 0x00, 0x00, \
  0x15, 0x00, 0x00, 0x00, 0x73, 0x70, 0x61, 0x74, 0x69, 0x61, 0x6c, 0x3a, 0x3a, 0x63, 0x6f, 0x72, \
  0x65, 0x3a, 0x3a, 0x41, 0x61, 0x62, 0x62, 0x33, 0x00, 0x00, 0x00, 0x00, 0x5a, 0x00, 0x00, 0x00, \
  0x02, 0x00, 0x00, 0x00, 0x26, 0x00, 0x00, 0x00, 0x00, 0x00, 0x00, 0x00, 0x01, 0x00, 0xf2, 0x48, \
  0xfc, 0x98, 0x78, 0x6e, 0x5f, 0x45, 0x5f, 0xdf, 0xbc, 0x9e, 0xb3, 0xa3, 0xde, 0x00, 0x00, 0x00, \
  0x08, 0x00, 0x00, 0x00, 0x6d, 0x69, 0x6e, 0x5f, 0x78, 0x79, 0x7a, 0x00, 0x00, 0x00, 0x00, 0x00, \
  0x26, 0x00, 0x00, 0x00, 0x01, 0x00, 0x00, 0x00, 0x01, 0x00, 0xf2, 0x48, 0xfc, 0x98, 0x78, 0x6e, \
  0x5f, 0x45, 0x5f, 0xdf, 0xbc, 0x9e, 0xb3, 0xa3, 0xde, 0x00, 0x00, 0x00, 0x08, 0x00, 0x00, 0x00, \
  0x6d, 0x61, 0x78, 0x5f, 0x78, 0x79, 0x7a, 0x00, 0x00, 0x00, 0xf2, 0x48, 0xfc, 0x98, 0x78, 0x6e, \
  0x5f, 0x45, 0x5f, 0xdf, 0xbc, 0x9e, 0xb3, 0xa3, 0xde, 0x00, 0x00, 0x00, 0x3c, 0x00, 0x00, 0x00, \
  0xf2, 0x30, 0x00, 0x00, 0x1e, 0x00, 0x00, 0x00, 0x00, 0x00, 0x00, 0x00, 0x16, 0x00, 0x00, 0x00, \
  0x73, 0x70, 0x61, 0x74, 0x69, 0x61, 0x6c, 0x3a, 0x3a, 0x63, 0x6f, 0x6d, 0x6d, 0x6f, 0x6e, 0x3a, \
  0x3a, 0x56, 0x65, 0x63, 0x33, 0x00, 0x00, 0x00, 0x10, 0x00, 0x00, 0x00, 0x00, 0x00, 0x90, 0xf3, \
  0x01, 0x00, 0x00, 0x00, 0x01, 0x00, 0x00, 0x00, 0x03, 0x0a, 0x00, 0x00, 0xf2, 0xe0, 0x05, 0x25, \
  0x6f, 0x56, 0x5c, 0x85, 0x7d, 0x1a, 0x24, 0xf0, 0xc1, 0xbd, 0x10, 0x00, 0x43, 0x00, 0x00, 0x00, \
  0xf2, 0x30, 0x00, 0x00, 0x21, 0x00, 0x00, 0x00, 0x00, 0x00, 0x00, 0x00, 0x19, 0x00, 0x00, 0x00, \
  0x73, 0x70, 0x61, 0x74, 0x69, 0x61, 0x6c, 0x3a, 0x3a, 0x64, 0x69, 0x73, 0x63, 0x6f, 0x3a, 0x3a, \
  0x46, 0x72, 0x61, 0x6d, 0x65, 0x52, 0x65, 0x66, 0x00, 0x00, 0x00, 0x00, 0x13, 0x00, 0x00, 0x00, \
  0x00, 0x00, 0xf2, 0x31, 0x10, 0x0b, 0x3d, 0x14, 0x9a, 0xc3, 0x73, 0x58, 0xa2, 0x3c, 0xd8, 0xdf, \
  0x0d, 0x00, 0x00, 0xf2, 0x31, 0x10, 0x0b, 0x3d, 0x14, 0x9a, 0xc3, 0x73, 0x58, 0xa2, 0x3c, 0xd8, \
  0xdf, 0x0d, 0x00, 0x00, 0x3f, 0x00, 0x00, 0x00, 0xf2, 0x30, 0x00, 0x00, 0x20, 0x00, 0x00, 0x00, \
  0x00, 0x00, 0x00, 0x00, 0x18, 0x00, 0x00, 0x00, 0x73, 0x70, 0x61, 0x74, 0x69, 0x61, 0x6c, 0x3a, \
  0x3a, 0x63, 0x6f, 0x72, 0x65, 0x3a, 0x3a, 0x46, 0x72, 0x61, 0x6d, 0x65, 0x52, 0x65, 0x66, 0x00, \
  0x13, 0x00, 0x00, 0x00, 0x00, 0x00, 0xf2, 0x65, 0x97, 0x0c, 0xfc, 0xac, 0x6c, 0x04, 0x48, 0xe7, \
  0x4d, 0x43, 0x89, 0x52, 0x31, 0x00, 0x00, 0xf2, 0x65, 0x97, 0x0c, 0xfc, 0xac, 0x6c, 0x04, 0x48, \
  0xe7, 0x4d, 0x43, 0x89, 0x52, 0x31, 0x00, 0x00, 0xbf, 0x00, 0x00, 0x00, 0xf2, 0x51, 0x02, 0x00, \
  0x22, 0x00, 0x00, 0x00, 0x00, 0x00, 0x00, 0x00, 0x1a, 0x00, 0x00, 0x00, 0x73, 0x70, 0x61, 0x74, \
  0x69, 0x61, 0x6c, 0x3a, 0x3a, 0x63, 0x6f, 0x6d, 0x6d, 0x6f, 0x6e, 0x3a, 0x3a, 0x46, 0x72, 0x61, \
  0x6d, 0x65, 0x52, 0x65, 0x66, 0x00, 0x00, 0x00, 0x8f, 0x00, 0x00, 0x00, 0x04, 0x00, 0x00, 0x00, \
  0x13, 0x00, 0x00, 0x00, 0x00, 0x00, 0x00, 0x00, 0x01, 0x00, 0x70, 0x00, 0x05, 0x00, 0x00, 0x00, \
  0x75, 0x75, 0x69, 0x64, 0x00, 0x00, 0x00, 0x00, 0x12, 0x00, 0x00, 0x00, 0x01, 0x00, 0x00, 0x00, \
  0x01, 0x00, 0x70, 0x00, 0x04, 0x00, 0x00, 0x00, 0x66, 0x71, 0x6e, 0x00, 0x00, 0x00, 0x00, 0x00, \
  0x23, 0x00, 0x00, 0x00, 0x02, 0x00, 0x00, 0x00, 0x01, 0x00, 0x01, 0x00, 0x15, 0x00, 0x00, 0x00, \
  0x68, 0x61, 0x73, 0x5f, 0x63, 0x6f, 0x6f, 0x72, 0x64, 0x5f, 0x63, 0x6f, 0x6e, 0x76, 0x65, 0x6e, \
  0x74, 0x69, 0x6f, 0x6e, 0x00, 0x00, 0x00, 0x00, 0x2f, 0x00, 0x00, 0x00, 0x03, 0x00, 0x00, 0x00, \
  0x01, 0x00, 0xf2, 0x35, 0x6a, 0x2d, 0x76, 0xb1, 0xf8, 0x99, 0xe0, 0x65, 0xf5, 0xa6, 0x42, 0x18, \
  0x51, 0x00, 0x00, 0x00, 0x11, 0x00, 0x00, 0x00, 0x63, 0x6f, 0x6f, 0x72, 0x64, 0x5f, 0x63, 0x6f, \
  0x6e, 0x76, 0x65, 0x6e, 0x74, 0x69, 0x6f, 0x6e, 0x00, 0x00, 0x00, 0xf2, 0x35, 0x6a, 0x2d, 0x76, \
  0xb1, 0xf8, 0x99, 0xe0, 0x65, 0xf5, 0xa6, 0x42, 0x18, 0x51, 0x00, 0x00, 0xec, 0x00, 0x00, 0x00, \
  0xf2, 0x40, 0x01, 0x00, 0x29, 0x00, 0x00, 0x00, 0x20, 0x00, 0x00, 0x00, 0x21, 0x00, 0x00, 0x00, \
  0x73, 0x70, 0x61, 0x74, 0x69, 0x61, 0x6c, 0x3a, 0x3a, 0x63, 0x6f, 0x6d, 0x6d, 0x6f, 0x6e, 0x3a, \
  0x3a, 0x43, 0x6f, 0x6f, 0x72, 0x64, 0x43, 0x6f, 0x6e, 0x76, 0x65, 0x6e, 0x74, 0x69, 0x6f, 0x6e, \
  0x00, 0x00, 0x00, 0x00, 0xb4, 0x00, 0x00, 0x00, 0x06, 0x00, 0x00, 0x00, 0x16, 0x00, 0x00, 0x00, \
  0x06, 0x00, 0x00, 0x00, 0x00, 0x00, 0x00, 0x00, 0x40, 0x00, 0x00, 0x00, 0x04, 0x00, 0x00, 0x00, \
  0x45, 0x4e, 0x55, 0x00, 0x00, 0x00, 0x00, 0x00, 0x15, 0x00, 0x00, 0x00, 0x06, 0x00, 0x00, 0x00, \
  0x01, 0x00, 0x00, 0x00, 0x00, 0x00, 0x00, 0x00, 0x03, 0x00, 0x00, 0x00, 0x43, 0x56, 0x00, 0x00, \
  0x00, 0x00, 0x00, 0x00, 0x1b, 0x00, 0x00, 0x00, 0x06, 0x00, 0x00, 0x00, 0x02, 0x00, 0x00, 0x00, \
  0x00, 0x00, 0x00, 0x00, 0x09, 0x00, 0x00, 0x00, 0x47, 0x52, 0x41, 0x50, 0x48, 0x49, 0x43, 0x53, \
  0x00, 0x00, 0x00, 0x00, 0x1b, 0x00, 0x00, 0x00, 0x06, 0x00, 0x00, 0x00, 0x03, 0x00, 0x00, 0x00, \
  0x00, 0x00, 0x00, 0x00, 0x09, 0x00, 0x00, 0x00, 0x55, 0x4e, 0x49, 0x54, 0x59, 0x5f, 0x4c, 0x48, \
  0x00, 0x00, 0x00, 0x00, 0x16, 0x00, 0x00, 0x00, 0x06, 0x00, 0x00, 0x00, 0x04, 0x00, 0x00, 0x00, \
  0x00, 0x00, 0x00, 0x00, 0x04, 0x00, 0x00, 0x00, 0x4e, 0x45, 0x44, 0x00, 0x00, 0x00, 0x00, 0x00, \
  0x18, 0x00, 0x00, 0x00, 0x06, 0x00, 0x00, 0x00, 0x05, 0x00, 0x00, 0x00, 0x00, 0x00, 0x00, 0x00, \
  0x06, 0x00, 0x00, 0x00, 0x4f, 0x54, 0x48, 0x45, 0x52, 0x00, 0x00, 0x00, 0xf2, 0xb7, 0xe0, 0x95, \
  0xff, 0x1d, 0x45, 0x4d, 0x98, 0xde, 0x9c, 0xe1, 0x91, 0xd9, 0x58, 0x00, 0x3f, 0x00, 0x00, 0x00, \
  0xf2, 0x30, 0x00, 0x00, 0x1d, 0x00, 0x00, 0x00, 0x00, 0x00, 0x00, 0x00, 0x15, 0x00, 0x00, 0x00, \
  0x73, 0x70, 0x61, 0x74, 0x69, 0x61, 0x6c, 0x3a, 0x3a, 0x64, 0x69, 0x73, 0x63, 0x6f, 0x3a, 0x3a, \
  0x54, 0x69, 0x6d, 0x65, 0x00, 0x00, 0x00, 0x00, 0x13, 0x00, 0x00, 0x00, 0x00, 0x00, 0xf2, 0x94, \
  0x49, 0x15, 0x3e, 0x3b, 0xcc, 0xbf, 0x99, 0x7f, 0x5f, 0x9a, 0x48, 0x69, 0x55, 0x00, 0x00, 0xf2, \
  0x94, 0x49, 0x15, 0x3e, 0x3b, 0xcc, 0xbf, 0x99, 0x7f, 0x5f, 0x9a, 0x48, 0x69, 0x55, 0x00, 0x00, \
  0x5a, 0x00, 0x00, 0x00, 0xf2, 0x51, 0x02, 0x00, 0x16, 0x00, 0x00, 0x00, 0x00, 0x00, 0x00, 0x00, \
  0x0e, 0x00, 0x00, 0x00, 0x62, 0x75, 0x69, 0x6c, 0x74, 0x69, 0x6e, 0x3a, 0x3a, 0x54, 0x69, 0x6d, \
  0x65, 0x00, 0x00, 0x00, 0x36, 0x00, 0x00, 0x00, 0x02, 0x00, 0x00, 0x00, 0x12, 0x00, 0x00, 0x00, \
  0x00, 0x00, 0x00, 0x00, 0x01, 0x00, 0x05, 0x00, 0x04, 0x00, 0x00, 0x00, 0x73, 0x65, 0x63, 0x00, \
  0x00, 0x00, 0x00, 0x00, 0x16, 0x00, 0x00, 0x00, 0x01, 0x00, 0x00, 0x00, 0x01, 0x00, 0x07, 0x00, \
  0x08, 0x00, 0x00, 0x00, 0x6e, 0x61, 0x6e, 0x6f, 0x73, 0x65, 0x63, 0x00, 0x00, 0x00, 0xf2, 0x7e, \
  0x53, 0x50, 0xa7, 0x3f, 0xf0, 0xfa, 0xe3, 0xae, 0x8a, 0xef, 0x99, 0x6e, 0xb6, 0x00, 0x00, 0x00, \
  0x1f, 0x01, 0x00, 0x00, 0xf2, 0x51, 0x02, 0x00, 0x22, 0x00, 0x00, 0x00, 0x00, 0x00, 0x00, 0x00, \
  0x1a, 0x00, 0x00, 0x00, 0x73, 0x70, 0x61, 0x74, 0x69, 0x61, 0x6c, 0x3a, 0x3a, 0x64, 0x69, 0x73, \
  0x63, 0x6f, 0x3a, 0x3a, 0x54, 0x72, 0x61, 0x6e, 0x73, 0x66, 0x6f, 0x72, 0x6d, 0x00, 0x00, 0x00, \
  0xef, 0x00, 0x00, 0x00, 0x06, 0x00, 0x00, 0x00, 0x23, 0x00, 0x00, 0x00, 0x00, 0x00, 0x00, 0x00, \
  0x01, 0x00, 0xf2, 0xe0, 0x05, 0x25, 0x6f, 0x56, 0x5c, 0x85, 0x7d, 0x1a, 0x24, 0xf0, 0xc1, 0xbd, \
  0x10, 0x00, 0x00, 0x00, 0x05, 0x00, 0x00, 0x00, 0x66, 0x72, 0x6f, 0x6d, 0x00, 0x00, 0x00, 0x00, \
  0x21, 0x00, 0x00, 0x00, 0x01, 0x00, 0x00, 0x00, 0x01, 0x00, 0xf2, 0xe0, 0x05, 0x25, 0x6f, 0x56, \
  0x5c, 0x85, 0x7d, 0x1a, 0x24, 0xf0, 0xc1, 0xbd, 0x10, 0x00, 0x00, 0x00, 0x03, 0x00, 0x00, 0x00, \
  0x74, 0x6f, 0x00, 0x00, 0x00, 0x00, 0x00, 0x00, 0x23, 0x00, 0x00, 0x00, 0x02, 0x00, 0x00, 0x00, \
  0x01, 0x00, 0xf2, 0x9c, 0xe9, 0xa6, 0x9e, 0x6b, 0x3d, 0x5f, 0xd8, 0x0f, 0x3f, 0x80, 0xf8, 0xdc, \
  0x5b, 0x00, 0x00, 0x00, 0x05, 0x00, 0x00, 0x00, 0x70, 0x6f, 0x73, 0x65, 0x00, 0x00, 0x00, 0x00, \
  0x24, 0x00, 0x00, 0x00, 0x03, 0x00, 0x00, 0x00, 0x01, 0x00, 0xf2, 0xb7, 0xe0, 0x95, 0xff, 0x1d, \
  0x45, 0x4d, 0x98, 0xde, 0x9c, 0xe1, 0x91, 0xd9, 0x58, 0x00, 0x00, 0x00, 0x06, 0x00, 0x00, 0x00, \
  0x73, 0x74, 0x61, 0x6d, 0x70, 0x00, 0x00, 0x00, 0x1b, 0x00, 0x00, 0x00, 0x04, 0x00, 0x00, 0x00, \
  0x01, 0x00, 0x01, 0x00, 0x0d, 0x00, 0x00, 0x00, 0x68, 0x61, 0x73, 0x5f, 0x76, 0x61, 0x6c, 0x69, \
  0x64, 0x69, 0x74, 0x79, 0x00, 0x00, 0x00, 0x00, 0x27, 0x00, 0x00, 0x00, 0x05, 0x00, 0x00, 0x00, \
  0x01, 0x00, 0xf2, 0x87, 0xee, 0x96, 0x5a, 0x72, 0xfd, 0x5f, 0x9a, 0x67, 0xda, 0x7d, 0xc8, 0xa2, \
  0x5d, 0x00, 0x00, 0x00, 0x09, 0x00, 0x00, 0x00, 0x76, 0x61, 0x6c, 0x69, 0x64, 0x69, 0x74, 0x79, \
  0x00, 0x00, 0x00, 0xf2, 0x9c, 0xe9, 0xa6, 0x9e, 0x6b, 0x3d, 0x5f, 0xd8, 0x0f, 0x3f, 0x80, 0xf8, \
  0xdc, 0x5b, 0x00, 0x00, 0x3f, 0x00, 0x00, 0x00, 0xf2, 0x30, 0x00, 0x00, 0x20, 0x00, 0x00, 0x00, \
  0x00, 0x00, 0x00, 0x00, 0x18, 0x00, 0x00, 0x00, 0x73, 0x70, 0x61, 0x74, 0x69, 0x61, 0x6c, 0x3a, \
  0x3a, 0x64, 0x69, 0x73, 0x63, 0x6f, 0x3a, 0x3a, 0x50, 0x6f, 0x73, 0x65, 0x53, 0x45, 0x33, 0x00, \
  0x13, 0x00, 0x00, 0x00, 0x00, 0x00, 0xf2, 0xe3, 0xd5, 0x05, 0xab, 0xbf, 0x1d, 0xee, 0x39, 0x9f, \
  0x75, 0x3c, 0xbd, 0xfd, 0xf6, 0x00, 0x00, 0xf2, 0xe3, 0xd5, 0x05, 0xab, 0xbf, 0x1d, 0xee, 0x39, \
  0x9f, 0x75, 0x3c, 0xbd, 0xfd, 0xf6, 0x00, 0x00, 0x78, 0x00, 0x00, 0x00, 0xf2, 0x51, 0x02, 0x00, \
  0x1f, 0x00, 0x00, 0x00, 0x00, 0x00, 0x00, 0x00, 0x17, 0x00, 0x00, 0x00, 0x73, 0x70, 0x61, 0x74, \
  0x69, 0x61, 0x6c, 0x3a, 0x3a, 0x63, 0x6f, 0x72, 0x65, 0x3a, 0x3a, 0x50, 0x6f, 0x73, 0x65, 0x53, \
  0x45, 0x33, 0x00, 0x00, 0x4c, 0x00, 0x00, 0x00, 0x02, 0x00, 0x00, 0x00, 0x20, 0x00, 0x00, 0x00, \
  0x00, 0x00, 0x00, 0x00, 0x01, 0x00, 0xf2, 0x48, 0xfc, 0x98, 0x78, 0x6e, 0x5f, 0x45, 0x5f, 0xdf, \
  0xbc, 0x9e, 0xb3, 0xa3, 0xde, 0x00, 0x00, 0x00, 0x02, 0x00, 0x00, 0x00, 0x74, 0x00, 0x00, 0x00, \
  0x20, 0x00, 0x00, 0x00, 0x01, 0x00, 0x00, 0x00, 0x01, 0x00, 0xf2, 0x32, 0x31, 0xaf, 0x29, 0x08, \
  0xbd, 0x3e, 0x15, 0x04, 0x4d, 0x58, 0x91, 0xfc, 0xc8, 0x00, 0x00, 0x00, 0x02, 0x00, 0x00, 0x00, \
  0x71, 0x00, 0x00, 0x00, 0xf2, 0x32, 0x31, 0xaf, 0x29, 0x08, 0xbd, 0x3e, 0x15, 0x04, 0x4d, 0x58, \
  0x91, 0xfc, 0xc8, 0x00, 0x44, 0x00, 0x00, 0x00, 0xf2, 0x30, 0x00, 0x00, 0x28, 0x00, 0x00, 0x00, \
  0x00, 0x00, 0x00, 0x00, 0x20, 0x00, 0x00, 0x00, 0x73, 0x70, 0x61, 0x74, 0x69, 0x61, 0x6c, 0x3a, \
  0x3a, 0x63, 0x6f, 0x6d, 0x6d, 0x6f, 0x6e, 0x3a, 0x3a, 0x51, 0x75, 0x61, 0x74, 0x65, 0x72, 0x6e, \
  0x69, 0x6f, 0x6e, 0x58, 0x59, 0x5a, 0x57, 0x00, 0x10, 0x00, 0x00, 0x00, 0x00, 0x00, 0x90, 0xf3, \
  0x01, 0x00, 0x00, 0x00, 0x01, 0x00, 0x00, 0x00, 0x04, 0x0a, 0x00, 0x00, 0xf2, 0x87, 0xee, 0x96, \
  0x5a, 0x72, 0xfd, 0x5f, 0x9a, 0x67, 0xda, 0x7d, 0xc8, 0xa2, 0x5d, 0x00, 0x7a, 0x00, 0x00, 0x00, \
  0xf2, 0x51, 0x02, 0x00, 0x27, 0x00, 0x00, 0x00, 0x00, 0x00, 0x00, 0x00, 0x1f, 0x00, 0x00, 0x00, \
  0x73, 0x70, 0x61, 0x74, 0x69, 0x61, 0x6c, 0x3a, 0x3a, 0x64, 0x69, 0x73, 0x63, 0x6f, 0x3a, 0x3a, \
  0x56, 0x61, 0x6c, 0x69, 0x64, 0x69, 0x74, 0x79, 0x57, 0x69, 0x6e, 0x64, 0x6f, 0x77, 0x00, 0x00, \
  0x46, 0x00, 0x00, 0x00, 0x02, 0x00, 0x00, 0x00, 0x23, 0x00, 0x00, 0x00, 0x00, 0x00, 0x00, 0x00, \
  0x01, 0x00, 0xf2, 0xb7, 0xe0, 0x95, 0xff, 0x1d, 0x45, 0x4d, 0x98, 0xde, 0x9c, 0xe1, 0x91, 0xd9, \
  0x58, 0x00, 0x00, 0x00, 0x05, 0x00, 0x00, 0x00, 0x66, 0x72, 0x6f, 0x6d, 0x00, 0x00, 0x00, 0x00, \
  0x16, 0x00, 0x00, 0x00, 0x01, 0x00, 0x00, 0x00, 0x01, 0x00, 0x07, 0x00, 0x08, 0x00, 0x00, 0x00, \
  0x73, 0x65, 0x63, 0x6f, 0x6e, 0x64, 0x73, 0x00, 0x00, 0x00, 0x00, 0x00, 0x02, 0x02, 0x00, 0x00, \
  0x11, 0x00, 0x00, 0x00, 0xf2, 0x2c, 0xf2, 0x36, 0x0b, 0x8d, 0xee, 0x28, 0x9d, 0x07, 0x16, 0x85, \
  0xc5, 0x5d, 0x6a, 0xf1, 0xa8, 0x4a, 0x88, 0x4b, 0x59, 0x45, 0x64, 0xa2, 0x47, 0xcc, 0x8b, 0xb9, \
  0x7a, 0x8f, 0xf2, 0x33, 0x31, 0x48, 0x03, 0xc0, 0x2a, 0x9f, 0x03, 0x4f, 0x40, 0xd5, 0x93, 0xd3, \
  0xd5, 0xf1, 0xe9, 0x4a, 0x7a, 0x28, 0x52, 0xd4, 0x2a, 0xed, 0xe3, 0xcf, 0x7e, 0xf8, 0xea, 0x8a, \
  0xf2, 0x91, 0x38, 0x0c, 0xde, 0xf8, 0x67, 0x8f, 0xc8, 0x8b, 0xa2, 0x83, 0x62, 0xe5, 0xa7, 0xf1, \
  0x12, 0x69, 0x2f, 0xb5, 0x69, 0x7b, 0xe7, 0x28, 0x99, 0xb2, 0x36, 0x0f, 0x3d, 0xa7, 0xf2, 0xaa, \
  0xea, 0xdb, 0xbe, 0x20, 0x73, 0x26, 0x70, 0x8f, 0xaa, 0x55, 0xe2, 0x57, 0x42, 0xf1, 0xc7, 0x1e, \
  0x1d, 0x76, 0x25, 0xc2, 0x57, 0x77, 0xb1, 0x10, 0xe6, 0xf0, 0x3d, 0xa3, 0xf2, 0xc4, 0xed, 0x19, \
  0xab, 0x3c, 0x92, 0x34, 0xf6, 0xcb, 0xcb, 0x48, 0x87, 0xbd, 0x12, 0xf1, 0xc3, 0x45, 0x6b, 0x54, \
  0x39, 0x78, 0x18, 0x9c, 0xb4, 0x6e, 0x91, 0x1d, 0x73, 0x12, 0xf2, 0x48, 0xfc, 0x98, 0x78, 0x6e, \
  0x5f, 0x45, 0x5f, 0xdf, 0xbc, 0x9e, 0xb3, 0xa3, 0xde, 0xf1, 0xca, 0x17, 0xfa, 0xc2, 0xd2, 0xb0, \
  0xec, 0x46, 0x95, 0x91, 0x10, 0xf9, 0x01, 0x5e, 0xf2, 0xe0, 0x05, 0x25, 0x6f, 0x56, 0x5c, 0x85, \
  0x7d, 0x1a, 0x24, 0xf0, 0xc1, 0xbd, 0x10, 0xf1, 0xa6, 0x55, 0x48, 0x0e, 0x0a, 0x08, 0x99, 0x4f, \
  0xe4, 0x13, 0x37, 0xd3, 0xb5, 0x08, 0xf2, 0x31, 0x10, 0x0b, 0x3d, 0x14, 0x9a, 0xc3, 0x73, 0x58, \
  0xa2, 0x3c, 0xd8, 0xdf, 0x0d, 0xf1, 0x07, 0xdf, 0x2d, 0x0b, 0xf4, 0xea, 0xbd, 0x76, 0x34, 0x6f, \
  0x71, 0xc2, 0x15, 0x99, 0xf2, 0x65, 0x97, 0x0c, 0xfc, 0xac, 0x6c, 0x04, 0x48, 0xe7, 0x4d, 0x43, \
  0x89, 0x52, 0x31, 0xf1, 0xba, 0x3c, 0xeb, 0xdf, 0x4e, 0x99, 0x9e, 0x69, 0x58, 0x8e, 0x74, 0xb2, \
  0xae, 0xcc, 0xf2, 0x35, 0x6a, 0x2d, 0x76, 0xb1, 0xf8, 0x99, 0xe0, 0x65, 0xf5, 0xa6, 0x42, 0x18, \
  0x51, 0xf1, 0xce, 0xfa, 0xd7, 0x48, 0xf7, 0x25, 0xa0, 0x47, 0xf9, 0xcb, 0x29, 0x0f, 0x65, 0x6f, \
  0xf2, 0xb7, 0xe0, 0x95, 0xff, 0x1d, 0x45, 0x4d, 0x98, 0xde, 0x9c, 0xe1, 0x91, 0xd9, 0x58, 0xf1, \
  0x57, 0x5f, 0x4b, 0x08, 0xf8, 0x9a, 0xbb, 0x3b, 0x1c, 0x46, 0x2c, 0x73, 0x44, 0xa1, 0xf2, 0x94, \
  0x49, 0x15, 0x3e, 0x3b, 0xcc, 0xbf, 0x99, 0x7f, 0x5f, 0x9a, 0x48, 0x69, 0x55, 0xf1, 0x46, 0x07, \
  0x51, 0x88, 0x68, 0x07, 0x8e, 0x86, 0x24, 0xf2, 0x43, 0x0b, 0xe8, 0x46, 0xf2, 0x7e, 0x53, 0x50, \
  0xa7, 0x3f, 0xf0, 0xfa, 0xe3, 0xae, 0x8a, 0xef, 0x99, 0x6e, 0xb6, 0xf1, 0xd4, 0x6a, 0x65, 0xb6, \
  0x1a, 0x88, 0xc0, 0xa6, 0x6f, 0xde, 0x98, 0xf5, 0x8b, 0x97, 0xf2, 0x9c, 0xe9, 0xa6, 0x9e, 0x6b, \
  0x3d, 0x5f, 0xd8, 0x0f, 0x3f, 0x80, 0xf8, 0xdc, 0x5b, 0xf1, 0xe1, 0x57, 0xce, 0xc6, 0xce, 0x7a, \
  0x33, 0x45, 0x16, 0x1c, 0x8f, 0x6f, 0x4c, 0x26, 0xf2, 0xe3, 0xd5, 0x05, 0xab, 0xbf, 0x1d, 0xee, \
  0x39, 0x9f, 0x75, 0x3c, 0xbd, 0xfd, 0xf6, 0xf1, 0x9b, 0x0a, 0xe1, 0x3c, 0xdf, 0xe7, 0x2d, 0x2d, \
  0xb9, 0x84, 0xf3, 0x65, 0x89, 0x6f, 0xf2, 0x32, 0x31, 0xaf, 0x29, 0x08, 0xbd, 0x3e, 0x15, 0x04, \
  0x4d, 0x58, 0x91, 0xfc, 0xc8, 0xf1, 0x12, 0x69, 0x2f, 0xb5, 0x69, 0x7b, 0xe7, 0x28, 0x99, 0xb2, \
  0x36, 0x0f, 0x3d, 0xa7, 0xf2, 0x87, 0xee, 0x96, 0x5a, 0x72, 0xfd, 0x5f, 0x9a, 0x67, 0xda, 0x7d, \
  0xc8, 0xa2, 0x5d, 0xf1, 0xb0, 0x40, 0xf4, 0x42, 0x6b, 0x08, 0x3e, 0xfd, 0xfd, 0xc1, 0x75, 0x59, \
  0x26, 0xe2\
}
#define TYPE_MAP_CDR_SZ_spatial_disco_CoverageHint 5282u
const dds_topic_descriptor_t spatial_disco_CoverageHint_desc =
{
  .m_size = sizeof (spatial_disco_CoverageHint),
  .m_align = dds_alignof (spatial_disco_CoverageHint),
  .m_flagset = DDS_TOPIC_XTYPES_METADATA,
  .m_nkeys = 1u,
  .m_typename = "spatial::disco::CoverageHint",
  .m_keys = spatial_disco_CoverageHint_keys,
  .m_nops = sizeof (spatial_disco_CoverageHint_ops) / sizeof (spatial_disco_CoverageHint_ops[0]),
  .m_ops = spatial_disco_CoverageHint_ops,
  .m_meta = "",
  .type_information = { .data = TYPE_INFO_CDR_spatial_disco_CoverageHint, .sz = TYPE_INFO_CDR_SZ_spatial_disco_CoverageHint },
  .type_mapping = { .data = TYPE_MAP_CDR_spatial_disco_CoverageHint, .sz = TYPE_MAP_CDR_SZ_spatial_disco_CoverageHint }
};

#if defined(_MSC_VER) && (_MSC_VER > 1943)
__pragma(warning(push))
__pragma(warning(disable: 5287))
#endif
static const uint32_t spatial_disco_CoverageFilter_ops [] =
{
  /* CoverageFilter */
  DDS_OP_DLC,
  DDS_OP_ADR | DDS_OP_TYPE_BSQ | DDS_OP_SUBTYPE_STR, offsetof (spatial_disco_CoverageFilter, type_in), 16u,
  DDS_OP_ADR | DDS_OP_TYPE_BSQ | DDS_OP_SUBTYPE_STR, offsetof (spatial_disco_CoverageFilter, qos_profile_in), 16u,
  DDS_OP_ADR | DDS_OP_TYPE_BSQ | DDS_OP_SUBTYPE_STR, offsetof (spatial_disco_CoverageFilter, module_id_in), 16u,
  DDS_OP_RTS
};

#if defined(_MSC_VER) && (_MSC_VER > 1943)
__pragma(warning(pop))
#endif
/* Type Information:
  [MINIMAL 1ea2c16b76a977029aaa72c1a9f1] (#deps: 0)
  [COMPLETE 29121eba10dd57298314cbab8550] (#deps: 0)
*/
#define TYPE_INFO_CDR_spatial_disco_CoverageFilter (const unsigned char []){ \
  0x60, 0x00, 0x00, 0x00, 0x01, 0x10, 0x00, 0x40, 0x28, 0x00, 0x00, 0x00, 0x24, 0x00, 0x00, 0x00, \
  0x14, 0x00, 0x00, 0x00, 0xf1, 0x1e, 0xa2, 0xc1, 0x6b, 0x76, 0xa9, 0x77, 0x02, 0x9a, 0xaa, 0x72, \
  0xc1, 0xa9, 0xf1, 0x00, 0x5d, 0x00, 0x00, 0x00, 0x00, 0x00, 0x00, 0x00, 0x04, 0x00, 0x00, 0x00, \
  0x00, 0x00, 0x00, 0x00, 0x02, 0x10, 0x00, 0x40, 0x28, 0x00, 0x00, 0x00, 0x24, 0x00, 0x00, 0x00, \
  0x14, 0x00, 0x00, 0x00, 0xf2, 0x29, 0x12, 0x1e, 0xba, 0x10, 0xdd, 0x57, 0x29, 0x83, 0x14, 0xcb, \
  0xab, 0x85, 0x50, 0x00, 0xb3, 0x00, 0x00, 0x00, 0x00, 0x00, 0x00, 0x00, 0x04, 0x00, 0x00, 0x00, \
  0x00, 0x00, 0x00, 0x00\
}
#define TYPE_INFO_CDR_SZ_spatial_disco_CoverageFilter 100u
#define TYPE_MAP_CDR_spatial_disco_CoverageFilter (const unsigned char []){ \
  0x71, 0x00, 0x00, 0x00, 0x01, 0x00, 0x00, 0x00, 0xf1, 0x1e, 0xa2, 0xc1, 0x6b, 0x76, 0xa9, 0x77, \
  0x02, 0x9a, 0xaa, 0x72, 0xc1, 0xa9, 0xf1, 0x00, 0x59, 0x00, 0x00, 0x00, 0xf1, 0x51, 0x02, 0x00, \
  0x01, 0x00, 0x00, 0x00, 0x00, 0x00, 0x00, 0x00, 0x49, 0x00, 0x00, 0x00, 0x03, 0x00, 0x00, 0x00, \
  0x11, 0x00, 0x00, 0x00, 0x00, 0x00, 0x00, 0x00, 0x01, 0x00, 0x80, 0xf3, 0x01, 0x00, 0x10, 0x70, \
  0x00, 0x17, 0x3a, 0x91, 0x20, 0x00, 0x00, 0x00, 0x11, 0x00, 0x00, 0x00, 0x01, 0x00, 0x00, 0x00, \
  0x01, 0x00, 0x80, 0xf3, 0x01, 0x00, 0x10, 0x70, 0x00, 0xee, 0x28, 0xb5, 0xc3, 0x00, 0x00, 0x00, \
  0x11, 0x00, 0x00, 0x00, 0x02, 0x00, 0x00, 0x00, 0x01, 0x00, 0x80, 0xf3, 0x01, 0x00, 0x10, 0x70, \
  0x00, 0x3a, 0xcc, 0x09, 0xf9, 0x00, 0x00, 0x00, 0xc7, 0x00, 0x00, 0x00, 0x01, 0x00, 0x00, 0x00, \
  0xf2, 0x29, 0x12, 0x1e, 0xba, 0x10, 0xdd, 0x57, 0x29, 0x83, 0x14, 0xcb, 0xab, 0x85, 0x50, 0x00, \
  0xaf, 0x00, 0x00, 0x00, 0xf2, 0x51, 0x02, 0x00, 0x27, 0x00, 0x00, 0x00, 0x00, 0x00, 0x00, 0x00, \
  0x1f, 0x00, 0x00, 0x00, 0x73, 0x70, 0x61, 0x74, 0x69, 0x61, 0x6c, 0x3a, 0x3a, 0x64, 0x69, 0x73, \
  0x63, 0x6f, 0x3a, 0x3a, 0x43, 0x6f, 0x76, 0x65, 0x72, 0x61, 0x67, 0x65, 0x46, 0x69, 0x6c, 0x74, \
  0x65, 0x72, 0x00, 0x00, 0x7b, 0x00, 0x00, 0x00, 0x03, 0x00, 0x00, 0x00, 0x1e, 0x00, 0x00, 0x00, \
  0x00, 0x00, 0x00, 0x00, 0x01, 0x00, 0x80, 0xf3, 0x01, 0x00, 0x10, 0x70, 0x00, 0x00, 0x00, 0x00, \
  0x08, 0x00, 0x00, 0x00, 0x74, 0x79, 0x70, 0x65, 0x5f, 0x69, 0x6e, 0x00, 0x00, 0x00, 0x00, 0x00, \
  0x25, 0x00, 0x00, 0x00, 0x01, 0x00, 0x00, 0x00, 0x01, 0x00, 0x80, 0xf3, 0x01, 0x00, 0x10, 0x70, \
  0x00, 0x00, 0x00, 0x00, 0x0f, 0x00, 0x00, 0x00, 0x71, 0x6f, 0x73, 0x5f, 0x70, 0x72, 0x6f, 0x66, \
  0x69, 0x6c, 0x65, 0x5f, 0x69, 0x6e, 0x00, 0x00, 0x00, 0x00, 0x00, 0x00, 0x23, 0x00, 0x00, 0x00, \
  0x02, 0x00, 0x00, 0x00, 0x01, 0x00, 0x80, 0xf3, 0x01, 0x00, 0x10, 0x70, 0x00, 0x00, 0x00, 0x00, \
  0x0d, 0x00, 0x00, 0x00, 0x6d, 0x6f, 0x64, 0x75, 0x6c, 0x65, 0x5f, 0x69, 0x64, 0x5f, 0x69, 0x6e, \
  0x00, 0x00, 0x00, 0x00, 0x22, 0x00, 0x00, 0x00, 0x01, 0x00, 0x00, 0x00, 0xf2, 0x29, 0x12, 0x1e, \
  0xba, 0x10, 0xdd, 0x57, 0x29, 0x83, 0x14, 0xcb, 0xab, 0x85, 0x50, 0xf1, 0x1e, 0xa2, 0xc1, 0x6b, \
  0x76, 0xa9, 0x77, 0x02, 0x9a, 0xaa, 0x72, 0xc1, 0xa9, 0xf1\
}
#define TYPE_MAP_CDR_SZ_spatial_disco_CoverageFilter 362u
const dds_topic_descriptor_t spatial_disco_CoverageFilter_desc =
{
  .m_size = sizeof (spatial_disco_CoverageFilter),
  .m_align = dds_alignof (spatial_disco_CoverageFilter),
  .m_flagset = DDS_TOPIC_XTYPES_METADATA,
  .m_nkeys = 0u,
  .m_typename = "spatial::disco::CoverageFilter",
  .m_keys = NULL,
  .m_nops = sizeof (spatial_disco_CoverageFilter_ops) / sizeof (spatial_disco_CoverageFilter_ops[0]),
  .m_ops = spatial_disco_CoverageFilter_ops,
  .m_meta = "",
  .type_information = { .data = TYPE_INFO_CDR_spatial_disco_CoverageFilter, .sz = TYPE_INFO_CDR_SZ_spatial_disco_CoverageFilter },
  .type_mapping = { .data = TYPE_MAP_CDR_spatial_disco_CoverageFilter, .sz = TYPE_MAP_CDR_SZ_spatial_disco_CoverageFilter }
};

#if defined(_MSC_VER) && (_MSC_VER > 1943)
__pragma(warning(push))
__pragma(warning(disable: 5287))
#endif
static const uint32_t spatial_disco_CoverageQuery_ops [] =
{
  /* CoverageQuery */
  DDS_OP_DLC,
  DDS_OP_ADR | DDS_OP_FLAG_KEY | DDS_OP_TYPE_STR, offsetof (spatial_disco_CoverageQuery, query_id),
  DDS_OP_ADR | DDS_OP_TYPE_BSQ | DDS_OP_SUBTYPE_STU, offsetof (spatial_disco_CoverageQuery, coverage), 4u, sizeof (spatial_disco_CoverageElement), (5u << 16u) + 26u /* CoverageElement */,
  DDS_OP_ADR | DDS_OP_TYPE_EXT, offsetof (spatial_disco_CoverageQuery, coverage_frame_ref), (3u << 16u) + 60u /* FrameRef */,
  DDS_OP_ADR | DDS_OP_TYPE_BLN, offsetof (spatial_disco_CoverageQuery, has_coverage_eval_time),
  DDS_OP_ADR | DDS_OP_TYPE_EXT, offsetof (spatial_disco_CoverageQuery, coverage_eval_time), (3u << 16u) + 66u /* Time */,
  DDS_OP_ADR | DDS_OP_TYPE_BLN, offsetof (spatial_disco_CoverageQuery, has_filter),
  DDS_OP_ADR | DDS_OP_TYPE_EXT, offsetof (spatial_disco_CoverageQuery, filter), (3u << 16u) + 67u /* CoverageFilter */,
  DDS_OP_ADR | DDS_OP_TYPE_STR, offsetof (spatial_disco_CoverageQuery, reply_topic),
  DDS_OP_ADR | DDS_OP_TYPE_EXT, offsetof (spatial_disco_CoverageQuery, stamp), (3u << 16u) + 56u /* Time */,
  DDS_OP_ADR | DDS_OP_TYPE_4BY, offsetof (spatial_disco_CoverageQuery, ttl_sec),
  DDS_OP_RTS,

  /* CoverageElement */
  DDS_OP_DLC,
  DDS_OP_ADR | DDS_OP_TYPE_BLN, offsetof (spatial_disco_CoverageElement, has_crs),
  DDS_OP_ADR | DDS_OP_TYPE_STR, offsetof (spatial_disco_CoverageElement, crs),
  DDS_OP_ADR | DDS_OP_TYPE_BLN, offsetof (spatial_disco_CoverageElement, has_bbox),
  DDS_OP_ADR | DDS_OP_TYPE_ARR | DDS_OP_SUBTYPE_8BY | DDS_OP_FLAG_FP, offsetof (spatial_disco_CoverageElement, bbox), 4u,
  DDS_OP_ADR | DDS_OP_TYPE_BLN, offsetof (spatial_disco_CoverageElement, has_aabb),
  DDS_OP_ADR | DDS_OP_TYPE_EXT, offsetof (spatial_disco_CoverageElement, aabb), (3u << 16u) + 19u /* Aabb3 */,
  DDS_OP_ADR | DDS_OP_TYPE_BLN, offsetof (spatial_disco_CoverageElement, global),
  DDS_OP_ADR | DDS_OP_TYPE_BLN, offsetof (spatial_disco_CoverageElement, has_frame_ref),
  DDS_OP_ADR | DDS_OP_TYPE_EXT, offsetof (spatial_disco_CoverageElement, frame_ref), (3u << 16u) + 20u /* FrameRef */,
  DDS_OP_ADR | DDS_OP_TYPE_BLN, offsetof (spatial_disco_CoverageElement, has_coverage_window),
  DDS_OP_ADR | DDS_OP_TYPE_EXT, offsetof (spatial_disco_CoverageElement, coverage_window_start), (3u << 16u) + 26u /* Time */,
  DDS_OP_ADR | DDS_OP_TYPE_EXT, offsetof (spatial_disco_CoverageElement, coverage_window_end), (3u << 16u) + 23u /* Time */,
  DDS_OP_RTS,

  /* Aabb3 */
  DDS_OP_DLC,
  DDS_OP_ADR | DDS_OP_TYPE_ARR | DDS_OP_SUBTYPE_8BY | DDS_OP_FLAG_FP, offsetof (spatial_core_Aabb3, min_xyz), 3u,
  DDS_OP_ADR | DDS_OP_TYPE_ARR | DDS_OP_SUBTYPE_8BY | DDS_OP_FLAG_FP, offsetof (spatial_core_Aabb3, max_xyz), 3u,
  DDS_OP_RTS,

  /* FrameRef */
  DDS_OP_DLC,
  DDS_OP_ADR | DDS_OP_TYPE_STR, offsetof (spatial_common_FrameRef, uuid),
  DDS_OP_ADR | DDS_OP_TYPE_STR, offsetof (spatial_common_FrameRef, fqn),
  DDS_OP_ADR | DDS_OP_TYPE_BLN, offsetof (spatial_common_FrameRef, has_coord_convention),
  DDS_OP_ADR | DDS_OP_TYPE_ENU | (2 << DDS_OP_FLAG_SZ_SHIFT), offsetof (spatial_common_FrameRef, coord_convention), 5u,
  DDS_OP_RTS,

  /* Time */
  DDS_OP_DLC,
  DDS_OP_ADR | DDS_OP_TYPE_8BY | DDS_OP_FLAG_SGN, offsetof (builtin_Time, sec),
  DDS_OP_ADR | DDS_OP_TYPE_4BY, offsetof (builtin_Time, nanosec),
  DDS_OP_RTS,

  /* CoverageFilter */
  DDS_OP_DLC,
  DDS_OP_ADR | DDS_OP_TYPE_BSQ | DDS_OP_SUBTYPE_STR, offsetof (spatial_disco_CoverageFilter, type_in), 16u,
  DDS_OP_ADR | DDS_OP_TYPE_BSQ | DDS_OP_SUBTYPE_STR, offsetof (spatial_disco_CoverageFilter, qos_profile_in), 16u,
  DDS_OP_ADR | DDS_OP_TYPE_BSQ | DDS_OP_SUBTYPE_STR, offsetof (spatial_disco_CoverageFilter, module_id_in), 16u,
  DDS_OP_RTS,
  
  /* key: query_id */
  DDS_OP_KOF | 1, 1u /* order: 0 */
};

#if defined(_MSC_VER) && (_MSC_VER > 1943)
__pragma(warning(pop))
#endif
static const dds_key_descriptor_t spatial_disco_CoverageQuery_keys[1] =
{
  { "query_id", 96, 0 }
};

/* Type Information:
  [MINIMAL 18d8116e5b9882486332fa8c1e2f] (#deps: 12)
   - [MINIMAL e94a7a2852d42aede3cf7ef8ea8a]
   - [MINIMAL 12692fb5697be72899b2360f3da7]
   - [MINIMAL c71e1d7625c25777b110e6f03da3]
   - [MINIMAL c3456b543978189cb46e911d7312]
   - [MINIMAL ca17fac2d2b0ec46959110f9015e]
   - [MINIMAL a655480e0a08994fe41337d3b508]
   - [MINIMAL 07df2d0bf4eabd76346f71c21599]
   - [MINIMAL ba3cebdf4e999e69588e74b2aecc]
   - [MINIMAL cefad748f725a047f9cb290f656f]
   - [MINIMAL 575f4b08f89abb3b1c462c7344a1]
   - [MINIMAL 4607518868078e8624f2430be846]
   - [MINIMAL 1ea2c16b76a977029aaa72c1a9f1]
  [COMPLETE 31b6cdb36a6d67196e0c9f0587b6] (#deps: 12)
   - [COMPLETE 33314803c02a9f034f40d593d3d5]
   - [COMPLETE 91380cdef8678fc88ba28362e5a7]
   - [COMPLETE aaeadbbe207326708faa55e25742]
   - [COMPLETE c4ed19ab3c9234f6cbcb4887bd12]
   - [COMPLETE 48fc98786e5f455fdfbc9eb3a3de]
   - [COMPLETE e005256f565c857d1a24f0c1bd10]
   - [COMPLETE 31100b3d149ac37358a23cd8df0d]
   - [COMPLETE 65970cfcac6c0448e74d43895231]
   - [COMPLETE 356a2d76b1f899e065f5a6421851]
   - [COMPLETE b7e095ff1d454d98de9ce191d958]
   - [COMPLETE 9449153e3bccbf997f5f9a486955]
   - [COMPLETE 29121eba10dd57298314cbab8550]
*/
#define TYPE_INFO_CDR_spatial_disco_CoverageQuery (const unsigned char []){ \
  0xa0, 0x02, 0x00, 0x00, 0x01, 0x10, 0x00, 0x40, 0x48, 0x01, 0x00, 0x00, 0x44, 0x01, 0x00, 0x00, \
  0x14, 0x00, 0x00, 0x00, 0xf1, 0x18, 0xd8, 0x11, 0x6e, 0x5b, 0x98, 0x82, 0x48, 0x63, 0x32, 0xfa, \
  0x8c, 0x1e, 0x2f, 0x00, 0x0b, 0x01, 0x00, 0x00, 0x0c, 0x00, 0x00, 0x00, 0x24, 0x01, 0x00, 0x00, \
  0x0c, 0x00, 0x00, 0x00, 0x14, 0x00, 0x00, 0x00, 0xf1, 0xe9, 0x4a, 0x7a, 0x28, 0x52, 0xd4, 0x2a, \
  0xed, 0xe3, 0xcf, 0x7e, 0xf8, 0xea, 0x8a, 0x00, 0x25, 0x01, 0x00, 0x00, 0x14, 0x00, 0x00, 0x00, \
  0xf1, 0x12, 0x69, 0x2f, 0xb5, 0x69, 0x7b, 0xe7, 0x28, 0x99, 0xb2, 0x36, 0x0f, 0x3d, 0xa7, 0x00, \
  0x1e, 0x00, 0x00, 0x00, 0x14, 0x00, 0x00, 0x00, 0xf1, 0xc7, 0x1e, 0x1d, 0x76, 0x25, 0xc2, 0x57, \
  0x77, 0xb1, 0x10, 0xe6, 0xf0, 0x3d, 0xa3, 0x00, 0x21, 0x00, 0x00, 0x00, 0x14, 0x00, 0x00, 0x00, \
  0xf1, 0xc3, 0x45, 0x6b, 0x54, 0x39, 0x78, 0x18, 0x9c, 0xb4, 0x6e, 0x91, 0x1d, 0x73, 0x12, 0x00, \
  0x55, 0x00, 0x00, 0x00, 0x14, 0x00, 0x00, 0x00, 0xf1, 0xca, 0x17, 0xfa, 0xc2, 0xd2, 0xb0, 0xec, \
  0x46, 0x95, 0x91, 0x10, 0xf9, 0x01, 0x5e, 0x00, 0x1e, 0x00, 0x00, 0x00, 0x14, 0x00, 0x00, 0x00, \
  0xf1, 0xa6, 0x55, 0x48, 0x0e, 0x0a, 0x08, 0x99, 0x4f, 0xe4, 0x13, 0x37, 0xd3, 0xb5, 0x08, 0x00, \
  0x21, 0x00, 0x00, 0x00, 0x14, 0x00, 0x00, 0x00, 0xf1, 0x07, 0xdf, 0x2d, 0x0b, 0xf4, 0xea, 0xbd, \
  0x76, 0x34, 0x6f, 0x71, 0xc2, 0x15, 0x99, 0x00, 0x21, 0x00, 0x00, 0x00, 0x14, 0x00, 0x00, 0x00, \
  0xf1, 0xba, 0x3c, 0xeb, 0xdf, 0x4e, 0x99, 0x9e, 0x69, 0x58, 0x8e, 0x74, 0xb2, 0xae, 0xcc, 0x00, \
  0x65, 0x00, 0x00, 0x00, 0x14, 0x00, 0x00, 0x00, 0xf1, 0xce, 0xfa, 0xd7, 0x48, 0xf7, 0x25, 0xa0, \
  0x47, 0xf9, 0xcb, 0x29, 0x0f, 0x65, 0x6f, 0x00, 0x8e, 0x00, 0x00, 0x00, 0x14, 0x00, 0x00, 0x00, \
  0xf1, 0x57, 0x5f, 0x4b, 0x08, 0xf8, 0x9a, 0xbb, 0x3b, 0x1c, 0x46, 0x2c, 0x73, 0x44, 0xa1, 0x00, \
  0x21, 0x00, 0x00, 0x00, 0x14, 0x00, 0x00, 0x00, 0xf1, 0x46, 0x07, 0x51, 0x88, 0x68, 0x07, 0x8e, \
  0x86, 0x24, 0xf2, 0x43, 0x0b, 0xe8, 0x46, 0x00, 0x37, 0x00, 0x00, 0x00, 0x14, 0x00, 0x00, 0x00, \
  0xf1, 0x1e, 0xa2, 0xc1, 0x6b, 0x76, 0xa9, 0x77, 0x02, 0x9a, 0xaa, 0x72, 0xc1, 0xa9, 0xf1, 0x00, \
  0x5d, 0x00, 0x00, 0x00, 0x02, 0x10, 0x00, 0x40, 0x48, 0x01, 0x00, 0x00, 0x44, 0x01, 0x00, 0x00, \
  0x14, 0x00, 0x00, 0x00, 0xf2, 0x31, 0xb6, 0xcd, 0xb3, 0x6a, 0x6d, 0x67, 0x19, 0x6e, 0x0c, 0x9f, \
  0x05, 0x87, 0xb6, 0x00, 0xd2, 0x01, 0x00, 0x00, 0x0c, 0x00, 0x00, 0x00, 0x24, 0x01, 0x00, 0x00, \
  0x0c, 0x00, 0x00, 0x00, 0x14, 0x00, 0x00, 0x00, 0xf2, 0x33, 0x31, 0x48, 0x03, 0xc0, 0x2a, 0x9f, \
  0x03, 0x4f, 0x40, 0xd5, 0x93, 0xd3, 0xd5, 0x00, 0xf6, 0x01, 0x00, 0x00, 0x14, 0x00, 0x00, 0x00, \
  0xf2, 0x91, 0x38, 0x0c, 0xde, 0xf8, 0x67, 0x8f, 0xc8, 0x8b, 0xa2, 0x83, 0x62, 0xe5, 0xa7, 0x00, \
  0x40, 0x00, 0x00, 0x00, 0x14, 0x00, 0x00, 0x00, 0xf2, 0xaa, 0xea, 0xdb, 0xbe, 0x20, 0x73, 0x26, \
  0x70, 0x8f, 0xaa, 0x55, 0xe2, 0x57, 0x42, 0x00, 0x43, 0x00, 0x00, 0x00, 0x14, 0x00, 0x00, 0x00, \
  0xf2, 0xc4, 0xed, 0x19, 0xab, 0x3c, 0x92, 0x34, 0xf6, 0xcb, 0xcb, 0x48, 0x87, 0xbd, 0x12, 0x00, \
  0x8a, 0x00, 0x00, 0x00, 0x14, 0x00, 0x00, 0x00, 0xf2, 0x48, 0xfc, 0x98, 0x78, 0x6e, 0x5f, 0x45, \
  0x5f, 0xdf, 0xbc, 0x9e, 0xb3, 0xa3, 0xde, 0x00, 0x40, 0x00, 0x00, 0x00, 0x14, 0x00, 0x00, 0x00, \
  0xf2, 0xe0, 0x05, 0x25, 0x6f, 0x56, 0x5c, 0x85, 0x7d, 0x1a, 0x24, 0xf0, 0xc1, 0xbd, 0x10, 0x00, \
  0x47, 0x00, 0x00, 0x00, 0x14, 0x00, 0x00, 0x00, 0xf2, 0x31, 0x10, 0x0b, 0x3d, 0x14, 0x9a, 0xc3, \
  0x73, 0x58, 0xa2, 0x3c, 0xd8, 0xdf, 0x0d, 0x00, 0x43, 0x00, 0x00, 0x00, 0x14, 0x00, 0x00, 0x00, \
  0xf2, 0x65, 0x97, 0x0c, 0xfc, 0xac, 0x6c, 0x04, 0x48, 0xe7, 0x4d, 0x43, 0x89, 0x52, 0x31, 0x00, \
  0xc3, 0x00, 0x00, 0x00, 0x14, 0x00, 0x00, 0x00, 0xf2, 0x35, 0x6a, 0x2d, 0x76, 0xb1, 0xf8, 0x99, \
  0xe0, 0x65, 0xf5, 0xa6, 0x42, 0x18, 0x51, 0x00, 0xf0, 0x00, 0x00, 0x00, 0x14, 0x00, 0x00, 0x00, \
  0xf2, 0xb7, 0xe0, 0x95, 0xff, 0x1d, 0x45, 0x4d, 0x98, 0xde, 0x9c, 0xe1, 0x91, 0xd9, 0x58, 0x00, \
  0x43, 0x00, 0x00, 0x00, 0x14, 0x00, 0x00, 0x00, 0xf2, 0x94, 0x49, 0x15, 0x3e, 0x3b, 0xcc, 0xbf, \
  0x99, 0x7f, 0x5f, 0x9a, 0x48, 0x69, 0x55, 0x00, 0x5e, 0x00, 0x00, 0x00, 0x14, 0x00, 0x00, 0x00, \
  0xf2, 0x29, 0x12, 0x1e, 0xba, 0x10, 0xdd, 0x57, 0x29, 0x83, 0x14, 0xcb, 0xab, 0x85, 0x50, 0x00, \
  0xb3, 0x00, 0x00, 0x00\
}
#define TYPE_INFO_CDR_SZ_spatial_disco_CoverageQuery 676u
#define TYPE_MAP_CDR_spatial_disco_CoverageQuery (const unsigned char []){ \
  0xa1, 0x05, 0x00, 0x00, 0x0d, 0x00, 0x00, 0x00, 0xf1, 0x18, 0xd8, 0x11, 0x6e, 0x5b, 0x98, 0x82, \
  0x48, 0x63, 0x32, 0xfa, 0x8c, 0x1e, 0x2f, 0x00, 0x07, 0x01, 0x00, 0x00, 0xf1, 0x51, 0x02, 0x00, \
  0x01, 0x00, 0x00, 0x00, 0x00, 0x00, 0x00, 0x00, 0xf7, 0x00, 0x00, 0x00, 0x0a, 0x00, 0x00, 0x00, \
  0x0c, 0x00, 0x00, 0x00, 0x00, 0x00, 0x00, 0x00, 0x21, 0x00, 0x70, 0x00, 0x0b, 0xbe, 0xda, 0x9c, \
  0x1e, 0x00, 0x00, 0x00, 0x01, 0x00, 0x00, 0x00, 0x01, 0x00, 0x80, 0xf1, 0x01, 0x00, 0x04, 0xf1, \
  0xe9, 0x4a, 0x7a, 0x28, 0x52, 0xd4, 0x2a, 0xed, 0xe3, 0xcf, 0x7e, 0xf8, 0xea, 0x8a, 0x60, 0x63, \
  0x4b, 0xaf, 0x00, 0x00, 0x19, 0x00, 0x00, 0x00, 0x02, 0x00, 0x00, 0x00, 0x01, 0x00, 0xf1, 0xa6, \
  0x55, 0x48, 0x0e, 0x0a, 0x08, 0x99, 0x4f, 0xe4, 0x13, 0x37, 0xd3, 0xb5, 0x08, 0x8a, 0x44, 0x07, \
  0x2e, 0x00, 0x00, 0x00, 0x0b, 0x00, 0x00, 0x00, 0x03, 0x00, 0x00, 0x00, 0x01, 0x00, 0x01, 0x89, \
  0x0b, 0x67, 0xb7, 0x00, 0x19, 0x00, 0x00, 0x00, 0x04, 0x00, 0x00, 0x00, 0x01, 0x00, 0xf1, 0x57, \
  0x5f, 0x4b, 0x08, 0xf8, 0x9a, 0xbb, 0x3b, 0x1c, 0x46, 0x2c, 0x73, 0x44, 0xa1, 0x83, 0xcb, 0x9d, \
  0xec, 0x00, 0x00, 0x00, 0x0b, 0x00, 0x00, 0x00, 0x05, 0x00, 0x00, 0x00, 0x01, 0x00, 0x01, 0x73, \
  0x3f, 0xed, 0xde, 0x00, 0x19, 0x00, 0x00, 0x00, 0x06, 0x00, 0x00, 0x00, 0x01, 0x00, 0xf1, 0x1e, \
  0xa2, 0xc1, 0x6b, 0x76, 0xa9, 0x77, 0x02, 0x9a, 0xaa, 0x72, 0xc1, 0xa9, 0xf1, 0xb2, 0xc9, 0x7a, \
  0xe4, 0x00, 0x00, 0x00, 0x0c, 0x00, 0x00, 0x00, 0x07, 0x00, 0x00, 0x00, 0x01, 0x00, 0x70, 0x00, \
  0xbf, 0x88, 0xef, 0x92, 0x19, 0x00, 0x00, 0x00, 0x08, 0x00, 0x00, 0x00, 0x01, 0x00, 0xf1, 0x57, \
  0x5f, 0x4b, 0x08, 0xf8, 0x9a, 0xbb, 0x3b, 0x1c, 0x46, 0x2c, 0x73, 0x44, 0xa1, 0x96, 0xb8, 0xc7, \
  0x8d, 0x00, 0x00, 0x00, 0x0b, 0x00, 0x00, 0x00, 0x09, 0x00, 0x00, 0x00, 0x01, 0x00, 0x07, 0xe0, \
  0x0c, 0xfb, 0x0e, 0xf1, 0xe9, 0x4a, 0x7a, 0x28, 0x52, 0xd4, 0x2a, 0xed, 0xe3, 0xcf, 0x7e, 0xf8, \
  0xea, 0x8a, 0x00, 0x00, 0x21, 0x01, 0x00, 0x00, 0xf1, 0x51, 0x02, 0x00, 0x01, 0x00, 0x00, 0x00, \
  0x00, 0x00, 0x00, 0x00, 0x11, 0x01, 0x00, 0x00, 0x0c, 0x00, 0x00, 0x00, 0x0b, 0x00, 0x00, 0x00, \
  0x00, 0x00, 0x00, 0x00, 0x01, 0x00, 0x01, 0x30, 0x42, 0x90, 0x96, 0x00, 0x0c, 0x00, 0x00, 0x00, \
  0x01, 0x00, 0x00, 0x00, 0x01, 0x00, 0x70, 0x00, 0x29, 0xfa, 0x19, 0xe7, 0x0b, 0x00, 0x00, 0x00, \
  0x02, 0x00, 0x00, 0x00, 0x01, 0x00, 0x01, 0xc1, 0x66, 0xaf, 0x14, 0x00, 0x19, 0x00, 0x00, 0x00, \
  0x03, 0x00, 0x00, 0x00, 0x01, 0x00, 0xf1, 0x12, 0x69, 0x2f, 0xb5, 0x69, 0x7b, 0xe7, 0x28, 0x99, \
  0xb2, 0x36, 0x0f, 0x3d, 0xa7, 0x5b, 0xa7, 0x8e, 0xfe, 0x00, 0x00, 0x00, 0x0b, 0x00, 0x00, 0x00, \
  0x04, 0x00, 0x00, 0x00, 0x01, 0x00, 0x01, 0x42, 0x8d, 0x56, 0x5a, 0x00, 0x19, 0x00, 0x00, 0x00, \
  0x05, 0x00, 0x00, 0x00, 0x01, 0x00, 0xf1, 0xc7, 0x1e, 0x1d, 0x76, 0x25, 0xc2, 0x57, 0x77, 0xb1, \
  0x10, 0xe6, 0xf0, 0x3d, 0xa3, 0x5e, 0x39, 0x42, 0x81, 0x00, 0x00, 0x00, 0x0b, 0x00, 0x00, 0x00, \
  0x06, 0x00, 0x00, 0x00, 0x01, 0x00, 0x01, 0x9c, 0x70, 0x93, 0x3a, 0x00, 0x0b, 0x00, 0x00, 0x00, \
  0x07, 0x00, 0x00, 0x00, 0x01, 0x00, 0x01, 0x04, 0xa9, 0xa2, 0xf7, 0x00, 0x19, 0x00, 0x00, 0x00, \
  0x08, 0x00, 0x00, 0x00, 0x01, 0x00, 0xf1, 0xa6, 0x55, 0x48, 0x0e, 0x0a, 0x08, 0x99, 0x4f, 0xe4, \
  0x13, 0x37, 0xd3, 0xb5, 0x08, 0x91, 0xc9, 0xb0, 0xd8, 0x00, 0x00, 0x00, 0x0b, 0x00, 0x00, 0x00, \
  0x09, 0x00, 0x00, 0x00, 0x01, 0x00, 0x01, 0xbd, 0x4f, 0xb1, 0x27, 0x00, 0x19, 0x00, 0x00, 0x00, \
  0x0a, 0x00, 0x00, 0x00, 0x01, 0x00, 0xf1, 0x57, 0x5f, 0x4b, 0x08, 0xf8, 0x9a, 0xbb, 0x3b, 0x1c, \
  0x46, 0x2c, 0x73, 0x44, 0xa1, 0xae, 0x73, 0x9b, 0xfb, 0x00, 0x00, 0x00, 0x19, 0x00, 0x00, 0x00, \
  0x0b, 0x00, 0x00, 0x00, 0x01, 0x00, 0xf1, 0x57, 0x5f, 0x4b, 0x08, 0xf8, 0x9a, 0xbb, 0x3b, 0x1c, \
  0x46, 0x2c, 0x73, 0x44, 0xa1, 0x28, 0xb6, 0x02, 0xa3, 0xf1, 0x12, 0x69, 0x2f, 0xb5, 0x69, 0x7b, \
  0xe7, 0x28, 0x99, 0xb2, 0x36, 0x0f, 0x3d, 0xa7, 0x1a, 0x00, 0x00, 0x00, 0xf1, 0x30, 0x00, 0x00, \
  0x00, 0x00, 0x00, 0x00, 0x0e, 0x00, 0x00, 0x00, 0x00, 0x00, 0x90, 0xf3, 0x01, 0x00, 0x00, 0x00, \
  0x01, 0x00, 0x00, 0x00, 0x04, 0x0a, 0xf1, 0xc7, 0x1e, 0x1d, 0x76, 0x25, 0xc2, 0x57, 0x77, 0xb1, \
  0x10, 0xe6, 0xf0, 0x3d, 0xa3, 0x00, 0x00, 0x00, 0x1d, 0x00, 0x00, 0x00, 0xf1, 0x30, 0x00, 0x00, \
  0x00, 0x00, 0x00, 0x00, 0x11, 0x00, 0x00, 0x00, 0x00, 0x00, 0xf1, 0xc3, 0x45, 0x6b, 0x54, 0x39, \
  0x78, 0x18, 0x9c, 0xb4, 0x6e, 0x91, 0x1d, 0x73, 0x12, 0xf1, 0xc3, 0x45, 0x6b, 0x54, 0x39, 0x78, \
  0x18, 0x9c, 0xb4, 0x6e, 0x91, 0x1d, 0x73, 0x12, 0x51, 0x00, 0x00, 0x00, 0xf1, 0x51, 0x02, 0x00, \
  0x01, 0x00, 0x00, 0x00, 0x00, 0x00, 0x00, 0x00, 0x41, 0x00, 0x00, 0x00, 0x02, 0x00, 0x00, 0x00, \
  0x19, 0x00, 0x00, 0x00, 0x00, 0x00, 0x00, 0x00, 0x01, 0x00, 0xf1, 0xca, 0x17, 0xfa, 0xc2, 0xd2, \
  0xb0, 0xec, 0x46, 0x95, 0x91, 0x10, 0xf9, 0x01, 0x5e, 0xc7, 0x2f, 0xaf, 0x1b, 0x00, 0x00, 0x00, \
  0x19, 0x00, 0x00, 0x00, 0x01, 0x00, 0x00, 0x00, 0x01, 0x00, 0xf1, 0xca, 0x17, 0xfa, 0xc2, 0xd2, \
  0xb0, 0xec, 0x46, 0x95, 0x91, 0x10, 0xf9, 0x01, 0x5e, 0x36, 0x73, 0x37, 0x08, 0xf1, 0xca, 0x17, \
  0xfa, 0xc2, 0xd2, 0xb0, 0xec, 0x46, 0x95, 0x91, 0x10, 0xf9, 0x01, 0x5e, 0x1a, 0x00, 0x00, 0x00, \
  0xf1, 0x30, 0x00, 0x00, 0x00, 0x00, 0x00, 0x00, 0x0e, 0x00, 0x00, 0x00, 0x00, 0x00, 0x90, 0xf3, \
  0x01, 0x00, 0x00, 0x00, 0x01, 0x00, 0x00, 0x00, 0x03, 0x0a, 0xf1, 0xa6, 0x55, 0x48, 0x0e, 0x0a, \
  0x08, 0x99, 0x4f, 0xe4, 0x13, 0x37, 0xd3, 0xb5, 0x08, 0x00, 0x00, 0x00, 0x1d, 0x00, 0x00, 0x00, \
  0xf1, 0x30, 0x00, 0x00, 0x00, 0x00, 0x00, 0x00, 0x11, 0x00, 0x00, 0x00, 0x00, 0x00, 0xf1, 0x07, \
  0xdf, 0x2d, 0x0b, 0xf4, 0xea, 0xbd, 0x76, 0x34, 0x6f, 0x71, 0xc2, 0x15, 0x99, 0xf1, 0x07, 0xdf, \
  0x2d, 0x0b, 0xf4, 0xea, 0xbd, 0x76, 0x34, 0x6f, 0x71, 0xc2, 0x15, 0x99, 0x1d, 0x00, 0x00, 0x00, \
  0xf1, 0x30, 0x00, 0x00, 0x00, 0x00, 0x00, 0x00, 0x11, 0x00, 0x00, 0x00, 0x00, 0x00, 0xf1, 0xba, \
  0x3c, 0xeb, 0xdf, 0x4e, 0x99, 0x9e, 0x69, 0x58, 0x8e, 0x74, 0xb2, 0xae, 0xcc, 0xf1, 0xba, 0x3c, \
  0xeb, 0xdf, 0x4e, 0x99, 0x9e, 0x69, 0x58, 0x8e, 0x74, 0xb2, 0xae, 0xcc, 0x61, 0x00, 0x00, 0x00, \
  0xf1, 0x51, 0x02, 0x00, 0x01, 0x00, 0x00, 0x00, 0x00, 0x00, 0x00, 0x00, 0x51, 0x00, 0x00, 0x00, \
  0x04, 0x00, 0x00, 0x00, 0x0c, 0x00, 0x00, 0x00, 0x00, 0x00, 0x00, 0x00, 0x01, 0x00, 0x70, 0x00, \
  0xef, 0x7c, 0x87, 0x6f, 0x0c, 0x00, 0x00, 0x00, 0x01, 0x00, 0x00, 0x00, 0x01, 0x00, 0x70, 0x00, \
  0x50, 0x58, 0x17, 0xef, 0x0b, 0x00, 0x00, 0x00, 0x02, 0x00, 0x00, 0x00, 0x01, 0x00, 0x01, 0x4a, \
  0x03, 0x78, 0x6f, 0x00, 0x19, 0x00, 0x00, 0x00, 0x03, 0x00, 0x00, 0x00, 0x01, 0x00, 0xf1, 0xce, \
  0xfa, 0xd7, 0x48, 0xf7, 0x25, 0xa0, 0x47, 0xf9, 0xcb, 0x29, 0x0f, 0x65, 0x6f, 0x7e, 0x7f, 0x70, \
  0x7a, 0xf1, 0xce, 0xfa, 0xd7, 0x48, 0xf7, 0x25, 0xa0, 0x47, 0xf9, 0xcb, 0x29, 0x0f, 0x65, 0x6f, \
  0x8a, 0x00, 0x00, 0x00, 0xf1, 0x40, 0x01, 0x00, 0x02, 0x00, 0x00, 0x00, 0x20, 0x00, 0x00, 0x00, \
  0x7a, 0x00, 0x00, 0x00, 0x06, 0x00, 0x00, 0x00, 0x0e, 0x00, 0x00, 0x00, 0x06, 0x00, 0x00, 0x00, \
  0x00, 0x00, 0x00, 0x00, 0x40, 0x00, 0x39, 0x2b, 0x81, 0x0f, 0x00, 0x00, 0x0e, 0x00, 0x00, 0x00, \
  0x06, 0x00, 0x00, 0x00, 0x01, 0x00, 0x00, 0x00, 0x00, 0x00, 0xa5, 0xc8, 0xc3, 0x54, 0x00, 0x00, \
  0x0e, 0x00, 0x00, 0x00, 0x06, 0x00, 0x00, 0x00, 0x02, 0x00, 0x00, 0x00, 0x00, 0x00, 0x6f, 0x49, \
  0x44, 0x8c, 0x00, 0x00, 0x0e, 0x00, 0x00, 0x00, 0x06, 0x00, 0x00, 0x00, 0x03, 0x00, 0x00, 0x00, \
  0x00, 0x00, 0x68, 0x09, 0xbe, 0xd7, 0x00, 0x00, 0x0e, 0x00, 0x00, 0x00, 0x06, 0x00, 0x00, 0x00, \
  0x04, 0x00, 0x00, 0x00, 0x00, 0x00, 0xcd, 0x34, 0x59, 0xb2, 0x00, 0x00, 0x0e, 0x00, 0x00, 0x00, \
  0x06, 0x00, 0x00, 0x00, 0x05, 0x00, 0x00, 0x00, 0x00, 0x00, 0x03, 0x57, 0x04, 0x70, 0xf1, 0x57, \
  0x5f, 0x4b, 0x08, 0xf8, 0x9a, 0xbb, 0x3b, 0x1c, 0x46, 0x2c, 0x73, 0x44, 0xa1, 0x00, 0x00, 0x00, \
  0x1d, 0x00, 0x00, 0x00, 0xf1, 0x30, 0x00, 0x00, 0x00, 0x00, 0x00, 0x00, 0x11, 0x00, 0x00, 0x00, \
  0x00, 0x00, 0xf1, 0x46, 0x07, 0x51, 0x88, 0x68, 0x07, 0x8e, 0x86, 0x24, 0xf2, 0x43, 0x0b, 0xe8, \
  0x46, 0xf1, 0x46, 0x07, 0x51, 0x88, 0x68, 0x07, 0x8e, 0x86, 0x24, 0xf2, 0x43, 0x0b, 0xe8, 0x46, \
  0x33, 0x00, 0x00, 0x00, 0xf1, 0x51, 0x02, 0x00, 0x01, 0x00, 0x00, 0x00, 0x00, 0x00, 0x00, 0x00, \
  0x23, 0x00, 0x00, 0x00, 0x02, 0x00, 0x00, 0x00, 0x0b, 0x00, 0x00, 0x00, 0x00, 0x00, 0x00, 0x00, \
  0x01, 0x00, 0x05, 0x74, 0x45, 0x9c, 0xa3, 0x00, 0x0b, 0x00, 0x00, 0x00, 0x01, 0x00, 0x00, 0x00, \
  0x01, 0x00, 0x07, 0xe2, 0x04, 0x64, 0xd5, 0xf1, 0x1e, 0xa2, 0xc1, 0x6b, 0x76, 0xa9, 0x77, 0x02, \
  0x9a, 0xaa, 0x72, 0xc1, 0xa9, 0xf1, 0x00, 0x00, 0x59, 0x00, 0x00, 0x00, 0xf1, 0x51, 0x02, 0x00, \
  0x01, 0x00, 0x00, 0x00, 0x00, 0x00, 0x00, 0x00, 0x49, 0x00, 0x00, 0x00, 0x03, 0x00, 0x00, 0x00, \
  0x11, 0x00, 0x00, 0x00, 0x00, 0x00, 0x00, 0x00, 0x01, 0x00, 0x80, 0xf3, 0x01, 0x00, 0x10, 0x70, \
  0x00, 0x17, 0x3a, 0x91, 0x20, 0x00, 0x00, 0x00, 0x11, 0x00, 0x00, 0x00, 0x01, 0x00, 0x00, 0x00, \
  0x01, 0x00, 0x80, 0xf3, 0x01, 0x00, 0x10, 0x70, 0x00, 0xee, 0x28, 0xb5, 0xc3, 0x00, 0x00, 0x00, \
  0x11, 0x00, 0x00, 0x00, 0x02, 0x00, 0x00, 0x00, 0x01, 0x00, 0x80, 0xf3, 0x01, 0x00, 0x10, 0x70, \
  0x00, 0x3a, 0xcc, 0x09, 0xf9, 0x00, 0x00, 0x00, 0x87, 0x09, 0x00, 0x00, 0x0d, 0x00, 0x00, 0x00, \
  0xf2, 0x31, 0xb6, 0xcd, 0xb3, 0x6a, 0x6d, 0x67, 0x19, 0x6e, 0x0c, 0x9f, 0x05, 0x87, 0xb6, 0x00, \
  0xce, 0x01, 0x00, 0x00, 0xf2, 0x51, 0x02, 0x00, 0x26, 0x00, 0x00, 0x00, 0x00, 0x00, 0x00, 0x00, \
  0x1e, 0x00, 0x00, 0x00, 0x73, 0x70, 0x61, 0x74, 0x69, 0x61, 0x6c, 0x3a, 0x3a, 0x64, 0x69, 0x73, \
  0x63, 0x6f, 0x3a, 0x3a, 0x43, 0x6f, 0x76, 0x65, 0x72, 0x61, 0x67, 0x65, 0x51, 0x75, 0x65, 0x72, \
  0x79, 0x00, 0x00, 0x00, 0x9a, 0x01, 0x00, 0x00, 0x0a, 0x00, 0x00, 0x00, 0x17, 0x00, 0x00, 0x00, \
  0x00, 0x00, 0x00, 0x00, 0x21, 0x00, 0x70, 0x00, 0x09, 0x00, 0x00, 0x00, 0x71, 0x75, 0x65, 0x72, \
  0x79, 0x5f, 0x69, 0x64, 0x00, 0x00, 0x00, 0x00, 0x2b, 0x00, 0x00, 0x00, 0x01, 0x00, 0x00, 0x00, \
  0x01, 0x00, 0x80, 0xf2, 0x01, 0x00, 0x04, 0xf2, 0x33, 0x31, 0x48, 0x03, 0xc0, 0x2a, 0x9f, 0x03, \
  0x4f, 0x40, 0xd5, 0x93, 0xd3, 0xd5, 0x00, 0x00, 0x09, 0x00, 0x00, 0x00, 0x63, 0x6f, 0x76, 0x65, \
  0x72, 0x61, 0x67, 0x65, 0x00, 0x00, 0x00, 0x00, 0x31, 0x00, 0x00, 0x00, 0x02, 0x00, 0x00, 0x00, \
  0x01, 0x00, 0xf2, 0xe0, 0x05, 0x25, 0x6f, 0x56, 0x5c, 0x85, 0x7d, 0x1a, 0x24, 0xf0, 0xc1, 0xbd, \
  0x10, 0x00, 0x00, 0x00, 0x13, 0x00, 0x00, 0x00, 0x63, 0x6f, 0x76, 0x65, 0x72, 0x61, 0x67, 0x65, \
  0x5f, 0x66, 0x72, 0x61, 0x6d, 0x65, 0x5f, 0x72, 0x65, 0x66, 0x00, 0x00, 0x00, 0x00, 0x00, 0x00, \
  0x25, 0x00, 0x00, 0x00, 0x03, 0x00, 0x00, 0x00, 0x01, 0x00, 0x01, 0x00, 0x17, 0x00, 0x00, 0x00, \
  0x68, 0x61, 0x73, 0x5f, 0x63, 0x6f, 0x76, 0x65, 0x72, 0x61, 0x67, 0x65, 0x5f, 0x65, 0x76, 0x61, \
  0x6c, 0x5f, 0x74, 0x69, 0x6d, 0x65, 0x00, 0x00, 0x00, 0x00, 0x00, 0x00, 0x31, 0x00, 0x00, 0x00, \
  0x04, 0x00, 0x00, 0x00, 0x01, 0x00, 0xf2, 0xb7, 0xe0, 0x95, 0xff, 0x1d, 0x45, 0x4d, 0x98, 0xde, \
  0x9c, 0xe1, 0x91, 0xd9, 0x58, 0x00, 0x00, 0x00, 0x13, 0x00, 0x00, 0x00, 0x63, 0x6f, 0x76, 0x65, \
  0x72, 0x61, 0x67, 0x65, 0x5f, 0x65, 0x76, 0x61, 0x6c, 0x5f, 0x74, 0x69, 0x6d, 0x65, 0x00, 0x00, \
  0x00, 0x00, 0x00, 0x00, 0x19, 0x00, 0x00, 0x00, 0x05, 0x00, 0x00, 0x00, 0x01, 0x00, 0x01, 0x00, \
  0x0b, 0x00, 0x00, 0x00, 0x68, 0x61, 0x73, 0x5f, 0x66, 0x69, 0x6c, 0x74, 0x65, 0x72, 0x00, 0x00, \
  0x00, 0x00, 0x00, 0x00, 0x25, 0x00, 0x00, 0x00, 0x06, 0x00, 0x00, 0x00, 0x01, 0x00, 0xf2, 0x29, \
  0x12, 0x1e, 0xba, 0x10, 0xdd, 0x57, 0x29, 0x83, 0x14, 0xcb, 0xab, 0x85, 0x50, 0x00, 0x00, 0x00, \
  0x07, 0x00, 0x00, 0x00, 0x66, 0x69, 0x6c, 0x74, 0x65, 0x72, 0x00, 0x00, 0x00, 0x00, 0x00, 0x00, \
  0x1a, 0x00, 0x00, 0x00, 0x07, 0x00, 0x00, 0x00, 0x01, 0x00, 0x70, 0x00, 0x0c, 0x00, 0x00, 0x00, \
  0x72, 0x65, 0x70, 0x6c, 0x79, 0x5f, 0x74, 0x6f, 0x70, 0x69, 0x63, 0x00, 0x00, 0x00, 0x00, 0x00, \
  0x24, 0x00, 0x00, 0x00, 0x08, 0x00, 0x00, 0x00, 0x01, 0x00, 0xf2, 0xb7, 0xe0, 0x95, 0xff, 0x1d, \
  0x45, 0x4d, 0x98, 0xde, 0x9c, 0xe1, 0x91, 0xd9, 0x58, 0x00, 0x00, 0x00, 0x06, 0x00, 0x00, 0x00, \
  0x73, 0x74, 0x61, 0x6d, 0x70, 0x00, 0x00, 0x00, 0x16, 0x00, 0x00, 0x00, 0x09, 0x00, 0x00, 0x00, \
  0x01, 0x00, 0x07, 0x00, 0x08, 0x00, 0x00, 0x00, 0x74, 0x74, 0x6c, 0x5f, 0x73, 0x65, 0x63, 0x00, \
  0x00, 0x00, 0xf2, 0x33, 0x31, 0x48, 0x03, 0xc0, 0x2a, 0x9f, 0x03, 0x4f, 0x40, 0xd5, 0x93, 0xd3, \
  0xd5, 0x00, 0x00, 0x00, 0xf2, 0x01, 0x00, 0x00, 0xf2, 0x51, 0x02, 0x00, 0x28, 0x00, 0x00, 0x00, \
  0x00, 0x00, 0x00, 0x00, 0x20, 0x00, 0x00, 0x00, 0x73, 0x70, 0x61, 0x74, 0x69, 0x61, 0x6c, 0x3a, \
  0x3a, 0x64, 0x69, 0x73, 0x63, 0x6f, 0x3a, 0x3a, 0x43, 0x6f, 0x76, 0x65, 0x72, 0x61, 0x67, 0x65, \
  0x45, 0x6c, 0x65, 0x6d, 0x65, 0x6e, 0x74, 0x00, 0xbe, 0x01, 0x00, 0x00, 0x0c, 0x00, 0x00, 0x00, \
  0x16, 0x00, 0x00, 0x00, 0x00, 0x00, 0x00, 0x00, 0x01, 0x00, 0x01, 0x00, 0x08, 0x00, 0x00, 0x00, \
  0x68, 0x61, 0x73, 0x5f, 0x63, 0x72, 0x73, 0x00, 0x00, 0x00, 0x00, 0x00, 0x12, 0x00, 0x00, 0x00, \
  0x01, 0x00, 0x00, 0x00, 0x01, 0x00, 0x70, 0x00, 0x04, 0x00, 0x00, 0x00, 0x63, 0x72, 0x73, 0x00, \
  0x00, 0x00, 0x00, 0x00, 0x17, 0x00, 0x00, 0x00, 0x02, 0x00, 0x00, 0x00, 0x01, 0x00, 0x01, 0x00, \
  0x09, 0x00, 0x00, 0x00, 0x68, 0x61, 0x73, 0x5f, 0x62, 0x62, 0x6f, 0x78, 0x00, 0x00, 0x00, 0x00, \
  0x23, 0x00, 0x00, 0x00, 0x03, 0x00, 0x00, 0x00, 0x01, 0x00, 0xf2, 0x91, 0x38, 0x0c, 0xde, 0xf8, \
  0x67, 0x8f, 0xc8, 0x8b, 0xa2, 0x83, 0x62, 0xe5, 0xa7, 0x00, 0x00, 0x00, 0x05, 0x00, 0x00, 0x00, \
  0x62, 0x62, 0x6f, 0x78, 0x00, 0x00, 0x00, 0x00, 0x17, 0x00, 0x00, 0x00, 0x04, 0x00, 0x00, 0x00, \
  0x01, 0x00, 0x01, 0x00, 0x09, 0x00, 0x00, 0x00, 0x68, 0x61, 0x73, 0x5f, 0x61, 0x61, 0x62, 0x62, \
  0x00, 0x00, 0x00, 0x00, 0x23, 0x00, 0x00, 0x00, 0x05, 0x00, 0x00, 0x00, 0x01, 0x00, 0xf2, 0xaa, \
  0xea, 0xdb, 0xbe, 0x20, 0x73, 0x26, 0x70, 0x8f, 0xaa, 0x55, 0xe2, 0x57, 0x42, 0x00, 0x00, 0x00, \
  0x05, 0x00, 0x00, 0x00, 0x61, 0x61, 0x62, 0x62, 0x00, 0x00, 0x00, 0x00, 0x15, 0x00, 0x00, 0x00, \
  0x06, 0x00, 0x00, 0x00, 0x01, 0x00, 0x01, 0x00, 0x07, 0x00, 0x00, 0x00, 0x67, 0x6c, 0x6f, 0x62, \
  0x61, 0x6c, 0x00, 0x00, 0x00, 0x00, 0x00, 0x00, 0x1c, 0x00, 0x00, 0x00, 0x07, 0x00, 0x00, 0x00, \
  0x01, 0x00, 0x01, 0x00, 0x0e, 0x00, 0x00, 0x00, 0x68, 0x61, 0x73, 0x5f, 0x66, 0x72, 0x61, 0x6d, \
  0x65, 0x5f, 0x72, 0x65, 0x66, 0x00, 0x00, 0x00, 0x28, 0x00, 0x00, 0x00, 0x08, 0x00, 0x00, 0x00, \
  0x01, 0x00, 0xf2, 0xe0, 0x05, 0x25, 0x6f, 0x56, 0x5c, 0x85, 0x7d, 0x1a, 0x24, 0xf0, 0xc1, 0xbd, \
  0x10, 0x00, 0x00, 0x00, 0x0a, 0x00, 0x00, 0x00, 0x66, 0x72, 0x61, 0x6d, 0x65, 0x5f, 0x72, 0x65, \
  0x66, 0x00, 0x00, 0x00, 0x22, 0x00, 0x00, 0x00, 0x09, 0x00, 0x00, 0x00, 0x01, 0x00, 0x01, 0x00, \
  0x14, 0x00, 0x00, 0x00, 0x68, 0x61, 0x73, 0x5f, 0x63, 0x6f, 0x76, 0x65, 0x72, 0x61, 0x67, 0x65, \
  0x5f, 0x77, 0x69, 0x6e, 0x64, 0x6f, 0x77, 0x00, 0x00, 0x00, 0x00, 0x00, 0x34, 0x00, 0x00, 0x00, \
  0x0a, 0x00, 0x00, 0x00, 0x01, 0x00, 0xf2, 0xb7, 0xe0, 0x95, 0xff, 0x1d, 0x45, 0x4d, 0x98, 0xde, \
  0x9c, 0xe1, 0x91, 0xd9, 0x58, 0x00, 0x00, 0x00, 0x16, 0x00, 0x00, 0x00, 0x63, 0x6f, 0x76, 0x65, \
  0x72, 0x61, 0x67, 0x65, 0x5f, 0x77, 0x69, 0x6e, 0x64, 0x6f, 0x77, 0x5f, 0x73, 0x74, 0x61, 0x72, \
  0x74, 0x00, 0x00, 0x00, 0x32, 0x00, 0x00, 0x00, 0x0b, 0x00, 0x00, 0x00, 0x01, 0x00, 0xf2, 0xb7, \
  0xe0, 0x95, 0xff, 0x1d, 0x45, 0x4d, 0x98, 0xde, 0x9c, 0xe1, 0x91, 0xd9, 0x58, 0x00, 0x00, 0x00, \
  0x14, 0x00, 0x00, 0x00, 0x63, 0x6f, 0x76, 0x65, 0x72, 0x61, 0x67, 0x65, 0x5f, 0x77, 0x69, 0x6e, \
  0x64, 0x6f, 0x77, 0x5f, 0x65, 0x6e, 0x64, 0x00, 0x00, 0x00, 0xf2, 0x91, 0x38, 0x0c, 0xde, 0xf8, \
  0x67, 0x8f, 0xc8, 0x8b, 0xa2, 0x83, 0x62, 0xe5, 0xa7, 0x00, 0x00, 0x00, 0x3c, 0x00, 0x00, 0x00, \
  0xf2, 0x30, 0x00, 0x00, 0x20, 0x00, 0x00, 0x00, 0x00, 0x00, 0x00, 0x00, 0x18, 0x00, 0x00, 0x00, \
  0x73, 0x70, 0x61, 0x74, 0x69, 0x61, 0x6c, 0x3a, 0x3a, 0x63, 0x6f, 0x6d, 0x6d, 0x6f, 0x6e, 0x3a, \
  0x3a, 0x42, 0x42, 0x6f, 0x78, 0x32, 0x44, 0x00, 0x10, 0x00, 0x00, 0x00, 0x00, 0x00, 0x90, 0xf3, \
  0x01, 0x00, 0x00, 0x00, 0x01, 0x00, 0x00, 0x00, 0x04, 0x0a, 0x00, 0x00, 0xf2, 0xaa, 0xea, 0xdb, \
  0xbe, 0x20, 0x73, 0x26, 0x70, 0x8f, 0xaa, 0x55, 0xe2, 0x57, 0x42, 0x00, 0x3f, 0x00, 0x00, 0x00, \
  0xf2, 0x30, 0x00, 0x00, 0x1e, 0x00, 0x00, 0x00, 0x00, 0x00, 0x00, 0x00, 0x16, 0x00, 0x00, 0x00, \
  0x73, 0x70, 0x61, 0x74, 0x69, 0x61, 0x6c, 0x3a, 0x3a, 0x64, 0x69, 0x73, 0x63, 0x6f, 0x3a, 0x3a, \
  0x41, 0x61, 0x62, 0x62, 0x33, 0x00, 0x00, 0x00, 0x13, 0x00, 0x00, 0x00, 0x00, 0x00, 0xf2, 0xc4, \
  0xed, 0x19, 0xab, 0x3c, 0x92, 0x34, 0xf6, 0xcb, 0xcb, 0x48, 0x87, 0xbd, 0x12, 0x00, 0x00, 0xf2, \
  0xc4, 0xed, 0x19, 0xab, 0x3c, 0x92, 0x34, 0xf6, 0xcb, 0xcb, 0x48, 0x87, 0xbd, 0x12, 0x00, 0x00, \
  0x86, 0x00, 0x00, 0x00, 0xf2, 0x51, 0x02, 0x00, 0x1d, 0x00, 0x00, 0x00, 0x00, 0x00, 0x00, 0x00, \
  0x15, 0x00, 0x00, 0x00, 0x73, 0x70, 0x61, 0x74, 0x69, 0x61, 0x6c, 0x3a, 0x3a, 0x63, 0x6f, 0x72, \
  0x65, 0x3a, 0x3a, 0x41, 0x61, 0x62, 0x62, 0x33, 0x00, 0x00, 0x00, 0x00, 0x5a, 0x00, 0x00, 0x00, \
  0x02, 0x00, 0x00, 0x00, 0x26, 0x00, 0x00, 0x00, 0x00, 0x00, 0x00, 0x00, 0x01, 0x00, 0xf2, 0x48, \
  0xfc, 0x98, 0x78, 0x6e, 0x5f, 0x45, 0x5f, 0xdf, 0xbc, 0x9e, 0xb3, 0xa3, 0xde, 0x00, 0x00, 0x00, \
  0x08, 0x00, 0x00, 0x00, 0x6d, 0x69, 0x6e, 0x5f, 0x78, 0x79, 0x7a, 0x00, 0x00, 0x00, 0x00, 0x00, \
  0x26, 0x00, 0x00, 0x00, 0x01, 0x00, 0x00, 0x00, 0x01, 0x00, 0xf2, 0x48, 0xfc, 0x98, 0x78, 0x6e, \
  0x5f, 0x45, 0x5f, 0xdf, 0xbc, 0x9e, 0xb3, 0xa3, 0xde, 0x00, 0x00, 0x00, 0x08, 0x00, 0x00, 0x00, \
  0x6d, 0x61, 0x78, 0x5f, 0x78, 0x79, 0x7a, 0x00, 0x00, 0x00, 0xf2, 0x48, 0xfc, 0x98, 0x78, 0x6e, \
  0x5f, 0x45, 0x5f, 0xdf, 0xbc, 0x9e, 0xb3, 0xa3, 0xde, 0x00, 0x00, 0x00, 0x3c, 0x00, 0x00, 0x00, \
  0xf2, 0x30, 0x00, 0x00, 0x1e, 0x00, 0x00, 0x00, 0x00, 0x00, 0x00, 0x00, 0x16, 0x00, 0x00, 0x00, \
  0x73, 0x70, 0x61, 0x74, 0x69, 0x61, 0x6c, 0x3a, 0x3a, 0x63, 0x6f, 0x6d, 0x6d, 0x6f, 0x6e, 0x3a, \
  0x3a, 0x56, 0x65, 0x63, 0x33, 0x00, 0x00, 0x00, 0x10, 0x00, 0x00, 0x00, 0x00, 0x00, 0x90, 0xf3, \
  0x01, 0x00, 0x00, 0x00, 0x01, 0x00, 0x00, 0x00, 0x03, 0x0a, 0x00, 0x00, 0xf2, 0xe0, 0x05, 0x25, \
  0x6f, 0x56, 0x5c, 0x85, 0x7d, 0x1a, 0x24, 0xf0, 0xc1, 0xbd, 0x10, 0x00, 0x43, 0x00, 0x00, 0x00, \
  0xf2, 0x30, 0x00, 0x00, 0x21, 0x00, 0x00, 0x00, 0x00, 0x00, 0x00, 0x00, 0x19, 0x00, 0x00, 0x00, \
  0x73, 0x70, 0x61, 0x74, 0x69, 0x61, 0x6c, 0x3a, 0x3a, 0x64, 0x69, 0x73, 0x63, 0x6f, 0x3a, 0x3a, \
  0x46, 0x72, 0x61, 0x6d, 0x65, 0x52, 0x65, 0x66, 0x00, 0x00, 0x00, 0x00, 0x13, 0x00, 0x00, 0x00, \
  0x00, 0x00, 0xf2, 0x31, 0x10, 0x0b, 0x3d, 0x14, 0x9a, 0xc3, 0x73, 0x58, 0xa2, 0x3c, 0xd8, 0xdf, \
  0x0d, 0x00, 0x00, 0xf2, 0x31, 0x10, 0x0b, 0x3d, 0x14, 0x9a, 0xc3, 0x73, 0x58, 0xa2, 0x3c, 0xd8, \
  0xdf, 0x0d, 0x00, 0x00, 0x3f, 0x00, 0x00, 0x00, 0xf2, 0x30, 0x00, 0x00, 0x20, 0x00, 0x00, 0x00, \
  0x00, 0x00, 0x00, 0x00, 0x18, 0x00, 0x00, 0x00, 0x73, 0x70, 0x61, 0x74, 0x69, 0x61, 0x6c, 0x3a, \
  0x3a, 0x63, 0x6f, 0x72, 0x65, 0x3a, 0x3a, 0x46, 0x72, 0x61, 0x6d, 0x65, 0x52, 0x65, 0x66, 0x00, \
  0x13, 0x00, 0x00, 0x00, 0x00, 0x00, 0xf2, 0x65, 0x97, 0x0c, 0xfc, 0xac, 0x6c, 0x04, 0x48, 0xe7, \
  0x4d, 0x43, 0x89, 0x52, 0x31, 0x00, 0x00, 0xf2, 0x65, 0x97, 0x0c, 0xfc, 0xac, 0x6c, 0x04, 0x48, \
  0xe7, 0x4d, 0x43, 0x89, 0x52, 0x31, 0x00, 0x00, 0xbf, 0x00, 0x00, 0x00, 0xf2, 0x51, 0x02, 0x00, \
  0x22, 0x00, 0x00, 0x00, 0x00, 0x00, 0x00, 0x00, 0x1a, 0x00, 0x00, 0x00, 0x73, 0x70, 0x61, 0x74, \
  0x69, 0x61, 0x6c, 0x3a, 0x3a, 0x63, 0x6f, 0x6d, 0x6d, 0x6f, 0x6e, 0x3a, 0x3a, 0x46, 0x72, 0x61, \
  0x6d, 0x65, 0x52, 0x65, 0x66, 0x00, 0x00, 0x00, 0x8f, 0x00, 0x00, 0x00, 0x04, 0x00, 0x00, 0x00, \
  0x13, 0x00, 0x00, 0x00, 0x00, 0x00, 0x00, 0x00, 0x01, 0x00, 0x70, 0x00, 0x05, 0x00, 0x00, 0x00, \
  0x75, 0x75, 0x69, 0x64, 0x00, 0x00, 0x00, 0x00, 0x12, 0x00, 0x00, 0x00, 0x01, 0x00, 0x00, 0x00, \
  0x01, 0x00, 0x70, 0x00, 0x04, 0x00, 0x00, 0x00, 0x66, 0x71, 0x6e, 0x00, 0x00, 0x00, 0x00, 0x00, \
  0x23, 0x00, 0x00, 0x00, 0x02, 0x00, 0x00, 0x00, 0x01, 0x00, 0x01, 0x00, 0x15, 0x00, 0x00, 0x00, \
  0x68, 0x61, 0x73, 0x5f, 0x63, 0x6f, 0x6f, 0x72, 0x64, 0x5f, 0x63, 0x6f, 0x6e, 0x76, 0x65, 0x6e, \
  0x74, 0x69, 0x6f, 0x6e, 0x00, 0x00, 0x00, 0x00, 0x2f, 0x00, 0x00, 0x00, 0x03, 0x00, 0x00, 0x00, \
  0x01, 0x00, 0xf2, 0x35, 0x6a, 0x2d, 0x76, 0xb1, 0xf8, 0x99, 0xe0, 0x65, 0xf5, 0xa6, 0x42, 0x18, \
  0x51, 0x00, 0x00, 0x00, 0x11, 0x00, 0x00, 0x00, 0x63, 0x6f, 0x6f, 0x72, 0x64, 0x5f, 0x63, 0x6f, \
  0x6e, 0x76, 0x65, 0x6e, 0x74, 0x69, 0x6f, 0x6e, 0x00, 0x00, 0x00, 0xf2, 0x35, 0x6a, 0x2d, 0x76, \
  0xb1, 0xf8, 0x99, 0xe0, 0x65, 0xf5, 0xa6, 0x42, 0x18, 0x51, 0x00, 0x00, 0xec, 0x00, 0x00, 0x00, \
  0xf2, 0x40, 0x01, 0x00, 0x29, 0x00, 0x00, 0x00, 0x20, 0x00, 0x00, 0x00, 0x21, 0x00, 0x00, 0x00, \
  0x73, 0x70, 0x61, 0x74, 0x69, 0x61, 0x6c, 0x3a, 0x3a, 0x63, 0x6f, 0x6d, 0x6d, 0x6f, 0x6e, 0x3a, \
  0x3a, 0x43, 0x6f, 0x6f, 0x72, 0x64, 0x43, 0x6f, 0x6e, 0x76, 0x65, 0x6e, 0x74, 0x69, 0x6f, 0x6e, \
  0x00, 0x00, 0x00, 0x00, 0xb4, 0x00, 0x00, 0x00, 0x06, 0x00, 0x00, 0x00, 0x16, 0x00, 0x00, 0x00, \
  0x06, 0x00, 0x00, 0x00, 0x00, 0x00, 0x00, 0x00, 0x40, 0x00, 0x00, 0x00, 0x04, 0x00, 0x00, 0x00, \
  0x45, 0x4e, 0x55, 0x00, 0x00, 0x00, 0x00, 0x00, 0x15, 0x00, 0x00, 0x00, 0x06, 0x00, 0x00, 0x00, \
  0x01, 0x00, 0x00, 0x00, 0x00, 0x00, 0x00, 0x00, 0x03, 0x00, 0x00, 0x00, 0x43, 0x56, 0x00, 0x00, \
  0x00, 0x00, 0x00, 0x00, 0x1b, 0x00, 0x00, 0x00, 0x06, 0x00, 0x00, 0x00, 0x02, 0x00, 0x00, 0x00, \
  0x00, 0x00, 0x00, 0x00, 0x09, 0x00, 0x00, 0x00, 0x47, 0x52, 0x41, 0x50, 0x48, 0x49, 0x43, 0x53, \
  0x00, 0x00, 0x00, 0x00, 0x1b, 0x00, 0x00, 0x00, 0x06, 0x00, 0x00, 0x00, 0x03, 0x00, 0x00, 0x00, \
  0x00, 0x00, 0x00, 0x00, 0x09, 0x00, 0x00, 0x00, 0x55, 0x4e, 0x49, 0x54, 0x59, 0x5f, 0x4c, 0x48, \
  0x00, 0x00, 0x00, 0x00, 0x16, 0x00, 0x00, 0x00, 0x06, 0x00, 0x00, 0x00, 0x04, 0x00, 0x00, 0x00, \
  0x00, 0x00, 0x00, 0x00, 0x04, 0x00, 0x00, 0x00, 0x4e, 0x45, 0x44, 0x00, 0x00, 0x00, 0x00, 0x00, \
  0x18, 0x00, 0x00, 0x00, 0x06, 0x00, 0x00, 0x00, 0x05, 0x00, 0x00, 0x00, 0x00, 0x00, 0x00, 0x00, \
  0x06, 0x00, 0x00, 0x00, 0x4f, 0x54, 0x48, 0x45, 0x52, 0x00, 0x00, 0x00, 0xf2, 0xb7, 0xe0, 0x95, \
  0xff, 0x1d, 0x45, 0x4d, 0x98, 0xde, 0x9c, 0xe1, 0x91, 0xd9, 0x58, 0x00, 0x3f, 0x00, 0x00, 0x00, \
  0xf2, 0x30, 0x00, 0x00, 0x1d, 0x00, 0x00, 0x00, 0x00, 0x00, 0x00, 0x00, 0x15, 0x00, 0x00, 0x00, \
  0x73, 0x70, 0x61, 0x74, 0x69, 0x61, 0x6c, 0x3a, 0x3a, 0x64, 0x69, 0x73, 0x63, 0x6f, 0x3a, 0x3a, \
  0x54, 0x69, 0x6d, 0x65, 0x00, 0x00, 0x00, 0x00, 0x13, 0x00, 0x00, 0x00, 0x00, 0x00, 0xf2, 0x94, \
  0x49, 0x15, 0x3e, 0x3b, 0xcc, 0xbf, 0x99, 0x7f, 0x5f, 0x9a, 0x48, 0x69, 0x55, 0x00, 0x00, 0xf2, \
  0x94, 0x49, 0x15, 0x3e, 0x3b, 0xcc, 0xbf, 0x99, 0x7f, 0x5f, 0x9a, 0x48, 0x69, 0x55, 0x00, 0x00, \
  0x5a, 0x00, 0x00, 0x00, 0xf2, 0x51, 0x02, 0x00, 0x16, 0x00, 0x00, 0x00, 0x00, 0x00, 0x00, 0x00, \
  0x0e, 0x00, 0x00, 0x00, 0x62, 0x75, 0x69, 0x6c, 0x74, 0x69, 0x6e, 0x3a, 0x3a, 0x54, 0x69, 0x6d, \
  0x65, 0x00, 0x00, 0x00, 0x36, 0x00, 0x00, 0x00, 0x02, 0x00, 0x00, 0x00, 0x12, 0x00, 0x00, 0x00, \
  0x00, 0x00, 0x00, 0x00, 0x01, 0x00, 0x05, 0x00, 0x04, 0x00, 0x00, 0x00, 0x73, 0x65, 0x63, 0x00, \
  0x00, 0x00, 0x00, 0x00, 0x16, 0x00, 0x00, 0x00, 0x01, 0x00, 0x00, 0x00, 0x01, 0x00, 0x07, 0x00, \
  0x08, 0x00, 0x00, 0x00, 0x6e, 0x61, 0x6e, 0x6f, 0x73, 0x65, 0x63, 0x00, 0x00, 0x00, 0xf2, 0x29, \
  0x12, 0x1e, 0xba, 0x10, 0xdd, 0x57, 0x29, 0x83, 0x14, 0xcb, 0xab, 0x85, 0x50, 0x00, 0x00, 0x00, \
  0xaf, 0x00, 0x00, 0x00, 0xf2, 0x51, 0x02, 0x00, 0x27, 0x00, 0x00, 0x00, 0x00, 0x00, 0x00, 0x00, \
  0x1f, 0x00, 0x00, 0x00, 0x73, 0x70, 0x61, 0x74, 0x69, 0x61, 0x6c, 0x3a, 0x3a, 0x64, 0x69, 0x73, \
  0x63, 0x6f, 0x3a, 0x3a, 0x43, 0x6f, 0x76, 0x65, 0x72, 0x61, 0x67, 0x65, 0x46, 0x69, 0x6c, 0x74, \
  0x65, 0x72, 0x00, 0x00, 0x7b, 0x00, 0x00, 0x00, 0x03, 0x00, 0x00, 0x00, 0x1e, 0x00, 0x00, 0x00, \
  0x00, 0x00, 0x00, 0x00, 0x01, 0x00, 0x80, 0xf3, 0x01, 0x00, 0x10, 0x70, 0x00, 0x00, 0x00, 0x00, \
  0x08, 0x00, 0x00, 0x00, 0x74, 0x79, 0x70, 0x65, 0x5f, 0x69, 0x6e, 0x00, 0x00, 0x00, 0x00, 0x00, \
  0x25, 0x00, 0x00, 0x00, 0x01, 0x00, 0x00, 0x00, 0x01, 0x00, 0x80, 0xf3, 0x01, 0x00, 0x10, 0x70, \
  0x00, 0x00, 0x00, 0x00, 0x0f, 0x00, 0x00, 0x00, 0x71, 0x6f, 0x73, 0x5f, 0x70, 0x72, 0x6f, 0x66, \
  0x69, 0x6c, 0x65, 0x5f, 0x69, 0x6e, 0x00, 0x00, 0x00, 0x00, 0x00, 0x00, 0x23, 0x00, 0x00, 0x00, \
  0x02, 0x00, 0x00, 0x00, 0x01, 0x00, 0x80, 0xf3, 0x01, 0x00, 0x10, 0x70, 0x00, 0x00, 0x00, 0x00, \
  0x0d, 0x00, 0x00, 0x00, 0x6d, 0x6f, 0x64, 0x75, 0x6c, 0x65, 0x5f, 0x69, 0x64, 0x5f, 0x69, 0x6e, \
  0x00, 0x00, 0x00, 0x00, 0x8a, 0x01, 0x00, 0x00, 0x0d, 0x00, 0x00, 0x00, 0xf2, 0x31, 0xb6, 0xcd, \
  0xb3, 0x6a, 0x6d, 0x67, 0x19, 0x6e, 0x0c, 0x9f, 0x05, 0x87, 0xb6, 0xf1, 0x18, 0xd8, 0x11, 0x6e, \
  0x5b, 0x98, 0x82, 0x48, 0x63, 0x32, 0xfa, 0x8c, 0x1e, 0x2f, 0xf2, 0x33, 0x31, 0x48, 0x03, 0xc0, \
  0x2a, 0x9f, 0x03, 0x4f, 0x40, 0xd5, 0x93, 0xd3, 0xd5, 0xf1, 0xe9, 0x4a, 0x7a, 0x28, 0x52, 0xd4, \
  0x2a, 0xed, 0xe3, 0xcf, 0x7e, 0xf8, 0xea, 0x8a, 0xf2, 0x91, 0x38, 0x0c, 0xde, 0xf8, 0x67, 0x8f, \
  0xc8, 0x8b, 0xa2, 0x83, 0x62, 0xe5, 0xa7, 0xf1, 0x12, 0x69, 0x2f, 0xb5, 0x69, 0x7b, 0xe7, 0x28, \
  0x99, 0xb2, 0x36, 0x0f, 0x3d, 0xa7, 0xf2, 0xaa, 0xea, 0xdb, 0xbe, 0x20, 0x73, 0x26, 0x70, 0x8f, \
  0xaa, 0x55, 0xe2, 0x57, 0x42, 0xf1, 0xc7, 0x1e, 0x1d, 0x76, 0x25, 0xc2, 0x57, 0x77, 0xb1, 0x10, \
  0xe6, 0xf0, 0x3d, 0xa3, 0xf2, 0xc4, 0xed, 0x19, 0xab, 0x3c, 0x92, 0x34, 0xf6, 0xcb, 0xcb, 0x48, \
  0x87, 0xbd, 0x12, 0xf1, 0xc3, 0x45, 0x6b, 0x54, 0x39, 0x78, 0x18, 0x9c, 0xb4, 0x6e, 0x91, 0x1d, \
  0x73, 0x12, 0xf2, 0x48, 0xfc, 0x98, 0x78, 0x6e, 0x5f, 0x45, 0x5f, 0xdf, 0xbc, 0x9e, 0xb3, 0xa3, \
  0xde, 0xf1, 0xca, 0x17, 0xfa, 0xc2, 0xd2, 0xb0, 0xec, 0x46, 0x95, 0x91, 0x10, 0xf9, 0x01, 0x5e, \
  0xf2, 0xe0, 0x05, 0x25, 0x6f, 0x56, 0x5c, 0x85, 0x7d, 0x1a, 0x24, 0xf0, 0xc1, 0xbd, 0x10, 0xf1, \
  0xa6, 0x55, 0x48, 0x0e, 0x0a, 0x08, 0x99, 0x4f, 0xe4, 0x13, 0x37, 0xd3, 0xb5, 0x08, 0xf2, 0x31, \
  0x10, 0x0b, 0x3d, 0x14, 0x9a, 0xc3, 0x73, 0x58, 0xa2, 0x3c, 0xd8, 0xdf, 0x0d, 0xf1, 0x07, 0xdf, \
  0x2d, 0x0b, 0xf4, 0xea, 0xbd, 0x76, 0x34, 0x6f, 0x71, 0xc2, 0x15, 0x99, 0xf2, 0x65, 0x97, 0x0c, \
  0xfc, 0xac, 0x6c, 0x04, 0x48, 0xe7, 0x4d, 0x43, 0x89, 0x52, 0x31, 0xf1, 0xba, 0x3c, 0xeb, 0xdf, \
  0x4e, 0x99, 0x9e, 0x69, 0x58, 0x8e, 0x74, 0xb2, 0xae, 0xcc, 0xf2, 0x35, 0x6a, 0x2d, 0x76, 0xb1, \
  0xf8, 0x99, 0xe0, 0x65, 0xf5, 0xa6, 0x42, 0x18, 0x51, 0xf1, 0xce, 0xfa, 0xd7, 0x48, 0xf7, 0x25, \
  0xa0, 0x47, 0xf9, 0xcb, 0x29, 0x0f, 0x65, 0x6f, 0xf2, 0xb7, 0xe0, 0x95, 0xff, 0x1d, 0x45, 0x4d, \
  0x98, 0xde, 0x9c, 0xe1, 0x91, 0xd9, 0x58, 0xf1, 0x57, 0x5f, 0x4b, 0x08, 0xf8, 0x9a, 0xbb, 0x3b, \
  0x1c, 0x46, 0x2c, 0x73, 0x44, 0xa1, 0xf2, 0x94, 0x49, 0x15, 0x3e, 0x3b, 0xcc, 0xbf, 0x99, 0x7f, \
  0x5f, 0x9a, 0x48, 0x69, 0x55, 0xf1, 0x46, 0x07, 0x51, 0x88, 0x68, 0x07, 0x8e, 0x86, 0x24, 0xf2, \
  0x43, 0x0b, 0xe8, 0x46, 0xf2, 0x29, 0x12, 0x1e, 0xba, 0x10, 0xdd, 0x57, 0x29, 0x83, 0x14, 0xcb, \
  0xab, 0x85, 0x50, 0xf1, 0x1e, 0xa2, 0xc1, 0x6b, 0x76, 0xa9, 0x77, 0x02, 0x9a, 0xaa, 0x72, 0xc1, \
  0xa9, 0xf1\
}
#define TYPE_MAP_CDR_SZ_spatial_disco_CoverageQuery 4290u
const dds_topic_descriptor_t spatial_disco_CoverageQuery_desc =
{
  .m_size = sizeof (spatial_disco_CoverageQuery),
  .m_align = dds_alignof (spatial_disco_CoverageQuery),
  .m_flagset = DDS_TOPIC_XTYPES_METADATA,
  .m_nkeys = 1u,
  .m_typename = "spatial::disco::CoverageQuery",
  .m_keys = spatial_disco_CoverageQuery_keys,
  .m_nops = sizeof (spatial_disco_CoverageQuery_ops) / sizeof (spatial_disco_CoverageQuery_ops[0]),
  .m_ops = spatial_disco_CoverageQuery_ops,
  .m_meta = "",
  .type_information = { .data = TYPE_INFO_CDR_spatial_disco_CoverageQuery, .sz = TYPE_INFO_CDR_SZ_spatial_disco_CoverageQuery },
  .type_mapping = { .data = TYPE_MAP_CDR_spatial_disco_CoverageQuery, .sz = TYPE_MAP_CDR_SZ_spatial_disco_CoverageQuery }
};

#if defined(_MSC_VER) && (_MSC_VER > 1943)
__pragma(warning(push))
__pragma(warning(disable: 5287))
#endif
static const uint32_t spatial_disco_ContentAnnounce_ops [] =
{
  /* ContentAnnounce */
  DDS_OP_DLC,
  DDS_OP_ADR | DDS_OP_FLAG_KEY | DDS_OP_TYPE_STR, offsetof (spatial_disco_ContentAnnounce, content_id),
  DDS_OP_ADR | DDS_OP_TYPE_STR, offsetof (spatial_disco_ContentAnnounce, provider_id),
  DDS_OP_ADR | DDS_OP_TYPE_STR, offsetof (spatial_disco_ContentAnnounce, title),
  DDS_OP_ADR | DDS_OP_TYPE_STR, offsetof (spatial_disco_ContentAnnounce, summary),
  DDS_OP_ADR | DDS_OP_TYPE_BSQ | DDS_OP_SUBTYPE_STR, offsetof (spatial_disco_ContentAnnounce, tags), 16u,
  DDS_OP_ADR | DDS_OP_TYPE_STR, offsetof (spatial_disco_ContentAnnounce, class_id),
  DDS_OP_ADR | DDS_OP_TYPE_STR, offsetof (spatial_disco_ContentAnnounce, manifest_uri),
  DDS_OP_ADR | DDS_OP_TYPE_BSQ | DDS_OP_SUBTYPE_STU, offsetof (spatial_disco_ContentAnnounce, coverage), 16u, sizeof (spatial_disco_CoverageElement), (5u << 16u) + 30u /* CoverageElement */,
  DDS_OP_ADR | DDS_OP_TYPE_EXT, offsetof (spatial_disco_ContentAnnounce, coverage_frame_ref), (3u << 16u) + 64u /* FrameRef */,
  DDS_OP_ADR | DDS_OP_TYPE_BLN, offsetof (spatial_disco_ContentAnnounce, has_coverage_eval_time),
  DDS_OP_ADR | DDS_OP_TYPE_EXT, offsetof (spatial_disco_ContentAnnounce, coverage_eval_time), (3u << 16u) + 70u /* Time */,
  DDS_OP_ADR | DDS_OP_TYPE_BSQ | DDS_OP_SUBTYPE_STU, offsetof (spatial_disco_ContentAnnounce, transforms), 8u, sizeof (spatial_disco_Transform), (5u << 16u) + 73u /* Transform */,
  DDS_OP_ADR | DDS_OP_TYPE_EXT, offsetof (spatial_disco_ContentAnnounce, available_from), (3u << 16u) + 62u /* Time */,
  DDS_OP_ADR | DDS_OP_TYPE_EXT, offsetof (spatial_disco_ContentAnnounce, available_until), (3u << 16u) + 59u /* Time */,
  DDS_OP_ADR | DDS_OP_TYPE_EXT, offsetof (spatial_disco_ContentAnnounce, stamp), (3u << 16u) + 56u /* Time */,
  DDS_OP_ADR | DDS_OP_TYPE_4BY, offsetof (spatial_disco_ContentAnnounce, ttl_sec),
  DDS_OP_RTS,

  /* CoverageElement */
  DDS_OP_DLC,
  DDS_OP_ADR | DDS_OP_TYPE_BLN, offsetof (spatial_disco_CoverageElement, has_crs),
  DDS_OP_ADR | DDS_OP_TYPE_STR, offsetof (spatial_disco_CoverageElement, crs),
  DDS_OP_ADR | DDS_OP_TYPE_BLN, offsetof (spatial_disco_CoverageElement, has_bbox),
  DDS_OP_ADR | DDS_OP_TYPE_ARR | DDS_OP_SUBTYPE_8BY | DDS_OP_FLAG_FP, offsetof (spatial_disco_CoverageElement, bbox), 4u,
  DDS_OP_ADR | DDS_OP_TYPE_BLN, offsetof (spatial_disco_CoverageElement, has_aabb),
  DDS_OP_ADR | DDS_OP_TYPE_EXT, offsetof (spatial_disco_CoverageElement, aabb), (3u << 16u) + 19u /* Aabb3 */,
  DDS_OP_ADR | DDS_OP_TYPE_BLN, offsetof (spatial_disco_CoverageElement, global),
  DDS_OP_ADR | DDS_OP_TYPE_BLN, offsetof (spatial_disco_CoverageElement, has_frame_ref),
  DDS_OP_ADR | DDS_OP_TYPE_EXT, offsetof (spatial_disco_CoverageElement, frame_ref), (3u << 16u) + 20u /* FrameRef */,
  DDS_OP_ADR | DDS_OP_TYPE_BLN, offsetof (spatial_disco_CoverageElement, has_coverage_window),
  DDS_OP_ADR | DDS_OP_TYPE_EXT, offsetof (spatial_disco_CoverageElement, coverage_window_start), (3u << 16u) + 26u /* Time */,
  DDS_OP_ADR | DDS_OP_TYPE_EXT, offsetof (spatial_disco_CoverageElement, coverage_window_end), (3u << 16u) + 23u /* Time */,
  DDS_OP_RTS,

  /* Aabb3 */
  DDS_OP_DLC,
  DDS_OP_ADR | DDS_OP_TYPE_ARR | DDS_OP_SUBTYPE_8BY | DDS_OP_FLAG_FP, offsetof (spatial_core_Aabb3, min_xyz), 3u,
  DDS_OP_ADR | DDS_OP_TYPE_ARR | DDS_OP_SUBTYPE_8BY | DDS_OP_FLAG_FP, offsetof (spatial_core_Aabb3, max_xyz), 3u,
  DDS_OP_RTS,

  /* FrameRef */
  DDS_OP_DLC,
  DDS_OP_ADR | DDS_OP_TYPE_STR, offsetof (spatial_common_FrameRef, uuid),
  DDS_OP_ADR | DDS_OP_TYPE_STR, offsetof (spatial_common_FrameRef, fqn),
  DDS_OP_ADR | DDS_OP_TYPE_BLN, offsetof (spatial_common_FrameRef, has_coord_convention),
  DDS_OP_ADR | DDS_OP_TYPE_ENU | (2 << DDS_OP_FLAG_SZ_SHIFT), offsetof (spatial_common_FrameRef, coord_convention), 5u,
  DDS_OP_RTS,

  /* Time */
  DDS_OP_DLC,
  DDS_OP_ADR | DDS_OP_TYPE_8BY | DDS_OP_FLAG_SGN, offsetof (builtin_Time, sec),
  DDS_OP_ADR | DDS_OP_TYPE_4BY, offsetof (builtin_Time, nanosec),
  DDS_OP_RTS,

  /* Transform */
  DDS_OP_DLC,
  DDS_OP_ADR | DDS_OP_TYPE_EXT, offsetof (spatial_disco_Transform, from), (3u << 16u) + 65518u /* FrameRef */,
  DDS_OP_ADR | DDS_OP_TYPE_EXT, offsetof (spatial_disco_Transform, to), (3u << 16u) + 65515u /* FrameRef */,
  DDS_OP_ADR | DDS_OP_TYPE_EXT, offsetof (spatial_disco_Transform, pose), (3u << 16u) + 12u /* PoseSE3 */,
  DDS_OP_ADR | DDS_OP_TYPE_EXT, offsetof (spatial_disco_Transform, stamp), (3u << 16u) + 65520u /* Time */,
  DDS_OP_ADR | DDS_OP_TYPE_BLN, offsetof (spatial_disco_Transform, has_validity),
  DDS_OP_ADR | DDS_OP_TYPE_EXT, offsetof (spatial_disco_Transform, validity), (3u << 16u) + 12u /* ValidityWindow */,
  DDS_OP_RTS,

  /* PoseSE3 */
  DDS_OP_DLC,
  DDS_OP_ADR | DDS_OP_TYPE_ARR | DDS_OP_SUBTYPE_8BY | DDS_OP_FLAG_FP, offsetof (spatial_core_PoseSE3, t), 3u,
  DDS_OP_ADR | DDS_OP_TYPE_ARR | DDS_OP_SUBTYPE_8BY | DDS_OP_FLAG_FP, offsetof (spatial_core_PoseSE3, q), 4u,
  DDS_OP_RTS,

  /* ValidityWindow */
  DDS_OP_DLC,
  DDS_OP_ADR | DDS_OP_TYPE_EXT, offsetof (spatial_disco_ValidityWindow, from), (3u << 16u) + 65502u /* Time */,
  DDS_OP_ADR | DDS_OP_TYPE_4BY, offsetof (spatial_disco_ValidityWindow, seconds),
  DDS_OP_RTS,
  
  /* key: content_id */
  DDS_OP_KOF | 1, 1u /* order: 0 */
};

#if defined(_MSC_VER) && (_MSC_VER > 1943)
__pragma(warning(pop))
#endif
static const dds_key_descriptor_t spatial_disco_ContentAnnounce_keys[1] =
{
  { "content_id", 136, 0 }
};

/* Type Information:
  [MINIMAL 5c1e78d2b3551d019669daa32eeb] (#deps: 16)
   - [MINIMAL ed1fa2383bf616b5a3736bfe95da]
   - [MINIMAL e94a7a2852d42aede3cf7ef8ea8a]
   - [MINIMAL 12692fb5697be72899b2360f3da7]
   - [MINIMAL c71e1d7625c25777b110e6f03da3]
   - [MINIMAL c3456b543978189cb46e911d7312]
   - [MINIMAL ca17fac2d2b0ec46959110f9015e]
   - [MINIMAL a655480e0a08994fe41337d3b508]
   - [MINIMAL 07df2d0bf4eabd76346f71c21599]
   - [MINIMAL ba3cebdf4e999e69588e74b2aecc]
   - [MINIMAL cefad748f725a047f9cb290f656f]
   - [MINIMAL 575f4b08f89abb3b1c462c7344a1]
   - [MINIMAL 4607518868078e8624f2430be846]
   - [MINIMAL d46a65b61a88c0a66fde98f58b97]
   - [MINIMAL e157cec6ce7a3345161c8f6f4c26]
   - [MINIMAL 9b0ae13cdfe72d2db984f365896f]
   - [MINIMAL b040f4426b083efdfdc1755926e2]
  [COMPLETE 25a0b4aa25eb325130847dcc3df5] (#deps: 17)
   - [COMPLETE 1d8d59b6800851a42ca5d5123fb5]
   - [COMPLETE 33314803c02a9f034f40d593d3d5]
   - [COMPLETE 91380cdef8678fc88ba28362e5a7]
   - [COMPLETE aaeadbbe207326708faa55e25742]
   - [COMPLETE c4ed19ab3c9234f6cbcb4887bd12]
   - [COMPLETE 48fc98786e5f455fdfbc9eb3a3de]
   - [COMPLETE e005256f565c857d1a24f0c1bd10]
   - [COMPLETE 31100b3d149ac37358a23cd8df0d]
   - [COMPLETE 65970cfcac6c0448e74d43895231]
   - [COMPLETE 356a2d76b1f899e065f5a6421851]
   - [COMPLETE b7e095ff1d454d98de9ce191d958]
   - [COMPLETE 9449153e3bccbf997f5f9a486955]
   - [COMPLETE 7e5350a73ff0fae3ae8aef996eb6]
   - [COMPLETE 9ce9a69e6b3d5fd80f3f80f8dc5b]
   - [COMPLETE e3d505abbf1dee399f753cbdfdf6]
   - [COMPLETE 3231af2908bd3e15044d5891fcc8]
   - [COMPLETE 87ee965a72fd5f9a67da7dc8a25d]
*/
#define TYPE_INFO_CDR_spatial_disco_ContentAnnounce (const unsigned char []){ \
  0x78, 0x03, 0x00, 0x00, 0x01, 0x10, 0x00, 0x40, 0xa8, 0x01, 0x00, 0x00, 0xa4, 0x01, 0x00, 0x00, \
  0x14, 0x00, 0x00, 0x00, 0xf1, 0x5c, 0x1e, 0x78, 0xd2, 0xb3, 0x55, 0x1d, 0x01, 0x96, 0x69, 0xda, \
  0xa3, 0x2e, 0xeb, 0x00, 0xa7, 0x01, 0x00, 0x00, 0x10, 0x00, 0x00, 0x00, 0x84, 0x01, 0x00, 0x00, \
  0x10, 0x00, 0x00, 0x00, 0x14, 0x00, 0x00, 0x00, 0xf1, 0xed, 0x1f, 0xa2, 0x38, 0x3b, 0xf6, 0x16, \
  0xb5, 0xa3, 0x73, 0x6b, 0xfe, 0x95, 0xda, 0x00, 0x14, 0x00, 0x00, 0x00, 0x14, 0x00, 0x00, 0x00, \
  0xf1, 0xe9, 0x4a, 0x7a, 0x28, 0x52, 0xd4, 0x2a, 0xed, 0xe3, 0xcf, 0x7e, 0xf8, 0xea, 0x8a, 0x00, \
  0x25, 0x01, 0x00, 0x00, 0x14, 0x00, 0x00, 0x00, 0xf1, 0x12, 0x69, 0x2f, 0xb5, 0x69, 0x7b, 0xe7, \
  0x28, 0x99, 0xb2, 0x36, 0x0f, 0x3d, 0xa7, 0x00, 0x1e, 0x00, 0x00, 0x00, 0x14, 0x00, 0x00, 0x00, \
  0xf1, 0xc7, 0x1e, 0x1d, 0x76, 0x25, 0xc2, 0x57, 0x77, 0xb1, 0x10, 0xe6, 0xf0, 0x3d, 0xa3, 0x00, \
  0x21, 0x00, 0x00, 0x00, 0x14, 0x00, 0x00, 0x00, 0xf1, 0xc3, 0x45, 0x6b, 0x54, 0x39, 0x78, 0x18, \
  0x9c, 0xb4, 0x6e, 0x91, 0x1d, 0x73, 0x12, 0x00, 0x55, 0x00, 0x00, 0x00, 0x14, 0x00, 0x00, 0x00, \
  0xf1, 0xca, 0x17, 0xfa, 0xc2, 0xd2, 0xb0, 0xec, 0x46, 0x95, 0x91, 0x10, 0xf9, 0x01, 0x5e, 0x00, \
  0x1e, 0x00, 0x00, 0x00, 0x14, 0x00, 0x00, 0x00, 0xf1, 0xa6, 0x55, 0x48, 0x0e, 0x0a, 0x08, 0x99, \
  0x4f, 0xe4, 0x13, 0x37, 0xd3, 0xb5, 0x08, 0x00, 0x21, 0x00, 0x00, 0x00, 0x14, 0x00, 0x00, 0x00, \
  0xf1, 0x07, 0xdf, 0x2d, 0x0b, 0xf4, 0xea, 0xbd, 0x76, 0x34, 0x6f, 0x71, 0xc2, 0x15, 0x99, 0x00, \
  0x21, 0x00, 0x00, 0x00, 0x14, 0x00, 0x00, 0x00, 0xf1, 0xba, 0x3c, 0xeb, 0xdf, 0x4e, 0x99, 0x9e, \
  0x69, 0x58, 0x8e, 0x74, 0xb2, 0xae, 0xcc, 0x00, 0x65, 0x00, 0x00, 0x00, 0x14, 0x00, 0x00, 0x00, \
  0xf1, 0xce, 0xfa, 0xd7, 0x48, 0xf7, 0x25, 0xa0, 0x47, 0xf9, 0xcb, 0x29, 0x0f, 0x65, 0x6f, 0x00, \
  0x8e, 0x00, 0x00, 0x00, 0x14, 0x00, 0x00, 0x00, 0xf1, 0x57, 0x5f, 0x4b, 0x08, 0xf8, 0x9a, 0xbb, \
  0x3b, 0x1c, 0x46, 0x2c, 0x73, 0x44, 0xa1, 0x00, 0x21, 0x00, 0x00, 0x00, 0x14, 0x00, 0x00, 0x00, \
  0xf1, 0x46, 0x07, 0x51, 0x88, 0x68, 0x07, 0x8e, 0x86, 0x24, 0xf2, 0x43, 0x0b, 0xe8, 0x46, 0x00, \
  0x37, 0x00, 0x00, 0x00, 0x14, 0x00, 0x00, 0x00, 0xf1, 0xd4, 0x6a, 0x65, 0xb6, 0x1a, 0x88, 0xc0, \
  0xa6, 0x6f, 0xde, 0x98, 0xf5, 0x8b, 0x97, 0x00, 0xc5, 0x00, 0x00, 0x00, 0x14, 0x00, 0x00, 0x00, \
  0xf1, 0xe1, 0x57, 0xce, 0xc6, 0xce, 0x7a, 0x33, 0x45, 0x16, 0x1c, 0x8f, 0x6f, 0x4c, 0x26, 0x00, \
  0x21, 0x00, 0x00, 0x00, 0x14, 0x00, 0x00, 0x00, 0xf1, 0x9b, 0x0a, 0xe1, 0x3c, 0xdf, 0xe7, 0x2d, \
  0x2d, 0xb9, 0x84, 0xf3, 0x65, 0x89, 0x6f, 0x00, 0x55, 0x00, 0x00, 0x00, 0x14, 0x00, 0x00, 0x00, \
  0xf1, 0xb0, 0x40, 0xf4, 0x42, 0x6b, 0x08, 0x3e, 0xfd, 0xfd, 0xc1, 0x75, 0x59, 0x26, 0xe2, 0x00, \
  0x47, 0x00, 0x00, 0x00, 0x02, 0x10, 0x00, 0x40, 0xc0, 0x01, 0x00, 0x00, 0xbc, 0x01, 0x00, 0x00, \
  0x14, 0x00, 0x00, 0x00, 0xf2, 0x25, 0xa0, 0xb4, 0xaa, 0x25, 0xeb, 0x32, 0x51, 0x30, 0x84, 0x7d, \
  0xcc, 0x3d, 0xf5, 0x00, 0xc6, 0x02, 0x00, 0x00, 0x11, 0x00, 0x00, 0x00, 0x9c, 0x01, 0x00, 0x00, \
  0x11, 0x00, 0x00, 0x00, 0x14, 0x00, 0x00, 0x00, 0xf2, 0x1d, 0x8d, 0x59, 0xb6, 0x80, 0x08, 0x51, \
  0xa4, 0x2c, 0xa5, 0xd5, 0x12, 0x3f, 0xb5, 0x00, 0x3a, 0x00, 0x00, 0x00, 0x14, 0x00, 0x00, 0x00, \
  0xf2, 0x33, 0x31, 0x48, 0x03, 0xc0, 0x2a, 0x9f, 0x03, 0x4f, 0x40, 0xd5, 0x93, 0xd3, 0xd5, 0x00, \
  0xf6, 0x01, 0x00, 0x00, 0x14, 0x00, 0x00, 0x00, 0xf2, 0x91, 0x38, 0x0c, 0xde, 0xf8, 0x67, 0x8f, \
  0xc8, 0x8b, 0xa2, 0x83, 0x62, 0xe5, 0xa7, 0x00, 0x40, 0x00, 0x00, 0x00, 0x14, 0x00, 0x00, 0x00, \
  0xf2, 0xaa, 0xea, 0xdb, 0xbe, 0x20, 0x73, 0x26, 0x70, 0x8f, 0xaa, 0x55, 0xe2, 0x57, 0x42, 0x00, \
  0x43, 0x00, 0x00, 0x00, 0x14, 0x00, 0x00, 0x00, 0xf2, 0xc4, 0xed, 0x19, 0xab, 0x3c, 0x92, 0x34, \
  0xf6, 0xcb, 0xcb, 0x48, 0x87, 0xbd, 0x12, 0x00, 0x8a, 0x00, 0x00, 0x00, 0x14, 0x00, 0x00, 0x00, \
  0xf2, 0x48, 0xfc, 0x98, 0x78, 0x6e, 0x5f, 0x45, 0x5f, 0xdf, 0xbc, 0x9e, 0xb3, 0xa3, 0xde, 0x00, \
  0x40, 0x00, 0x00, 0x00, 0x14, 0x00, 0x00, 0x00, 0xf2, 0xe0, 0x05, 0x25, 0x6f, 0x56, 0x5c, 0x85, \
  0x7d, 0x1a, 0x24, 0xf0, 0xc1, 0xbd, 0x10, 0x00, 0x47, 0x00, 0x00, 0x00, 0x14, 0x00, 0x00, 0x00, \
  0xf2, 0x31, 0x10, 0x0b, 0x3d, 0x14, 0x9a, 0xc3, 0x73, 0x58, 0xa2, 0x3c, 0xd8, 0xdf, 0x0d, 0x00, \
  0x43, 0x00, 0x00, 0x00, 0x14, 0x00, 0x00, 0x00, 0xf2, 0x65, 0x97, 0x0c, 0xfc, 0xac, 0x6c, 0x04, \
  0x48, 0xe7, 0x4d, 0x43, 0x89, 0x52, 0x31, 0x00, 0xc3, 0x00, 0x00, 0x00, 0x14, 0x00, 0x00, 0x00, \
  0xf2, 0x35, 0x6a, 0x2d, 0x76, 0xb1, 0xf8, 0x99, 0xe0, 0x65, 0xf5, 0xa6, 0x42, 0x18, 0x51, 0x00, \
  0xf0, 0x00, 0x00, 0x00, 0x14, 0x00, 0x00, 0x00, 0xf2, 0xb7, 0xe0, 0x95, 0xff, 0x1d, 0x45, 0x4d, \
  0x98, 0xde, 0x9c, 0xe1, 0x91, 0xd9, 0x58, 0x00, 0x43, 0x00, 0x00, 0x00, 0x14, 0x00, 0x00, 0x00, \
  0xf2, 0x94, 0x49, 0x15, 0x3e, 0x3b, 0xcc, 0xbf, 0x99, 0x7f, 0x5f, 0x9a, 0x48, 0x69, 0x55, 0x00, \
  0x5e, 0x00, 0x00, 0x00, 0x14, 0x00, 0x00, 0x00, 0xf2, 0x7e, 0x53, 0x50, 0xa7, 0x3f, 0xf0, 0xfa, \
  0xe3, 0xae, 0x8a, 0xef, 0x99, 0x6e, 0xb6, 0x00, 0x23, 0x01, 0x00, 0x00, 0x14, 0x00, 0x00, 0x00, \
  0xf2, 0x9c, 0xe9, 0xa6, 0x9e, 0x6b, 0x3d, 0x5f, 0xd8, 0x0f, 0x3f, 0x80, 0xf8, 0xdc, 0x5b, 0x00, \
  0x43, 0x00, 0x00, 0x00, 0x14, 0x00, 0x00, 0x00, 0xf2, 0xe3, 0xd5, 0x05, 0xab, 0xbf, 0x1d, 0xee, \
  0x39, 0x9f, 0x75, 0x3c, 0xbd, 0xfd, 0xf6, 0x00, 0x7c, 0x00, 0x00, 0x00, 0x14, 0x00, 0x00, 0x00, \
  0xf2, 0x32, 0x31, 0xaf, 0x29, 0x08, 0xbd, 0x3e, 0x15, 0x04, 0x4d, 0x58, 0x91, 0xfc, 0xc8, 0x00, \
  0x48, 0x00, 0x00, 0x00, 0x14, 0x00, 0x00, 0x00, 0xf2, 0x87, 0xee, 0x96, 0x5a, 0x72, 0xfd, 0x5f, \
  0x9a, 0x67, 0xda, 0x7d, 0xc8, 0xa2, 0x5d, 0x00, 0x7e, 0x00, 0x00, 0x00\
}
#define TYPE_INFO_CDR_SZ_spatial_disco_ContentAnnounce 892u
#define TYPE_MAP_CDR_spatial_disco_ContentAnnounce (const unsigned char []){ \
  0xe3, 0x07, 0x00, 0x00, 0x12, 0x00, 0x00, 0x00, 0xf1, 0x5c, 0x1e, 0x78, 0xd2, 0xb3, 0x55, 0x1d, \
  0x01, 0x96, 0x69, 0xda, 0xa3, 0x2e, 0xeb, 0x00, 0xa3, 0x01, 0x00, 0x00, 0xf1, 0x51, 0x02, 0x00, \
  0x01, 0x00, 0x00, 0x00, 0x00, 0x00, 0x00, 0x00, 0x93, 0x01, 0x00, 0x00, 0x10, 0x00, 0x00, 0x00, \
  0x0c, 0x00, 0x00, 0x00, 0x00, 0x00, 0x00, 0x00, 0x21, 0x00, 0x70, 0x00, 0xe1, 0x4f, 0x02, 0xad, \
  0x0c, 0x00, 0x00, 0x00, 0x01, 0x00, 0x00, 0x00, 0x01, 0x00, 0x70, 0x00, 0x32, 0xca, 0x2d, 0xdc, \
  0x0c, 0x00, 0x00, 0x00, 0x02, 0x00, 0x00, 0x00, 0x01, 0x00, 0x70, 0x00, 0xd5, 0xd3, 0xdb, 0x17, \
  0x0c, 0x00, 0x00, 0x00, 0x03, 0x00, 0x00, 0x00, 0x01, 0x00, 0x70, 0x00, 0xa8, 0x0d, 0xa1, 0x28, \
  0x11, 0x00, 0x00, 0x00, 0x04, 0x00, 0x00, 0x00, 0x01, 0x00, 0x80, 0xf3, 0x01, 0x00, 0x10, 0x70, \
  0x00, 0xd5, 0x7a, 0xc4, 0x52, 0x00, 0x00, 0x00, 0x0c, 0x00, 0x00, 0x00, 0x05, 0x00, 0x00, 0x00, \
  0x01, 0x00, 0x70, 0x00, 0x30, 0x1e, 0x3c, 0x17, 0x19, 0x00, 0x00, 0x00, 0x06, 0x00, 0x00, 0x00, \
  0x01, 0x00, 0xf1, 0xed, 0x1f, 0xa2, 0x38, 0x3b, 0xf6, 0x16, 0xb5, 0xa3, 0x73, 0x6b, 0xfe, 0x95, \
  0xda, 0x4d, 0x30, 0x0f, 0xcc, 0x00, 0x00, 0x00, 0x1e, 0x00, 0x00, 0x00, 0x07, 0x00, 0x00, 0x00, \
  0x01, 0x00, 0x80, 0xf1, 0x01, 0x00, 0x10, 0xf1, 0xe9, 0x4a, 0x7a, 0x28, 0x52, 0xd4, 0x2a, 0xed, \
  0xe3, 0xcf, 0x7e, 0xf8, 0xea, 0x8a, 0x60, 0x63, 0x4b, 0xaf, 0x00, 0x00, 0x19, 0x00, 0x00, 0x00, \
  0x08, 0x00, 0x00, 0x00, 0x01, 0x00, 0xf1, 0xa6, 0x55, 0x48, 0x0e, 0x0a, 0x08, 0x99, 0x4f, 0xe4, \
  0x13, 0x37, 0xd3, 0xb5, 0x08, 0x8a, 0x44, 0x07, 0x2e, 0x00, 0x00, 0x00, 0x0b, 0x00, 0x00, 0x00, \
  0x09, 0x00, 0x00, 0x00, 0x01, 0x00, 0x01, 0x89, 0x0b, 0x67, 0xb7, 0x00, 0x19, 0x00, 0x00, 0x00, \
  0x0a, 0x00, 0x00, 0x00, 0x01, 0x00, 0xf1, 0x57, 0x5f, 0x4b, 0x08, 0xf8, 0x9a, 0xbb, 0x3b, 0x1c, \
  0x46, 0x2c, 0x73, 0x44, 0xa1, 0x83, 0xcb, 0x9d, 0xec, 0x00, 0x00, 0x00, 0x1e, 0x00, 0x00, 0x00, \
  0x0b, 0x00, 0x00, 0x00, 0x01, 0x00, 0x80, 0xf1, 0x01, 0x00, 0x08, 0xf1, 0xd4, 0x6a, 0x65, 0xb6, \
  0x1a, 0x88, 0xc0, 0xa6, 0x6f, 0xde, 0x98, 0xf5, 0x8b, 0x97, 0x63, 0x48, 0xc6, 0x4b, 0x00, 0x00, \
  0x19, 0x00, 0x00, 0x00, 0x0c, 0x00, 0x00, 0x00, 0x01, 0x00, 0xf1, 0x57, 0x5f, 0x4b, 0x08, 0xf8, \
  0x9a, 0xbb, 0x3b, 0x1c, 0x46, 0x2c, 0x73, 0x44, 0xa1, 0x7f, 0xa1, 0x06, 0xee, 0x00, 0x00, 0x00, \
  0x19, 0x00, 0x00, 0x00, 0x0d, 0x00, 0x00, 0x00, 0x01, 0x00, 0xf1, 0x57, 0x5f, 0x4b, 0x08, 0xf8, \
  0x9a, 0xbb, 0x3b, 0x1c, 0x46, 0x2c, 0x73, 0x44, 0xa1, 0xc0, 0x60, 0xf3, 0xd7, 0x00, 0x00, 0x00, \
  0x19, 0x00, 0x00, 0x00, 0x0e, 0x00, 0x00, 0x00, 0x01, 0x00, 0xf1, 0x57, 0x5f, 0x4b, 0x08, 0xf8, \
  0x9a, 0xbb, 0x3b, 0x1c, 0x46, 0x2c, 0x73, 0x44, 0xa1, 0x96, 0xb8, 0xc7, 0x8d, 0x00, 0x00, 0x00, \
  0x0b, 0x00, 0x00, 0x00, 0x0f, 0x00, 0x00, 0x00, 0x01, 0x00, 0x07, 0xe0, 0x0c, 0xfb, 0x0e, 0xf1, \
  0xed, 0x1f, 0xa2, 0x38, 0x3b, 0xf6, 0x16, 0xb5, 0xa3, 0x73, 0x6b, 0xfe, 0x95, 0xda, 0x00, 0x00, \
  0x10, 0x00, 0x00, 0x00, 0xf1, 0x30, 0x00, 0x00, 0x00, 0x00, 0x00, 0x00, 0x04, 0x00, 0x00, 0x00, \
  0x00, 0x00, 0x70, 0x00, 0xf1, 0xe9, 0x4a, 0x7a, 0x28, 0x52, 0xd4, 0x2a, 0xed, 0xe3, 0xcf, 0x7e, \
  0xf8, 0xea, 0x8a, 0x00, 0x21, 0x01, 0x00, 0x00, 0xf1, 0x51, 0x02, 0x00, 0x01, 0x00, 0x00, 0x00, \
  0x00, 0x00, 0x00, 0x00, 0x11, 0x01, 0x00, 0x00, 0x0c, 0x00, 0x00, 0x00, 0x0b, 0x00, 0x00, 0x00, \
  0x00, 0x00, 0x00, 0x00, 0x01, 0x00, 0x01, 0x30, 0x42, 0x90, 0x96, 0x00, 0x0c, 0x00, 0x00, 0x00, \
  0x01, 0x00, 0x00, 0x00, 0x01, 0x00, 0x70, 0x00, 0x29, 0xfa, 0x19, 0xe7, 0x0b, 0x00, 0x00, 0x00, \
  0x02, 0x00, 0x00, 0x00, 0x01, 0x00, 0x01, 0xc1, 0x66, 0xaf, 0x14, 0x00, 0x19, 0x00, 0x00, 0x00, \
  0x03, 0x00, 0x00, 0x00, 0x01, 0x00, 0xf1, 0x12, 0x69, 0x2f, 0xb5, 0x69, 0x7b, 0xe7, 0x28, 0x99, \
  0xb2, 0x36, 0x0f, 0x3d, 0xa7, 0x5b, 0xa7, 0x8e, 0xfe, 0x00, 0x00, 0x00, 0x0b, 0x00, 0x00, 0x00, \
  0x04, 0x00, 0x00, 0x00, 0x01, 0x00, 0x01, 0x42, 0x8d, 0x56, 0x5a, 0x00, 0x19, 0x00, 0x00, 0x00, \
  0x05, 0x00, 0x00, 0x00, 0x01, 0x00, 0xf1, 0xc7, 0x1e, 0x1d, 0x76, 0x25, 0xc2, 0x57, 0x77, 0xb1, \
  0x10, 0xe6, 0xf0, 0x3d, 0xa3, 0x5e, 0x39, 0x42, 0x81, 0x00, 0x00, 0x00, 0x0b, 0x00, 0x00, 0x00, \
  0x06, 0x00, 0x00, 0x00, 0x01, 0x00, 0x01, 0x9c, 0x70, 0x93, 0x3a, 0x00, 0x0b, 0x00, 0x00, 0x00, \
  0x07, 0x00, 0x00, 0x00, 0x01, 0x00, 0x01, 0x04, 0xa9, 0xa2, 0xf7, 0x00, 0x19, 0x00, 0x00, 0x00, \
  0x08, 0x00, 0x00, 0x00, 0x01, 0x00, 0xf1, 0xa6, 0x55, 0x48, 0x0e, 0x0a, 0x08, 0x99, 0x4f, 0xe4, \
  0x13, 0x37, 0xd3, 0xb5, 0x08, 0x91, 0xc9, 0xb0, 0xd8, 0x00, 0x00, 0x00, 0x0b, 0x00, 0x00, 0x00, \
  0x09, 0x00, 0x00, 0x00, 0x01, 0x00, 0x01, 0xbd, 0x4f, 0xb1, 0x27, 0x00, 0x19, 0x00, 0x00, 0x00, \
  0x0a, 0x00, 0x00, 0x00, 0x01, 0x00, 0xf1, 0x57, 0x5f, 0x4b, 0x08, 0xf8, 0x9a, 0xbb, 0x3b, 0x1c, \
  0x46, 0x2c, 0x73, 0x44, 0xa1, 0xae, 0x73, 0x9b, 0xfb, 0x00, 0x00, 0x00, 0x19, 0x00, 0x00, 0x00, \
  0x0b, 0x00, 0x00, 0x00, 0x01, 0x00, 0xf1, 0x57, 0x5f, 0x4b, 0x08, 0xf8, 0x9a, 0xbb, 0x3b, 0x1c, \
  0x46, 0x2c, 0x73, 0x44, 0xa1, 0x28, 0xb6, 0x02, 0xa3, 0xf1, 0x12, 0x69, 0x2f, 0xb5, 0x69, 0x7b, \
  0xe7, 0x28, 0x99, 0xb2, 0x36, 0x0f, 0x3d, 0xa7, 0x1a, 0x00, 0x00, 0x00, 0xf1, 0x30, 0x00, 0x00, \
  0x00, 0x00, 0x00, 0x00, 0x0e, 0x00, 0x00, 0x00, 0x00, 0x00, 0x90, 0xf3, 0x01, 0x00, 0x00, 0x00, \
  0x01, 0x00, 0x00, 0x00, 0x04, 0x0a, 0xf1, 0xc7, 0x1e, 0x1d, 0x76, 0x25, 0xc2, 0x57, 0x77, 0xb1, \
  0x10, 0xe6, 0xf0, 0x3d, 0xa3, 0x00, 0x00, 0x00, 0x1d, 0x00, 0x00, 0x00, 0xf1, 0x30, 0x00, 0x00, \
  0x00, 0x00, 0x00, 0x00, 0x11, 0x00, 0x00, 0x00, 0x00, 0x00, 0xf1, 0xc3, 0x45, 0x6b, 0x54, 0x39, \
  0x78, 0x18, 0x9c, 0xb4, 0x6e, 0x91, 0x1d, 0x73, 0x12, 0xf1, 0xc3, 0x45, 0x6b, 0x54, 0x39, 0x78, \
  0x18, 0x9c, 0xb4, 0x6e, 0x91, 0x1d, 0x73, 0x12, 0x51, 0x00, 0x00, 0x00, 0xf1, 0x51, 0x02, 0x00, \
  0x01, 0x00, 0x00, 0x00, 0x00, 0x00, 0x00, 0x00, 0x41, 0x00, 0x00, 0x00, 0x02, 0x00, 0x00, 0x00, \
  0x19, 0x00, 0x00, 0x00, 0x00, 0x00, 0x00, 0x00, 0x01, 0x00, 0xf1, 0xca, 0x17, 0xfa, 0xc2, 0xd2, \
  0xb0, 0xec, 0x46, 0x95, 0x91, 0x10, 0xf9, 0x01, 0x5e, 0xc7, 0x2f, 0xaf, 0x1b, 0x00, 0x00, 0x00, \
  0x19, 0x00, 0x00, 0x00, 0x01, 0x00, 0x00, 0x00, 0x01, 0x00, 0xf1, 0xca, 0x17, 0xfa, 0xc2, 0xd2, \
  0xb0, 0xec, 0x46, 0x95, 0x91, 0x10, 0xf9, 0x01, 0x5e, 0x36, 0x73, 0x37, 0x08, 0xf1, 0xca, 0x17, \
  0xfa, 0xc2, 0xd2, 0xb0, 0xec, 0x46, 0x95, 0x91, 0x10, 0xf9, 0x01, 0x5e, 0x1a, 0x00, 0x00, 0x00, \
  0xf1, 0x30, 0x00, 0x00, 0x00, 0x00, 0x00, 0x00, 0x0e, 0x00, 0x00, 0x00, 0x00, 0x00, 0x90, 0xf3, \
  0x01, 0x00, 0x00, 0x00, 0x01, 0x00, 0x00, 0x00, 0x03, 0x0a, 0xf1, 0xa6, 0x55, 0x48, 0x0e, 0x0a, \
  0x08, 0x99, 0x4f, 0xe4, 0x13, 0x37, 0xd3, 0xb5, 0x08, 0x00, 0x00, 0x00, 0x1d, 0x00, 0x00, 0x00, \
  0xf1, 0x30, 0x00, 0x00, 0x00, 0x00, 0x00, 0x00, 0x11, 0x00, 0x00, 0x00, 0x00, 0x00, 0xf1, 0x07, \
  0xdf, 0x2d, 0x0b, 0xf4, 0xea, 0xbd, 0x76, 0x34, 0x6f, 0x71, 0xc2, 0x15, 0x99, 0xf1, 0x07, 0xdf, \
  0x2d, 0x0b, 0xf4, 0xea, 0xbd, 0x76, 0x34, 0x6f, 0x71, 0xc2, 0x15, 0x99, 0x1d, 0x00, 0x00, 0x00, \
  0xf1, 0x30, 0x00, 0x00, 0x00, 0x00, 0x00, 0x00, 0x11, 0x00, 0x00, 0x00, 0x00, 0x00, 0xf1, 0xba, \
  0x3c, 0xeb, 0xdf, 0x4e, 0x99, 0x9e, 0x69, 0x58, 0x8e, 0x74, 0xb2, 0xae, 0xcc, 0xf1, 0xba, 0x3c, \
  0xeb, 0xdf, 0x4e, 0x99, 0x9e, 0x69, 0x58, 0x8e, 0x74, 0xb2, 0xae, 0xcc, 0x61, 0x00, 0x00, 0x00, \
  0xf1, 0x51, 0x02, 0x00, 0x01, 0x00, 0x00, 0x00, 0x00, 0x00, 0x00, 0x00, 0x51, 0x00, 0x00, 0x00, \
  0x04, 0x00, 0x00, 0x00, 0x0c, 0x00, 0x00, 0x00, 0x00, 0x00, 0x00, 0x00, 0x01, 0x00, 0x70, 0x00, \
  0xef, 0x7c, 0x87, 0x6f, 0x0c, 0x00, 0x00, 0x00, 0x01, 0x00, 0x00, 0x00, 0x01, 0x00, 0x70, 0x00, \
  0x50, 0x58, 0x17, 0xef, 0x0b, 0x00, 0x00, 0x00, 0x02, 0x00, 0x00, 0x00, 0x01, 0x00, 0x01, 0x4a, \
  0x03, 0x78, 0x6f, 0x00, 0x19, 0x00, 0x00, 0x00, 0x03, 0x00, 0x00, 0x00, 0x01, 0x00, 0xf1, 0xce, \
  0xfa, 0xd7, 0x48, 0xf7, 0x25, 0xa0, 0x47, 0xf9, 0xcb, 0x29, 0x0f, 0x65, 0x6f, 0x7e, 0x7f, 0x70, \
  0x7a, 0xf1, 0xce, 0xfa, 0xd7, 0x48, 0xf7, 0x25, 0xa0, 0x47, 0xf9, 0xcb, 0x29, 0x0f, 0x65, 0x6f, \
  0x8a, 0x00, 0x00, 0x00, 0xf1, 0x40, 0x01, 0x00, 0x02, 0x00, 0x00, 0x00, 0x20, 0x00, 0x00, 0x00, \
  0x7a, 0x00, 0x00, 0x00, 0x06, 0x00, 0x00, 0x00, 0x0e, 0x00, 0x00, 0x00, 0x06, 0x00, 0x00, 0x00, \
  0x00, 0x00, 0x00, 0x00, 0x40, 0x00, 0x39, 0x2b, 0x81, 0x0f, 0x00, 0x00, 0x0e, 0x00, 0x00, 0x00, \
  0x06, 0x00, 0x00, 0x00, 0x01, 0x00, 0x00, 0x00, 0x00, 0x00, 0xa5, 0xc8, 0xc3, 0x54, 0x00, 0x00, \
  0x0e, 0x00, 0x00, 0x00, 0x06, 0x00, 0x00, 0x00, 0x02, 0x00, 0x00, 0x00, 0x00, 0x00, 0x6f, 0x49, \
  0x44, 0x8c, 0x00, 0x00, 0x0e, 0x00, 0x00, 0x00, 0x06, 0x00, 0x00, 0x00, 0x03, 0x00, 0x00, 0x00, \
  0x00, 0x00, 0x68, 0x09, 0xbe, 0xd7, 0x00, 0x00, 0x0e, 0x00, 0x00, 0x00, 0x06, 0x00, 0x00, 0x00, \
  0x04, 0x00, 0x00, 0x00, 0x00, 0x00, 0xcd, 0x34, 0x59, 0xb2, 0x00, 0x00, 0x0e, 0x00, 0x00, 0x00, \
  0x06, 0x00, 0x00, 0x00, 0x05, 0x00, 0x00, 0x00, 0x00, 0x00, 0x03, 0x57, 0x04, 0x70, 0xf1, 0x57, \
  0x5f, 0x4b, 0x08, 0xf8, 0x9a, 0xbb, 0x3b, 0x1c, 0x46, 0x2c, 0x73, 0x44, 0xa1, 0x00, 0x00, 0x00, \
  0x1d, 0x00, 0x00, 0x00, 0xf1, 0x30, 0x00, 0x00, 0x00, 0x00, 0x00, 0x00, 0x11, 0x00, 0x00, 0x00, \
  0x00, 0x00, 0xf1, 0x46, 0x07, 0x51, 0x88, 0x68, 0x07, 0x8e, 0x86, 0x24, 0xf2, 0x43, 0x0b, 0xe8, \
  0x46, 0xf1, 0x46, 0x07, 0x51, 0x88, 0x68, 0x07, 0x8e, 0x86, 0x24, 0xf2, 0x43, 0x0b, 0xe8, 0x46, \
  0x33, 0x00, 0x00, 0x00, 0xf1, 0x51, 0x02, 0x00, 0x01, 0x00, 0x00, 0x00, 0x00, 0x00, 0x00, 0x00, \
  0x23, 0x00, 0x00, 0x00, 0x02, 0x00, 0x00, 0x00, 0x0b, 0x00, 0x00, 0x00, 0x00, 0x00, 0x00, 0x00, \
  0x01, 0x00, 0x05, 0x74, 0x45, 0x9c, 0xa3, 0x00, 0x0b, 0x00, 0x00, 0x00, 0x01, 0x00, 0x00, 0x00, \
  0x01, 0x00, 0x07, 0xe2, 0x04, 0x64, 0xd5, 0xf1, 0xd4, 0x6a, 0x65, 0xb6, 0x1a, 0x88, 0xc0, 0xa6, \
  0x6f, 0xde, 0x98, 0xf5, 0x8b, 0x97, 0x00, 0x00, 0xc1, 0x00, 0x00, 0x00, 0xf1, 0x51, 0x02, 0x00, \
  0x01, 0x00, 0x00, 0x00, 0x00, 0x00, 0x00, 0x00, 0xb1, 0x00, 0x00, 0x00, 0x06, 0x00, 0x00, 0x00, \
  0x19, 0x00, 0x00, 0x00, 0x00, 0x00, 0x00, 0x00, 0x01, 0x00, 0xf1, 0xa6, 0x55, 0x48, 0x0e, 0x0a, \
  0x08, 0x99, 0x4f, 0xe4, 0x13, 0x37, 0xd3, 0xb5, 0x08, 0xd9, 0x8a, 0x07, 0xf8, 0x00, 0x00, 0x00, \
  0x19, 0x00, 0x00, 0x00, 0x01, 0x00, 0x00, 0x00, 0x01, 0x00, 0xf1, 0xa6, 0x55, 0x48, 0x0e, 0x0a, \
  0x08, 0x99, 0x4f, 0xe4, 0x13, 0x37, 0xd3, 0xb5, 0x08, 0x01, 0xb6, 0xe2, 0x03, 0x00, 0x00, 0x00, \
  0x19, 0x00, 0x00, 0x00, 0x02, 0x00, 0x00, 0x00, 0x01, 0x00, 0xf1, 0xe1, 0x57, 0xce, 0xc6, 0xce, \
  0x7a, 0x33, 0x45, 0x16, 0x1c, 0x8f, 0x6f, 0x4c, 0x26, 0x2d, 0x5f, 0x8a, 0xe9, 0x00, 0x00, 0x00, \
  0x19, 0x00, 0x00, 0x00, 0x03, 0x00, 0x00, 0x00, 0x01, 0x00, 0xf1, 0x57, 0x5f, 0x4b, 0x08, 0xf8, \
  0x9a, 0xbb, 0x3b, 0x1c, 0x46, 0x2c, 0x73, 0x44, 0xa1, 0x96, 0xb8, 0xc7, 0x8d, 0x00, 0x00, 0x00, \
  0x0b, 0x00, 0x00, 0x00, 0x04, 0x00, 0x00, 0x00, 0x01, 0x00, 0x01, 0x74, 0x4e, 0x8d, 0x43, 0x00, \
  0x19, 0x00, 0x00, 0x00, 0x05, 0x00, 0x00, 0x00, 0x01, 0x00, 0xf1, 0xb0, 0x40, 0xf4, 0x42, 0x6b, \
  0x08, 0x3e, 0xfd, 0xfd, 0xc1, 0x75, 0x59, 0x26, 0xe2, 0x38, 0x89, 0xf8, 0x1b, 0xf1, 0xe1, 0x57, \
  0xce, 0xc6, 0xce, 0x7a, 0x33, 0x45, 0x16, 0x1c, 0x8f, 0x6f, 0x4c, 0x26, 0x1d, 0x00, 0x00, 0x00, \
  0xf1, 0x30, 0x00, 0x00, 0x00, 0x00, 0x00, 0x00, 0x11, 0x00, 0x00, 0x00, 0x00, 0x00, 0xf1, 0x9b, \
  0x0a, 0xe1, 0x3c, 0xdf, 0xe7, 0x2d, 0x2d, 0xb9, 0x84, 0xf3, 0x65, 0x89, 0x6f, 0xf1, 0x9b, 0x0a, \
  0xe1, 0x3c, 0xdf, 0xe7, 0x2d, 0x2d, 0xb9, 0x84, 0xf3, 0x65, 0x89, 0x6f, 0x51, 0x00, 0x00, 0x00, \
  0xf1, 0x51, 0x02, 0x00, 0x01, 0x00, 0x00, 0x00, 0x00, 0x00, 0x00, 0x00, 0x41, 0x00, 0x00, 0x00, \
  0x02, 0x00, 0x00, 0x00, 0x19, 0x00, 0x00, 0x00, 0x00, 0x00, 0x00, 0x00, 0x01, 0x00, 0xf1, 0xca, \
  0x17, 0xfa, 0xc2, 0xd2, 0xb0, 0xec, 0x46, 0x95, 0x91, 0x10, 0xf9, 0x01, 0x5e, 0xe3, 0x58, 0xef, \
  0xa4, 0x00, 0x00, 0x00, 0x19, 0x00, 0x00, 0x00, 0x01, 0x00, 0x00, 0x00, 0x01, 0x00, 0xf1, 0x12, \
  0x69, 0x2f, 0xb5, 0x69, 0x7b, 0xe7, 0x28, 0x99, 0xb2, 0x36, 0x0f, 0x3d, 0xa7, 0x76, 0x94, 0xf4, \
  0xa6, 0xf1, 0x12, 0x69, 0x2f, 0xb5, 0x69, 0x7b, 0xe7, 0x28, 0x99, 0xb2, 0x36, 0x0f, 0x3d, 0xa7, \
  0x1a, 0x00, 0x00, 0x00, 0xf1, 0x30, 0x00, 0x00, 0x00, 0x00, 0x00, 0x00, 0x0e, 0x00, 0x00, 0x00, \
  0x00, 0x00, 0x90, 0xf3, 0x01, 0x00, 0x00, 0x00, 0x01, 0x00, 0x00, 0x00, 0x04, 0x0a, 0xf1, 0xb0, \
  0x40, 0xf4, 0x42, 0x6b, 0x08, 0x3e, 0xfd, 0xfd, 0xc1, 0x75, 0x59, 0x26, 0xe2, 0x00, 0x00, 0x00, \
  0x43, 0x00, 0x00, 0x00, 0xf1, 0x51, 0x02, 0x00, 0x01, 0x00, 0x00, 0x00, 0x00, 0x00, 0x00, 0x00, \
  0x33, 0x00, 0x00, 0x00, 0x02, 0x00, 0x00, 0x00, 0x19, 0x00, 0x00, 0x00, 0x00, 0x00, 0x00, 0x00, \
  0x01, 0x00, 0xf1, 0x57, 0x5f, 0x4b, 0x08, 0xf8, 0x9a, 0xbb, 0x3b, 0x1c, 0x46, 0x2c, 0x73, 0x44, \
  0xa1, 0xd9, 0x8a, 0x07, 0xf8, 0x00, 0x00, 0x00, 0x0b, 0x00, 0x00, 0x00, 0x01, 0x00, 0x00, 0x00, \
  0x01, 0x00, 0x07, 0x78, 0x3e, 0x8e, 0x29, 0x00, 0xfe, 0x0c, 0x00, 0x00, 0x12, 0x00, 0x00, 0x00, \
  0xf2, 0x25, 0xa0, 0xb4, 0xaa, 0x25, 0xeb, 0x32, 0x51, 0x30, 0x84, 0x7d, 0xcc, 0x3d, 0xf5, 0x00, \
  0xc2, 0x02, 0x00, 0x00, 0xf2, 0x51, 0x02, 0x00, 0x28, 0x00, 0x00, 0x00, 0x00, 0x00, 0x00, 0x00, \
  0x20, 0x00, 0x00, 0x00, 0x73, 0x70, 0x61, 0x74, 0x69, 0x61, 0x6c, 0x3a, 0x3a, 0x64, 0x69, 0x73, \
  0x63, 0x6f, 0x3a, 0x3a, 0x43, 0x6f, 0x6e, 0x74, 0x65, 0x6e, 0x74, 0x41, 0x6e, 0x6e, 0x6f, 0x75, \
  0x6e, 0x63, 0x65, 0x00, 0x8e, 0x02, 0x00, 0x00, 0x10, 0x00, 0x00, 0x00, 0x19, 0x00, 0x00, 0x00, \
  0x00, 0x00, 0x00, 0x00, 0x21, 0x00, 0x70, 0x00, 0x0b, 0x00, 0x00, 0x00, 0x63, 0x6f, 0x6e, 0x74, \
  0x65, 0x6e, 0x74, 0x5f, 0x69, 0x64, 0x00, 0x00, 0x00, 0x00, 0x00, 0x00, 0x1a, 0x00, 0x00, 0x00, \
  0x01, 0x00, 0x00, 0x00, 0x01, 0x00, 0x70, 0x00, 0x0c, 0x00, 0x00, 0x00, 0x70, 0x72, 0x6f, 0x76, \
  0x69, 0x64, 0x65, 0x72, 0x5f, 0x69, 0x64, 0x00, 0x00, 0x00, 0x00, 0x00, 0x14, 0x00, 0x00, 0x00, \
  0x02, 0x00, 0x00, 0x00, 0x01, 0x00, 0x70, 0x00, 0x06, 0x00, 0x00, 0x00, 0x74, 0x69, 0x74, 0x6c, \
  0x65, 0x00, 0x00, 0x00, 0x16, 0x00, 0x00, 0x00, 0x03, 0x00, 0x00, 0x00, 0x01, 0x00, 0x70, 0x00, \
  0x08, 0x00, 0x00, 0x00, 0x73, 0x75, 0x6d, 0x6d, 0x61, 0x72, 0x79, 0x00, 0x00, 0x00, 0x00, 0x00, \
  0x1b, 0x00, 0x00, 0x00, 0x04, 0x00, 0x00, 0x00, 0x01, 0x00, 0x80, 0xf3, 0x01, 0x00, 0x10, 0x70, \
  0x00, 0x00, 0x00, 0x00, 0x05, 0x00, 0x00, 0x00, 0x74, 0x61, 0x67, 0x73, 0x00, 0x00, 0x00, 0x00, \
  0x17, 0x00, 0x00, 0x00, 0x05, 0x00, 0x00, 0x00, 0x01, 0x00, 0x70, 0x00, 0x09, 0x00, 0x00, 0x00, \
  0x63, 0x6c, 0x61, 0x73, 0x73, 0x5f, 0x69, 0x64, 0x00, 0x00, 0x00, 0x00, 0x2b, 0x00, 0x00, 0x00, \
  0x06, 0x00, 0x00, 0x00, 0x01, 0x00, 0xf2, 0x1d, 0x8d, 0x59, 0xb6, 0x80, 0x08, 0x51, 0xa4, 0x2c, \
  0xa5, 0xd5, 0x12, 0x3f, 0xb5, 0x00, 0x00, 0x00, 0x0d, 0x00, 0x00, 0x00, 0x6d, 0x61, 0x6e, 0x69, \
  0x66, 0x65, 0x73, 0x74, 0x5f, 0x75, 0x72, 0x69, 0x00, 0x00, 0x00, 0x00, 0x2b, 0x00, 0x00, 0x00, \
  0x07, 0x00, 0x00, 0x00, 0x01, 0x00, 0x80, 0xf2, 0x01, 0x00, 0x10, 0xf2, 0x33, 0x31, 0x48, 0x03, \
  0xc0, 0x2a, 0x9f, 0x03, 0x4f, 0x40, 0xd5, 0x93, 0xd3, 0xd5, 0x00, 0x00, 0x09, 0x00, 0x00, 0x00, \
  0x63, 0x6f, 0x76, 0x65, 0x72, 0x61, 0x67, 0x65, 0x00, 0x00, 0x00, 0x00, 0x31, 0x00, 0x00, 0x00, \
  0x08, 0x00, 0x00, 0x00, 0x01, 0x00, 0xf2, 0xe0, 0x05, 0x25, 0x6f, 0x56, 0x5c, 0x85, 0x7d, 0x1a, \
  0x24, 0xf0, 0xc1, 0xbd, 0x10, 0x00, 0x00, 0x00, 0x13, 0x00, 0x00, 0x00, 0x63, 0x6f, 0x76, 0x65, \
  0x72, 0x61, 0x67, 0x65, 0x5f, 0x66, 0x72, 0x61, 0x6d, 0x65, 0x5f, 0x72, 0x65, 0x66, 0x00, 0x00, \
  0x00, 0x00, 0x00, 0x00, 0x25, 0x00, 0x00, 0x00, 0x09, 0x00, 0x00, 0x00, 0x01, 0x00, 0x01, 0x00, \
  0x17, 0x00, 0x00, 0x00, 0x68, 0x61, 0x73, 0x5f, 0x63, 0x6f, 0x76, 0x65, 0x72, 0x61, 0x67, 0x65, \
  0x5f, 0x65, 0x76, 0x61, 0x6c, 0x5f, 0x74, 0x69, 0x6d, 0x65, 0x00, 0x00, 0x00, 0x00, 0x00, 0x00, \
  0x31, 0x00, 0x00, 0x00, 0x0a, 0x00, 0x00, 0x00, 0x01, 0x00, 0xf2, 0xb7, 0xe0, 0x95, 0xff, 0x1d, \
  0x45, 0x4d, 0x98, 0xde, 0x9c, 0xe1, 0x91, 0xd9, 0x58, 0x00, 0x00, 0x00, 0x13, 0x00, 0x00, 0x00, \
  0x63, 0x6f, 0x76, 0x65, 0x72, 0x61, 0x67, 0x65, 0x5f, 0x65, 0x76, 0x61, 0x6c, 0x5f, 0x74, 0x69, \
  0x6d, 0x65, 0x00, 0x00, 0x00, 0x00, 0x00, 0x00, 0x2d, 0x00, 0x00, 0x00, 0x0b, 0x00, 0x00, 0x00, \
  0x01, 0x00, 0x80, 0xf2, 0x01, 0x00, 0x08, 0xf2, 0x7e, 0x53, 0x50, 0xa7, 0x3f, 0xf0, 0xfa, 0xe3, \
  0xae, 0x8a, 0xef, 0x99, 0x6e, 0xb6, 0x00, 0x00, 0x0b, 0x00, 0x00, 0x00, 0x74, 0x72, 0x61, 0x6e, \
  0x73, 0x66, 0x6f, 0x72, 0x6d, 0x73, 0x00, 0x00, 0x00, 0x00, 0x00, 0x00, 0x2d, 0x00, 0x00, 0x00, \
  0x0c, 0x00, 0x00, 0x00, 0x01, 0x00, 0xf2, 0xb7, 0xe0, 0x95, 0xff, 0x1d, 0x45, 0x4d, 0x98, 0xde, \
  0x9c, 0xe1, 0x91, 0xd9, 0x58, 0x00, 0x00, 0x00, 0x0f, 0x00, 0x00, 0x00, 0x61, 0x76, 0x61, 0x69, \
  0x6c, 0x61, 0x62, 0x6c, 0x65, 0x5f, 0x66, 0x72, 0x6f, 0x6d, 0x00, 0x00, 0x00, 0x00, 0x00, 0x00, \
  0x2e, 0x00, 0x00, 0x00, 0x0d, 0x00, 0x00, 0x00, 0x01, 0x00, 0xf2, 0xb7, 0xe0, 0x95, 0xff, 0x1d, \
  0x45, 0x4d, 0x98, 0xde, 0x9c, 0xe1, 0x91, 0xd9, 0x58, 0x00, 0x00, 0x00, 0x10, 0x00, 0x00, 0x00, \
  0x61, 0x76, 0x61, 0x69, 0x6c, 0x61, 0x62, 0x6c, 0x65, 0x5f, 0x75, 0x6e, 0x74, 0x69, 0x6c, 0x00, \
  0x00, 0x00, 0x00, 0x00, 0x24, 0x00, 0x00, 0x00, 0x0e, 0x00, 0x00, 0x00, 0x01, 0x00, 0xf2, 0xb7, \
  0xe0, 0x95, 0xff, 0x1d, 0x45, 0x4d, 0x98, 0xde, 0x9c, 0xe1, 0x91, 0xd9, 0x58, 0x00, 0x00, 0x00, \
  0x06, 0x00, 0x00, 0x00, 0x73, 0x74, 0x61, 0x6d, 0x70, 0x00, 0x00, 0x00, 0x16, 0x00, 0x00, 0x00, \
  0x0f, 0x00, 0x00, 0x00, 0x01, 0x00, 0x07, 0x00, 0x08, 0x00, 0x00, 0x00, 0x74, 0x74, 0x6c, 0x5f, \
  0x73, 0x65, 0x63, 0x00, 0x00, 0x00, 0xf2, 0x1d, 0x8d, 0x59, 0xb6, 0x80, 0x08, 0x51, 0xa4, 0x2c, \
  0xa5, 0xd5, 0x12, 0x3f, 0xb5, 0x00, 0x00, 0x00, 0x36, 0x00, 0x00, 0x00, 0xf2, 0x30, 0x00, 0x00, \
  0x23, 0x00, 0x00, 0x00, 0x00, 0x00, 0x00, 0x00, 0x1b, 0x00, 0x00, 0x00, 0x73, 0x70, 0x61, 0x74, \
  0x69, 0x61, 0x6c, 0x3a, 0x3a, 0x64, 0x69, 0x73, 0x63, 0x6f, 0x3a, 0x3a, 0x53, 0x70, 0x61, 0x74, \
  0x69, 0x61, 0x6c, 0x55, 0x72, 0x69, 0x00, 0x00, 0x06, 0x00, 0x00, 0x00, 0x00, 0x00, 0x70, 0x00, \
  0x00, 0x00, 0xf2, 0x33, 0x31, 0x48, 0x03, 0xc0, 0x2a, 0x9f, 0x03, 0x4f, 0x40, 0xd5, 0x93, 0xd3, \
  0xd5, 0x00, 0x00, 0x00, 0xf2, 0x01, 0x00, 0x00, 0xf2, 0x51, 0x02, 0x00, 0x28, 0x00, 0x00, 0x00, \
  0x00, 0x00, 0x00, 0x00, 0x20, 0x00, 0x00, 0x00, 0x73, 0x70, 0x61, 0x74, 0x69, 0x61, 0x6c, 0x3a, \
  0x3a, 0x64, 0x69, 0x73, 0x63, 0x6f, 0x3a, 0x3a, 0x43, 0x6f, 0x76, 0x65, 0x72, 0x61, 0x67, 0x65, \
  0x45, 0x6c, 0x65, 0x6d, 0x65, 0x6e, 0x74, 0x00, 0xbe, 0x01, 0x00, 0x00, 0x0c, 0x00, 0x00, 0x00, \
  0x16, 0x00, 0x00, 0x00, 0x00, 0x00, 0x00, 0x00, 0x01, 0x00, 0x01, 0x00, 0x08, 0x00, 0x00, 0x00, \
  0x68, 0x61, 0x73, 0x5f, 0x63, 0x72, 0x73, 0x00, 0x00, 0x00, 0x00, 0x00, 0x12, 0x00, 0x00, 0x00, \
  0x01, 0x00, 0x00, 0x00, 0x01, 0x00, 0x70, 0x00, 0x04, 0x00, 0x00, 0x00, 0x63, 0x72, 0x73, 0x00, \
  0x00, 0x00, 0x00, 0x00, 0x17, 0x00, 0x00, 0x00, 0x02, 0x00, 0x00, 0x00, 0x01, 0x00, 0x01, 0x00, \
  0x09, 0x00, 0x00, 0x00, 0x68, 0x61, 0x73, 0x5f, 0x62, 0x62, 0x6f, 0x78, 0x00, 0x00, 0x00, 0x00, \
  0x23, 0x00, 0x00, 0x00, 0x03, 0x00, 0x00, 0x00, 0x01, 0x00, 0xf2, 0x91, 0x38, 0x0c, 0xde, 0xf8, \
  0x67, 0x8f, 0xc8, 0x8b, 0xa2, 0x83, 0x62, 0xe5, 0xa7, 0x00, 0x00, 0x00, 0x05, 0x00, 0x00, 0x00, \
  0x62, 0x62, 0x6f, 0x78, 0x00, 0x00, 0x00, 0x00, 0x17, 0x00, 0x00, 0x00, 0x04, 0x00, 0x00, 0x00, \
  0x01, 0x00, 0x01, 0x00, 0x09, 0x00, 0x00, 0x00, 0x68, 0x61, 0x73, 0x5f, 0x61, 0x61, 0x62, 0x62, \
  0x00, 0x00, 0x00, 0x00, 0x23, 0x00, 0x00, 0x00, 0x05, 0x00, 0x00, 0x00, 0x01, 0x00, 0xf2, 0xaa, \
  0xea, 0xdb, 0xbe, 0x20, 0x73, 0x26, 0x70, 0x8f, 0xaa, 0x55, 0xe2, 0x57, 0x42, 0x00, 0x00, 0x00, \
  0x05, 0x00, 0x00, 0x00, 0x61, 0x61, 0x62, 0x62, 0x00, 0x00, 0x00, 0x00, 0x15, 0x00, 0x00, 0x00, \
  0x06, 0x00, 0x00, 0x00, 0x01, 0x00, 0x01, 0x00, 0x07, 0x00, 0x00, 0x00, 0x67, 0x6c, 0x6f, 0x62, \
  0x61, 0x6c, 0x00, 0x00, 0x00, 0x00, 0x00, 0x00, 0x1c, 0x00, 0x00, 0x00, 0x07, 0x00, 0x00, 0x00, \
  0x01, 0x00, 0x01, 0x00, 0x0e, 0x00, 0x00, 0x00, 0x68, 0x61, 0x73, 0x5f, 0x66, 0x72, 0x61, 0x6d, \
  0x65, 0x5f, 0x72, 0x65, 0x66, 0x00, 0x00, 0x00, 0x28, 0x00, 0x00, 0x00, 0x08, 0x00, 0x00, 0x00, \
  0x01, 0x00, 0xf2, 0xe0, 0x05, 0x25, 0x6f, 0x56, 0x5c, 0x85, 0x7d, 0x1a, 0x24, 0xf0, 0xc1, 0xbd, \
  0x10, 0x00, 0x00, 0x00, 0x0a, 0x00, 0x00, 0x00, 0x66, 0x72, 0x61, 0x6d, 0x65, 0x5f, 0x72, 0x65, \
  0x66, 0x00, 0x00, 0x00, 0x22, 0x00, 0x00, 0x00, 0x09, 0x00, 0x00, 0x00, 0x01, 0x00, 0x01, 0x00, \
  0x14, 0x00, 0x00, 0x00, 0x68, 0x61, 0x73, 0x5f, 0x63, 0x6f, 0x76, 0x65, 0x72, 0x61, 0x67, 0x65, \
  0x5f, 0x77, 0x69, 0x6e, 0x64, 0x6f, 0x77, 0x00, 0x00, 0x00, 0x00, 0x00, 0x34, 0x00, 0x00, 0x00, \
  0x0a, 0x00, 0x00, 0x00, 0x01, 0x00, 0xf2, 0xb7, 0xe0, 0x95, 0xff, 0x1d, 0x45, 0x4d, 0x98, 0xde, \
  0x9c, 0xe1, 0x91, 0xd9, 0x58, 0x00, 0x00, 0x00, 0x16, 0x00, 0x00, 0x00, 0x63, 0x6f, 0x76, 0x65, \
  0x72, 0x61, 0x67, 0x65, 0x5f, 0x77, 0x69, 0x6e, 0x64, 0x6f, 0x77, 0x5f, 0x73, 0x74, 0x61, 0x72, \
  0x74, 0x00, 0x00, 0x00, 0x32, 0x00, 0x00, 0x00, 0x0b, 0x00, 0x00, 0x00, 0x01, 0x00, 0xf2, 0xb7, \
  0xe0, 0x95, 0xff, 0x1d, 0x45, 0x4d, 0x98, 0xde, 0x9c, 0xe1, 0x91, 0xd9, 0x58, 0x00, 0x00, 0x00, \
  0x14, 0x00, 0x00, 0x00, 0x63, 0x6f, 0x76, 0x65, 0x72, 0x61, 0x67, 0x65, 0x5f, 0x77, 0x69, 0x6e, \
  0x64, 0x6f, 0x77, 0x5f, 0x65, 0x6e, 0x64, 0x00, 0x00, 0x00, 0xf2, 0x91, 0x38, 0x0c, 0xde, 0xf8, \
  0x67, 0x8f, 0xc8, 0x8b, 0xa2, 0x83, 0x62, 0xe5, 0xa7, 0x00, 0x00, 0x00, 0x3c, 0x00, 0x00, 0x00, \
  0xf2, 0x30, 0x00, 0x00, 0x20, 0x00, 0x00, 0x00, 0x00, 0x00, 0x00, 0x00, 0x18, 0x00, 0x00, 0x00, \
  0x73, 0x70, 0x61, 0x74, 0x69, 0x61, 0x6c, 0x3a, 0x3a, 0x63, 0x6f, 0x6d, 0x6d, 0x6f, 0x6e, 0x3a, \
  0x3a, 0x42, 0x42, 0x6f, 0x78, 0x32, 0x44, 0x00, 0x10, 0x00, 0x00, 0x00, 0x00, 0x00, 0x90, 0xf3, \
  0x01, 0x00, 0x00, 0x00, 0x01, 0x00, 0x00, 0x00, 0x04, 0x0a, 0x00, 0x00, 0xf2, 0xaa, 0xea, 0xdb, \
  0xbe, 0x20, 0x73, 0x26, 0x70, 0x8f, 0xaa, 0x55, 0xe2, 0x57, 0x42, 0x00, 0x3f, 0x00, 0x00, 0x00, \
  0xf2, 0x30, 0x00, 0x00, 0x1e, 0x00, 0x00, 0x00, 0x00, 0x00, 0x00, 0x00, 0x16, 0x00, 0x00, 0x00, \
  0x73, 0x70, 0x61, 0x74, 0x69, 0x61, 0x6c, 0x3a, 0x3a, 0x64, 0x69, 0x73, 0x63, 0x6f, 0x3a, 0x3a, \
  0x41, 0x61, 0x62, 0x62, 0x33, 0x00, 0x00, 0x00, 0x13, 0x00, 0x00, 0x00, 0x00, 0x00, 0xf2, 0xc4, \
  0xed, 0x19, 0xab, 0x3c, 0x92, 0x34, 0xf6, 0xcb, 0xcb, 0x48, 0x87, 0xbd, 0x12, 0x00, 0x00, 0xf2, \
  0xc4, 0xed, 0x19, 0xab, 0x3c, 0x92, 0x34, 0xf6, 0xcb, 0xcb, 0x48, 0x87, 0xbd, 0x12, 0x00, 0x00, \
  0x86, 0x00, 0x00, 0x00, 0xf2, 0x51, 0x02, 0x00, 0x1d, 0x00, 0x00, 0x00, 0x00, 0x00, 0x00, 0x00, \
  0x15, 0x00, 0x00, 0x00, 0x73, 0x70, 0x61, 0x74, 0x69, 0x61, 0x6c, 0x3a, 0x3a, 0x63, 0x6f, 0x72, \
  0x65, 0x3a, 0x3a, 0x41, 0x61, 0x62, 0x62, 0x33, 0x00, 0x00, 0x00, 0x00, 0x5a, 0x00, 0x00, 0x00, \
  0x02, 0x00, 0x00, 0x00, 0x26, 0x00, 0x00, 0x00, 0x00, 0x00, 0x00, 0x00, 0x01, 0x00, 0xf2, 0x48, \
  0xfc, 0x98, 0x78, 0x6e, 0x5f, 0x45, 0x5f, 0xdf, 0xbc, 0x9e, 0xb3, 0xa3, 0xde, 0x00, 0x00, 0x00, \
  0x08, 0x00, 0x00, 0x00, 0x6d, 0x69, 0x6e, 0x5f, 0x78, 0x79, 0x7a, 0x00, 0x00, 0x00, 0x00, 0x00, \
  0x26, 0x00, 0x00, 0x00, 0x01, 0x00, 0x00, 0x00, 0x01, 0x00, 0xf2, 0x48, 0xfc, 0x98, 0x78, 0x6e, \
  0x5f, 0x45, 0x5f, 0xdf, 0xbc, 0x9e, 0xb3, 0xa3, 0xde, 0x00, 0x00, 0x00, 0x08, 0x00, 0x00, 0x00, \
  0x6d, 0x61, 0x78, 0x5f, 0x78, 0x79, 0x7a, 0x00, 0x00, 0x00, 0xf2, 0x48, 0xfc, 0x98, 0x78, 0x6e, \
  0x5f, 0x45, 0x5f, 0xdf, 0xbc, 0x9e, 0xb3, 0xa3, 0xde, 0x00, 0x00, 0x00, 0x3c, 0x00, 0x00, 0x00, \
  0xf2, 0x30, 0x00, 0x00, 0x1e, 0x00, 0x00, 0x00, 0x00, 0x00, 0x00, 0x00, 0x16, 0x00, 0x00, 0x00, \
  0x73, 0x70, 0x61, 0x74, 0x69, 0x61, 0x6c, 0x3a, 0x3a, 0x63, 0x6f, 0x6d, 0x6d, 0x6f, 0x6e, 0x3a, \
  0x3a, 0x56, 0x65, 0x63, 0x33, 0x00, 0x00, 0x00, 0x10, 0x00, 0x00, 0x00, 0x00, 0x00, 0x90, 0xf3, \
  0x01, 0x00, 0x00, 0x00, 0x01, 0x00, 0x00, 0x00, 0x03, 0x0a, 0x00, 0x00, 0xf2, 0xe0, 0x05, 0x25, \
  0x6f, 0x56, 0x5c, 0x85, 0x7d, 0x1a, 0x24, 0xf0, 0xc1, 0xbd, 0x10, 0x00, 0x43, 0x00, 0x00, 0x00, \
  0xf2, 0x30, 0x00, 0x00, 0x21, 0x00, 0x00, 0x00, 0x00, 0x00, 0x00, 0x00, 0x19, 0x00, 0x00, 0x00, \
  0x73, 0x70, 0x61, 0x74, 0x69, 0x61, 0x6c, 0x3a, 0x3a, 0x64, 0x69, 0x73, 0x63, 0x6f, 0x3a, 0x3a, \
  0x46, 0x72, 0x61, 0x6d, 0x65, 0x52, 0x65, 0x66, 0x00, 0x00, 0x00, 0x00, 0x13, 0x00, 0x00, 0x00, \
  0x00, 0x00, 0xf2, 0x31, 0x10, 0x0b, 0x3d, 0x14, 0x9a, 0xc3, 0x73, 0x58, 0xa2, 0x3c, 0xd8, 0xdf, \
  0x0d, 0x00, 0x00, 0xf2, 0x31, 0x10, 0x0b, 0x3d, 0x14, 0x9a, 0xc3, 0x73, 0x58, 0xa2, 0x3c, 0xd8, \
  0xdf, 0x0d, 0x00, 0x00, 0x3f, 0x00, 0x00, 0x00, 0xf2, 0x30, 0x00, 0x00, 0x20, 0x00, 0x00, 0x00, \
  0x00, 0x00, 0x00, 0x00, 0x18, 0x00, 0x00, 0x00, 0x73, 0x70, 0x61, 0x74, 0x69, 0x61, 0x6c, 0x3a, \
  0x3a, 0x63, 0x6f, 0x72, 0x65, 0x3a, 0x3a, 0x46, 0x72, 0x61, 0x6d, 0x65, 0x52, 0x65, 0x66, 0x00, \
  0x13, 0x00, 0x00, 0x00, 0x00, 0x00, 0xf2, 0x65, 0x97, 0x0c, 0xfc, 0xac, 0x6c, 0x04, 0x48, 0xe7, \
  0x4d, 0x43, 0x89, 0x52, 0x31, 0x00, 0x00, 0xf2, 0x65, 0x97, 0x0c, 0xfc, 0xac, 0x6c, 0x04, 0x48, \
  0xe7, 0x4d, 0x43, 0x89, 0x52, 0x31, 0x00, 0x00, 0xbf, 0x00, 0x00, 0x00, 0xf2, 0x51, 0x02, 0x00, \
  0x22, 0x00, 0x00, 0x00, 0x00, 0x00, 0x00, 0x00, 0x1a, 0x00, 0x00, 0x00, 0x73, 0x70, 0x61, 0x74, \
  0x69, 0x61, 0x6c, 0x3a, 0x3a, 0x63, 0x6f, 0x6d, 0x6d, 0x6f, 0x6e, 0x3a, 0x3a, 0x46, 0x72, 0x61, \
  0x6d, 0x65, 0x52, 0x65, 0x66, 0x00, 0x00, 0x00, 0x8f, 0x00, 0x00, 0x00, 0x04, 0x00, 0x00, 0x00, \
  0x13, 0x00, 0x00, 0x00, 0x00, 0x00, 0x00, 0x00, 0x01, 0x00, 0x70, 0x00, 0x05, 0x00, 0x00, 0x00, \
  0x75, 0x75, 0x69, 0x64, 0x00, 0x00, 0x00, 0x00, 0x12, 0x00, 0x00, 0x00, 0x01, 0x00, 0x00, 0x00, \
  0x01, 0x00, 0x70, 0x00, 0x04, 0x00, 0x00, 0x00, 0x66, 0x71, 0x6e, 0x00, 0x00, 0x00, 0x00, 0x00, \
  0x23, 0x00, 0x00, 0x00, 0x02, 0x00, 0x00, 0x00, 0x01, 0x00, 0x01, 0x00, 0x15, 0x00, 0x00, 0x00, \
  0x68, 0x61, 0x73, 0x5f, 0x63, 0x6f, 0x6f, 0x72, 0x64, 0x5f, 0x63, 0x6f, 0x6e, 0x76, 0x65, 0x6e, \
  0x74, 0x69, 0x6f, 0x6e, 0x00, 0x00, 0x00, 0x00, 0x2f, 0x00, 0x00, 0x00, 0x03, 0x00, 0x00, 0x00, \
  0x01, 0x00, 0xf2, 0x35, 0x6a, 0x2d, 0x76, 0xb1, 0xf8, 0x99, 0xe0, 0x65, 0xf5, 0xa6, 0x42, 0x18, \
  0x51, 0x00, 0x00, 0x00, 0x11, 0x00, 0x00, 0x00, 0x63, 0x6f, 0x6f, 0x72, 0x64, 0x5f, 0x63, 0x6f, \
  0x6e, 0x76, 0x65, 0x6e, 0x74, 0x69, 0x6f, 0x6e, 0x00, 0x00, 0x00, 0xf2, 0x35, 0x6a, 0x2d, 0x76, \
  0xb1, 0xf8, 0x99, 0xe0, 0x65, 0xf5, 0xa6, 0x42, 0x18, 0x51, 0x00, 0x00, 0xec, 0x00, 0x00, 0x00, \
  0xf2, 0x40, 0x01, 0x00, 0x29, 0x00, 0x00, 0x00, 0x20, 0x00, 0x00, 0x00, 0x21, 0x00, 0x00, 0x00, \
  0x73, 0x70, 0x61, 0x74, 0x69, 0x61, 0x6c, 0x3a, 0x3a, 0x63, 0x6f, 0x6d, 0x6d, 0x6f, 0x6e, 0x3a, \
  0x3a, 0x43, 0x6f, 0x6f, 0x72, 0x64, 0x43, 0x6f, 0x6e, 0x76, 0x65, 0x6e, 0x74, 0x69, 0x6f, 0x6e, \
  0x00, 0x00, 0x00, 0x00, 0xb4, 0x00, 0x00, 0x00, 0x06, 0x00, 0x00, 0x00, 0x16, 0x00, 0x00, 0x00, \
  0x06, 0x00, 0x00, 0x00, 0x00, 0x00, 0x00, 0x00, 0x40, 0x00, 0x00, 0x00, 0x04, 0x00, 0x00, 0x00, \
  0x45, 0x4e, 0x55, 0x00, 0x00, 0x00, 0x00, 0x00, 0x15, 0x00, 0x00, 0x00, 0x06, 0x00, 0x00, 0x00, \
  0x01, 0x00, 0x00, 0x00, 0x00, 0x00, 0x00, 0x00, 0x03, 0x00, 0x00, 0x00, 0x43, 0x56, 0x00, 0x00, \
  0x00, 0x00, 0x00, 0x00, 0x1b, 0x00, 0x00, 0x00, 0x06, 0x00, 0x00, 0x00, 0x02, 0x00, 0x00, 0x00, \
  0x00, 0x00, 0x00, 0x00, 0x09, 0x00, 0x00, 0x00, 0x47, 0x52, 0x41, 0x50, 0x48, 0x49, 0x43, 0x53, \
  0x00, 0x00, 0x00, 0x00, 0x1b, 0x00, 0x00, 0x00, 0x06, 0x00, 0x00, 0x00, 0x03, 0x00, 0x00, 0x00, \
  0x00, 0x00, 0x00, 0x00, 0x09, 0x00, 0x00, 0x00, 0x55, 0x4e, 0x49, 0x54, 0x59, 0x5f, 0x4c, 0x48, \
  0x00, 0x00, 0x00, 0x00, 0x16, 0x00, 0x00, 0x00, 0x06, 0x00, 0x00, 0x00, 0x04, 0x00, 0x00, 0x00, \
  0x00, 0x00, 0x00, 0x00, 0x04, 0x00, 0x00, 0x00, 0x4e, 0x45, 0x44, 0x00, 0x00, 0x00, 0x00, 0x00, \
  0x18, 0x00, 0x00, 0x00, 0x06, 0x00, 0x00, 0x00, 0x05, 0x00, 0x00, 0x00, 0x00, 0x00, 0x00, 0x00, \
  0x06, 0x00, 0x00, 0x00, 0x4f, 0x54, 0x48, 0x45, 0x52, 0x00, 0x00, 0x00, 0xf2, 0xb7, 0xe0, 0x95, \
  0xff, 0x1d, 0x45, 0x4d, 0x98, 0xde, 0x9c, 0xe1, 0x91, 0xd9, 0x58, 0x00, 0x3f, 0x00, 0x00, 0x00, \
  0xf2, 0x30, 0x00, 0x00, 0x1d, 0x00, 0x00, 0x00, 0x00, 0x00, 0x00, 0x00, 0x15, 0x00, 0x00, 0x00, \
  0x73, 0x70, 0x61, 0x74, 0x69, 0x61, 0x6c, 0x3a, 0x3a, 0x64, 0x69, 0x73, 0x63, 0x6f, 0x3a, 0x3a, \
  0x54, 0x69, 0x6d, 0x65, 0x00, 0x00, 0x00, 0x00, 0x13, 0x00, 0x00, 0x00, 0x00, 0x00, 0xf2, 0x94, \
  0x49, 0x15, 0x3e, 0x3b, 0xcc, 0xbf, 0x99, 0x7f, 0x5f, 0x9a, 0x48, 0x69, 0x55, 0x00, 0x00, 0xf2, \
  0x94, 0x49, 0x15, 0x3e, 0x3b, 0xcc, 0xbf, 0x99, 0x7f, 0x5f, 0x9a, 0x48, 0x69, 0x55, 0x00, 0x00, \
  0x5a, 0x00, 0x00, 0x00, 0xf2, 0x51, 0x02, 0x00, 0x16, 0x00, 0x00, 0x00, 0x00, 0x00, 0x00, 0x00, \
  0x0e, 0x00, 0x00, 0x00, 0x62, 0x75, 0x69, 0x6c, 0x74, 0x69, 0x6e, 0x3a, 0x3a, 0x54, 0x69, 0x6d, \
  0x65, 0x00, 0x00, 0x00, 0x36, 0x00, 0x00, 0x00, 0x02, 0x00, 0x00, 0x00, 0x12, 0x00, 0x00, 0x00, \
  0x00, 0x00, 0x00, 0x00, 0x01, 0x00, 0x05, 0x00, 0x04, 0x00, 0x00, 0x00, 0x73, 0x65, 0x63, 0x00, \
  0x00, 0x00, 0x00, 0x00, 0x16, 0x00, 0x00, 0x00, 0x01, 0x00, 0x00, 0x00, 0x01, 0x00, 0x07, 0x00, \
  0x08, 0x00, 0x00, 0x00, 0x6e, 0x61, 0x6e, 0x6f, 0x73, 0x65, 0x63, 0x00, 0x00, 0x00, 0xf2, 0x7e, \
  0x53, 0x50, 0xa7, 0x3f, 0xf0, 0xfa, 0xe3, 0xae, 0x8a, 0xef, 0x99, 0x6e, 0xb6, 0x00, 0x00, 0x00, \
  0x1f, 0x01, 0x00, 0x00, 0xf2, 0x51, 0x02, 0x00, 0x22, 0x00, 0x00, 0x00, 0x00, 0x00, 0x00, 0x00, \
  0x1a, 0x00, 0x00, 0x00, 0x73, 0x70, 0x61, 0x74, 0x69, 0x61, 0x6c, 0x3a, 0x3a, 0x64, 0x69, 0x73, \
  0x63, 0x6f, 0x3a, 0x3a, 0x54, 0x72, 0x61, 0x6e, 0x73, 0x66, 0x6f, 0x72, 0x6d, 0x00, 0x00, 0x00, \
  0xef, 0x00, 0x00, 0x00, 0x06, 0x00, 0x00, 0x00, 0x23, 0x00, 0x00, 0x00, 0x00, 0x00, 0x00, 0x00, \
  0x01, 0x00, 0xf2, 0xe0, 0x05, 0x25, 0x6f, 0x56, 0x5c, 0x85, 0x7d, 0x1a, 0x24, 0xf0, 0xc1, 0xbd, \
  0x10, 0x00, 0x00, 0x00, 0x05, 0x00, 0x00, 0x00, 0x66, 0x72, 0x6f, 0x6d, 0x00, 0x00, 0x00, 0x00, \
  0x21, 0x00, 0x00, 0x00, 0x01, 0x00, 0x00, 0x00, 0x01, 0x00, 0xf2, 0xe0, 0x05, 0x25, 0x6f, 0x56, \
  0x5c, 0x85, 0x7d, 0x1a, 0x24, 0xf0, 0xc1, 0xbd, 0x10, 0x00, 0x00, 0x00, 0x03, 0x00, 0x00, 0x00, \
  0x74, 0x6f, 0x00, 0x00, 0x00, 0x00, 0x00, 0x00, 0x23, 0x00, 0x00, 0x00, 0x02, 0x00, 0x00, 0x00, \
  0x01, 0x00, 0xf2, 0x9c, 0xe9, 0xa6, 0x9e, 0x6b, 0x3d, 0x5f, 0xd8, 0x0f, 0x3f, 0x80, 0xf8, 0xdc, \
  0x5b, 0x00, 0x00, 0x00, 0x05, 0x00, 0x00, 0x00, 0x70, 0x6f, 0x73, 0x65, 0x00, 0x00, 0x00, 0x00, \
  0x24, 0x00, 0x00, 0x00, 0x03, 0x00, 0x00, 0x00, 0x01, 0x00, 0xf2, 0xb7, 0xe0, 0x95, 0xff, 0x1d, \
  0x45, 0x4d, 0x98, 0xde, 0x9c, 0xe1, 0x91, 0xd9, 0x58, 0x00, 0x00, 0x00, 0x06, 0x00, 0x00, 0x00, \
  0x73, 0x74, 0x61, 0x6d, 0x70, 0x00, 0x00, 0x00, 0x1b, 0x00, 0x00, 0x00, 0x04, 0x00, 0x00, 0x00, \
  0x01, 0x00, 0x01, 0x00, 0x0d, 0x00, 0x00, 0x00, 0x68, 0x61, 0x73, 0x5f, 0x76, 0x61, 0x6c, 0x69, \
  0x64, 0x69, 0x74, 0x79, 0x00, 0x00, 0x00, 0x00, 0x27, 0x00, 0x00, 0x00, 0x05, 0x00, 0x00, 0x00, \
  0x01, 0x00, 0xf2, 0x87, 0xee, 0x96, 0x5a, 0x72, 0xfd, 0x5f, 0x9a, 0x67, 0xda, 0x7d, 0xc8, 0xa2, \
  0x5d, 0x00, 0x00, 0x00, 0x09, 0x00, 0x00, 0x00, 0x76, 0x61, 0x6c, 0x69, 0x64, 0x69, 0x74, 0x79, \
  0x00, 0x00, 0x00, 0xf2, 0x9c, 0xe9, 0xa6, 0x9e, 0x6b, 0x3d, 0x5f, 0xd8, 0x0f, 0x3f, 0x80, 0xf8, \
  0xdc, 0x5b, 0x00, 0x00, 0x3f, 0x00, 0x00, 0x00, 0xf2, 0x30, 0x00, 0x00, 0x20, 0x00, 0x00, 0x00, \
  0x00, 0x00, 0x00, 0x00, 0x18, 0x00, 0x00, 0x00, 0x73, 0x70, 0x61, 0x74, 0x69, 0x61, 0x6c, 0x3a, \
  0x3a, 0x64, 0x69, 0x73, 0x63, 0x6f, 0x3a, 0x3a, 0x50, 0x6f, 0x73, 0x65, 0x53, 0x45, 0x33, 0x00, \
  0x13, 0x00, 0x00, 0x00, 0x00, 0x00, 0xf2, 0xe3, 0xd5, 0x05, 0xab, 0xbf, 0x1d, 0xee, 0x39, 0x9f, \
  0x75, 0x3c, 0xbd, 0xfd, 0xf6, 0x00, 0x00, 0xf2, 0xe3, 0xd5, 0x05, 0xab, 0xbf, 0x1d, 0xee, 0x39, \
  0x9f, 0x75, 0x3c, 0xbd, 0xfd, 0xf6, 0x00, 0x00, 0x78, 0x00, 0x00, 0x00, 0xf2, 0x51, 0x02, 0x00, \
  0x1f, 0x00, 0x00, 0x00, 0x00, 0x00, 0x00, 0x00, 0x17, 0x00, 0x00, 0x00, 0x73, 0x70, 0x61, 0x74, \
  0x69, 0x61, 0x6c, 0x3a, 0x3a, 0x63, 0x6f, 0x72, 0x65, 0x3a, 0x3a, 0x50, 0x6f, 0x73, 0x65, 0x53, \
  0x45, 0x33, 0x00, 0x00, 0x4c, 0x00, 0x00, 0x00, 0x02, 0x00, 0x00, 0x00, 0x20, 0x00, 0x00, 0x00, \
  0x00, 0x00, 0x00, 0x00, 0x01, 0x00, 0xf2, 0x48, 0xfc, 0x98, 0x78, 0x6e, 0x5f, 0x45, 0x5f, 0xdf, \
  0xbc, 0x9e, 0xb3, 0xa3, 0xde, 0x00, 0x00, 0x00, 0x02, 0x00, 0x00, 0x00, 0x74, 0x00, 0x00, 0x00, \
  0x20, 0x00, 0x00, 0x00, 0x01, 0x00, 0x00, 0x00, 0x01, 0x00, 0xf2, 0x32, 0x31, 0xaf, 0x29, 0x08, \
  0xbd, 0x3e, 0x15, 0x04, 0x4d, 0x58, 0x91, 0xfc, 0xc8, 0x00, 0x00, 0x00, 0x02, 0x00, 0x00, 0x00, \
  0x71, 0x00, 0x00, 0x00, 0xf2, 0x32, 0x31, 0xaf, 0x29, 0x08, 0xbd, 0x3e, 0x15, 0x04, 0x4d, 0x58, \
  0x91, 0xfc, 0xc8, 0x00, 0x44, 0x00, 0x00, 0x00, 0xf2, 0x30, 0x00, 0x00, 0x28, 0x00, 0x00, 0x00, \
  0x00, 0x00, 0x00, 0x00, 0x20, 0x00, 0x00, 0x00, 0x73, 0x70, 0x61, 0x74, 0x69, 0x61, 0x6c, 0x3a, \
  0x3a, 0x63, 0x6f, 0x6d, 0x6d, 0x6f, 0x6e, 0x3a, 0x3a, 0x51, 0x75, 0x61, 0x74, 0x65, 0x72, 0x6e, \
  0x69, 0x6f, 0x6e, 0x58, 0x59, 0x5a, 0x57, 0x00, 0x10, 0x00, 0x00, 0x00, 0x00, 0x00, 0x90, 0xf3, \
  0x01, 0x00, 0x00, 0x00, 0x01, 0x00, 0x00, 0x00, 0x04, 0x0a, 0x00, 0x00, 0xf2, 0x87, 0xee, 0x96, \
  0x5a, 0x72, 0xfd, 0x5f, 0x9a, 0x67, 0xda, 0x7d, 0xc8, 0xa2, 0x5d, 0x00, 0x7a, 0x00, 0x00, 0x00, \
  0xf2, 0x51, 0x02, 0x00, 0x27, 0x00, 0x00, 0x00, 0x00, 0x00, 0x00, 0x00, 0x1f, 0x00, 0x00, 0x00, \
  0x73, 0x70, 0x61, 0x74, 0x69, 0x61, 0x6c, 0x3a, 0x3a, 0x64, 0x69, 0x73, 0x63, 0x6f, 0x3a, 0x3a, \
  0x56, 0x61, 0x6c, 0x69, 0x64, 0x69, 0x74, 0x79, 0x57, 0x69, 0x6e, 0x64, 0x6f, 0x77, 0x00, 0x00, \
  0x46, 0x00, 0x00, 0x00, 0x02, 0x00, 0x00, 0x00, 0x23, 0x00, 0x00, 0x00, 0x00, 0x00, 0x00, 0x00, \
  0x01, 0x00, 0xf2, 0xb7, 0xe0, 0x95, 0xff, 0x1d, 0x45, 0x4d, 0x98, 0xde, 0x9c, 0xe1, 0x91, 0xd9, \
  0x58, 0x00, 0x00, 0x00, 0x05, 0x00, 0x00, 0x00, 0x66, 0x72, 0x6f, 0x6d, 0x00, 0x00, 0x00, 0x00, \
  0x16, 0x00, 0x00, 0x00, 0x01, 0x00, 0x00, 0x00, 0x01, 0x00, 0x07, 0x00, 0x08, 0x00, 0x00, 0x00, \
  0x73, 0x65, 0x63, 0x6f, 0x6e, 0x64, 0x73, 0x00, 0x00, 0x00, 0x00, 0x00, 0x20, 0x02, 0x00, 0x00, \
  0x12, 0x00, 0x00, 0x00, 0xf2, 0x25, 0xa0, 0xb4, 0xaa, 0x25, 0xeb, 0x32, 0x51, 0x30, 0x84, 0x7d, \
  0xcc, 0x3d, 0xf5, 0xf1, 0x5c, 0x1e, 0x78, 0xd2, 0xb3, 0x55, 0x1d, 0x01, 0x96, 0x69, 0xda, 0xa3, \
  0x2e, 0xeb, 0xf2, 0x1d, 0x8d, 0x59, 0xb6, 0x80, 0x08, 0x51, 0xa4, 0x2c, 0xa5, 0xd5, 0x12, 0x3f, \
  0xb5, 0xf1, 0xed, 0x1f, 0xa2, 0x38, 0x3b, 0xf6, 0x16, 0xb5, 0xa3, 0x73, 0x6b, 0xfe, 0x95, 0xda, \
  0xf2, 0x33, 0x31, 0x48, 0x03, 0xc0, 0x2a, 0x9f, 0x03, 0x4f, 0x40, 0xd5, 0x93, 0xd3, 0xd5, 0xf1, \
  0xe9, 0x4a, 0x7a, 0x28, 0x52, 0xd4, 0x2a, 0xed, 0xe3, 0xcf, 0x7e, 0xf8, 0xea, 0x8a, 0xf2, 0x91, \
  0x38, 0x0c, 0xde, 0xf8, 0x67, 0x8f, 0xc8, 0x8b, 0xa2, 0x83, 0x62, 0xe5, 0xa7, 0xf1, 0x12, 0x69, \
  0x2f, 0xb5, 0x69, 0x7b, 0xe7, 0x28, 0x99, 0xb2, 0x36, 0x0f, 0x3d, 0xa7, 0xf2, 0xaa, 0xea, 0xdb, \
  0xbe, 0x20, 0x73, 0x26, 0x70, 0x8f, 0xaa, 0x55, 0xe2, 0x57, 0x42, 0xf1, 0xc7, 0x1e, 0x1d, 0x76, \
  0x25, 0xc2, 0x57, 0x77, 0xb1, 0x10, 0xe6, 0xf0, 0x3d, 0xa3, 0xf2, 0xc4, 0xed, 0x19, 0xab, 0x3c, \
  0x92, 0x34, 0xf6, 0xcb, 0xcb, 0x48, 0x87, 0xbd, 0x12, 0xf1, 0xc3, 0x45, 0x6b, 0x54, 0x39, 0x78, \
  0x18, 0x9c, 0xb4, 0x6e, 0x91, 0x1d, 0x73, 0x12, 0xf2, 0x48, 0xfc, 0x98, 0x78, 0x6e, 0x5f, 0x45, \
  0x5f, 0xdf, 0xbc, 0x9e, 0xb3, 0xa3, 0xde, 0xf1, 0xca, 0x17, 0xfa, 0xc2, 0xd2, 0xb0, 0xec, 0x46, \
  0x95, 0x91, 0x10, 0xf9, 0x01, 0x5e, 0xf2, 0xe0, 0x05, 0x25, 0x6f, 0x56, 0x5c, 0x85, 0x7d, 0x1a, \
  0x24, 0xf0, 0xc1, 0xbd, 0x10, 0xf1, 0xa6, 0x55, 0x48, 0x0e, 0x0a, 0x08, 0x99, 0x4f, 0xe4, 0x13, \
  0x37, 0xd3, 0xb5, 0x08, 0xf2, 0x31, 0x10, 0x0b, 0x3d, 0x14, 0x9a, 0xc3, 0x73, 0x58, 0xa2, 0x3c, \
  0xd8, 0xdf, 0x0d, 0xf1, 0x07, 0xdf, 0x2d, 0x0b, 0xf4, 0xea, 0xbd, 0x76, 0x34, 0x6f, 0x71, 0xc2, \
  0x15, 0x99, 0xf2, 0x65, 0x97, 0x0c, 0xfc, 0xac, 0x6c, 0x04, 0x48, 0xe7, 0x4d, 0x43, 0x89, 0x52, \
  0x31, 0xf1, 0xba, 0x3c, 0xeb, 0xdf, 0x4e, 0x99, 0x9e, 0x69, 0x58, 0x8e, 0x74, 0xb2, 0xae, 0xcc, \
  0xf2, 0x35, 0x6a, 0x2d, 0x76, 0xb1, 0xf8, 0x99, 0xe0, 0x65, 0xf5, 0xa6, 0x42, 0x18, 0x51, 0xf1, \
  0xce, 0xfa, 0xd7, 0x48, 0xf7, 0x25, 0xa0, 0x47, 0xf9, 0xcb, 0x29, 0x0f, 0x65, 0x6f, 0xf2, 0xb7, \
  0xe0, 0x95, 0xff, 0x1d, 0x45, 0x4d, 0x98, 0xde, 0x9c, 0xe1, 0x91, 0xd9, 0x58, 0xf1, 0x57, 0x5f, \
  0x4b, 0x08, 0xf8, 0x9a, 0xbb, 0x3b, 0x1c, 0x46, 0x2c, 0x73, 0x44, 0xa1, 0xf2, 0x94, 0x49, 0x15, \
  0x3e, 0x3b, 0xcc, 0xbf, 0x99, 0x7f, 0x5f, 0x9a, 0x48, 0x69, 0x55, 0xf1, 0x46, 0x07, 0x51, 0x88, \
  0x68, 0x07, 0x8e, 0x86, 0x24, 0xf2, 0x43, 0x0b, 0xe8, 0x46, 0xf2, 0x7e, 0x53, 0x50, 0xa7, 0x3f, \
  0xf0, 0xfa, 0xe3, 0xae, 0x8a, 0xef, 0x99, 0x6e, 0xb6, 0xf1, 0xd4, 0x6a, 0x65, 0xb6, 0x1a, 0x88, \
  0xc0, 0xa6, 0x6f, 0xde, 0x98, 0xf5, 0x8b, 0x97, 0xf2, 0x9c, 0xe9, 0xa6, 0x9e, 0x6b, 0x3d, 0x5f, \
  0xd8, 0x0f, 0x3f, 0x80, 0xf8, 0xdc, 0x5b, 0xf1, 0xe1, 0x57, 0xce, 0xc6, 0xce, 0x7a, 0x33, 0x45, \
  0x16, 0x1c, 0x8f, 0x6f, 0x4c, 0x26, 0xf2, 0xe3, 0xd5, 0x05, 0xab, 0xbf, 0x1d, 0xee, 0x39, 0x9f, \
  0x75, 0x3c, 0xbd, 0xfd, 0xf6, 0xf1, 0x9b, 0x0a, 0xe1, 0x3c, 0xdf, 0xe7, 0x2d, 0x2d, 0xb9, 0x84, \
  0xf3, 0x65, 0x89, 0x6f, 0xf2, 0x32, 0x31, 0xaf, 0x29, 0x08, 0xbd, 0x3e, 0x15, 0x04, 0x4d, 0x58, \
  0x91, 0xfc, 0xc8, 0xf1, 0x12, 0x69, 0x2f, 0xb5, 0x69, 0x7b, 0xe7, 0x28, 0x99, 0xb2, 0x36, 0x0f, \
  0x3d, 0xa7, 0xf2, 0x87, 0xee, 0x96, 0x5a, 0x72, 0xfd, 0x5f, 0x9a, 0x67, 0xda, 0x7d, 0xc8, 0xa2, \
  0x5d, 0xf1, 0xb0, 0x40, 0xf4, 0x42, 0x6b, 0x08, 0x3e, 0xfd, 0xfd, 0xc1, 0x75, 0x59, 0x26, 0xe2\
}
#define TYPE_MAP_CDR_SZ_spatial_disco_ContentAnnounce 5904u
const dds_topic_descriptor_t spatial_disco_ContentAnnounce_desc =
{
  .m_size = sizeof (spatial_disco_ContentAnnounce),
  .m_align = dds_alignof (spatial_disco_ContentAnnounce),
  .m_flagset = DDS_TOPIC_XTYPES_METADATA,
  .m_nkeys = 1u,
  .m_typename = "spatial::disco::ContentAnnounce",
  .m_keys = spatial_disco_ContentAnnounce_keys,
  .m_nops = sizeof (spatial_disco_ContentAnnounce_ops) / sizeof (spatial_disco_ContentAnnounce_ops[0]),
  .m_ops = spatial_disco_ContentAnnounce_ops,
  .m_meta = "",
  .type_information = { .data = TYPE_INFO_CDR_spatial_disco_ContentAnnounce, .sz = TYPE_INFO_CDR_SZ_spatial_disco_ContentAnnounce },
  .type_mapping = { .data = TYPE_MAP_CDR_spatial_disco_ContentAnnounce, .sz = TYPE_MAP_CDR_SZ_spatial_disco_ContentAnnounce }
};

#if defined(_MSC_VER) && (_MSC_VER > 1943)
__pragma(warning(push))
__pragma(warning(disable: 5287))
#endif
static const uint32_t spatial_disco_ServiceSummary_ops [] =
{
  /* ServiceSummary */
  DDS_OP_DLC,
  DDS_OP_ADR | DDS_OP_TYPE_STR, offsetof (spatial_disco_ServiceSummary, service_id),
  DDS_OP_ADR | DDS_OP_TYPE_ENU | (2 << DDS_OP_FLAG_SZ_SHIFT), offsetof (spatial_disco_ServiceSummary, kind), 7u,
  DDS_OP_ADR | DDS_OP_TYPE_STR, offsetof (spatial_disco_ServiceSummary, name),
  DDS_OP_ADR | DDS_OP_TYPE_STR, offsetof (spatial_disco_ServiceSummary, manifest_uri),
  DDS_OP_ADR | DDS_OP_TYPE_BSQ | DDS_OP_SUBTYPE_STU, offsetof (spatial_disco_ServiceSummary, coverage), 4u, sizeof (spatial_disco_CoverageElement), (5u << 16u) + 14u /* CoverageElement */,
  DDS_OP_ADR | DDS_OP_TYPE_EXT, offsetof (spatial_disco_ServiceSummary, coverage_frame_ref), (3u << 16u) + 48u /* FrameRef */,
  DDS_OP_ADR | DDS_OP_TYPE_EXT, offsetof (spatial_disco_ServiceSummary, stamp), (3u << 16u) + 56u /* Time */,
  DDS_OP_ADR | DDS_OP_TYPE_4BY, offsetof (spatial_disco_ServiceSummary, ttl_sec),
  DDS_OP_RTS,

  /* CoverageElement */
  DDS_OP_DLC,
  DDS_OP_ADR | DDS_OP_TYPE_BLN, offsetof (spatial_disco_CoverageElement, has_crs),
  DDS_OP_ADR | DDS_OP_TYPE_STR, offsetof (spatial_disco_CoverageElement, crs),
  DDS_OP_ADR | DDS_OP_TYPE_BLN, offsetof (spatial_disco_CoverageElement, has_bbox),
  DDS_OP_ADR | DDS_OP_TYPE_ARR | DDS_OP_SUBTYPE_8BY | DDS_OP_FLAG_FP, offsetof (spatial_disco_CoverageElement, bbox), 4u,
  DDS_OP_ADR | DDS_OP_TYPE_BLN, offsetof (spatial_disco_CoverageElement, has_aabb),
  DDS_OP_ADR | DDS_OP_TYPE_EXT, offsetof (spatial_disco_CoverageElement, aabb), (3u << 16u) + 19u /* Aabb3 */,
  DDS_OP_ADR | DDS_OP_TYPE_BLN, offsetof (spatial_disco_CoverageElement, global),
  DDS_OP_ADR | DDS_OP_TYPE_BLN, offsetof (spatial_disco_CoverageElement, has_frame_ref),
  DDS_OP_ADR | DDS_OP_TYPE_EXT, offsetof (spatial_disco_CoverageElement, frame_ref), (3u << 16u) + 20u /* FrameRef */,
  DDS_OP_ADR | DDS_OP_TYPE_BLN, offsetof (spatial_disco_CoverageElement, has_coverage_window),
  DDS_OP_ADR | DDS_OP_TYPE_EXT, offsetof (spatial_disco_CoverageElement, coverage_window_start), (3u << 16u) + 26u /* Time */,
  DDS_OP_ADR | DDS_OP_TYPE_EXT, offsetof (spatial_disco_CoverageElement, coverage_window_end), (3u << 16u) + 23u /* Time */,
  DDS_OP_RTS,

  /* Aabb3 */
  DDS_OP_DLC,
  DDS_OP_ADR | DDS_OP_TYPE_ARR | DDS_OP_SUBTYPE_8BY | DDS_OP_FLAG_FP, offsetof (spatial_core_Aabb3, min_xyz), 3u,
  DDS_OP_ADR | DDS_OP_TYPE_ARR | DDS_OP_SUBTYPE_8BY | DDS_OP_FLAG_FP, offsetof (spatial_core_Aabb3, max_xyz), 3u,
  DDS_OP_RTS,

  /* FrameRef */
  DDS_OP_DLC,
  DDS_OP_ADR | DDS_OP_TYPE_STR, offsetof (spatial_common_FrameRef, uuid),
  DDS_OP_ADR | DDS_OP_TYPE_STR, offsetof (spatial_common_FrameRef, fqn),
  DDS_OP_ADR | DDS_OP_TYPE_BLN, offsetof (spatial_common_FrameRef, has_coord_convention),
  DDS_OP_ADR | DDS_OP_TYPE_ENU | (2 << DDS_OP_FLAG_SZ_SHIFT), offsetof (spatial_common_FrameRef, coord_convention), 5u,
  DDS_OP_RTS,

  /* Time */
  DDS_OP_DLC,
  DDS_OP_ADR | DDS_OP_TYPE_8BY | DDS_OP_FLAG_SGN, offsetof (builtin_Time, sec),
  DDS_OP_ADR | DDS_OP_TYPE_4BY, offsetof (builtin_Time, nanosec),
  DDS_OP_RTS
};

#if defined(_MSC_VER) && (_MSC_VER > 1943)
__pragma(warning(pop))
#endif
/* Type Information:
  [MINIMAL a2be5d603422bfb412aa404a0f52] (#deps: 13)
   - [MINIMAL 5e2a9068d99bfce3b66820bfadd1]
   - [MINIMAL ed1fa2383bf616b5a3736bfe95da]
   - [MINIMAL e94a7a2852d42aede3cf7ef8ea8a]
   - [MINIMAL 12692fb5697be72899b2360f3da7]
   - [MINIMAL c71e1d7625c25777b110e6f03da3]
   - [MINIMAL c3456b543978189cb46e911d7312]
   - [MINIMAL ca17fac2d2b0ec46959110f9015e]
   - [MINIMAL a655480e0a08994fe41337d3b508]
   - [MINIMAL 07df2d0bf4eabd76346f71c21599]
   - [MINIMAL ba3cebdf4e999e69588e74b2aecc]
   - [MINIMAL cefad748f725a047f9cb290f656f]
   - [MINIMAL 575f4b08f89abb3b1c462c7344a1]
   - [MINIMAL 4607518868078e8624f2430be846]
  [COMPLETE 135521fda0fd8f8124c473f81708] (#deps: 13)
   - [COMPLETE 95e0914a1cd7ee0c7269b885c20b]
   - [COMPLETE 1d8d59b6800851a42ca5d5123fb5]
   - [COMPLETE 33314803c02a9f034f40d593d3d5]
   - [COMPLETE 91380cdef8678fc88ba28362e5a7]
   - [COMPLETE aaeadbbe207326708faa55e25742]
   - [COMPLETE c4ed19ab3c9234f6cbcb4887bd12]
   - [COMPLETE 48fc98786e5f455fdfbc9eb3a3de]
   - [COMPLETE e005256f565c857d1a24f0c1bd10]
   - [COMPLETE 31100b3d149ac37358a23cd8df0d]
   - [COMPLETE 65970cfcac6c0448e74d43895231]
   - [COMPLETE 356a2d76b1f899e065f5a6421851]
   - [COMPLETE b7e095ff1d454d98de9ce191d958]
   - [COMPLETE 9449153e3bccbf997f5f9a486955]
*/
#define TYPE_INFO_CDR_spatial_disco_ServiceSummary (const unsigned char []){ \
  0xd0, 0x02, 0x00, 0x00, 0x01, 0x10, 0x00, 0x40, 0x60, 0x01, 0x00, 0x00, 0x5c, 0x01, 0x00, 0x00, \
  0x14, 0x00, 0x00, 0x00, 0xf1, 0xa2, 0xbe, 0x5d, 0x60, 0x34, 0x22, 0xbf, 0xb4, 0x12, 0xaa, 0x40, \
  0x4a, 0x0f, 0x52, 0x00, 0xeb, 0x00, 0x00, 0x00, 0x0d, 0x00, 0x00, 0x00, 0x3c, 0x01, 0x00, 0x00, \
  0x0d, 0x00, 0x00, 0x00, 0x14, 0x00, 0x00, 0x00, 0xf1, 0x5e, 0x2a, 0x90, 0x68, 0xd9, 0x9b, 0xfc, \
  0xe3, 0xb6, 0x68, 0x20, 0xbf, 0xad, 0xd1, 0x00, 0xb6, 0x00, 0x00, 0x00, 0x14, 0x00, 0x00, 0x00, \
  0xf1, 0xed, 0x1f, 0xa2, 0x38, 0x3b, 0xf6, 0x16, 0xb5, 0xa3, 0x73, 0x6b, 0xfe, 0x95, 0xda, 0x00, \
  0x14, 0x00, 0x00, 0x00, 0x14, 0x00, 0x00, 0x00, 0xf1, 0xe9, 0x4a, 0x7a, 0x28, 0x52, 0xd4, 0x2a, \
  0xed, 0xe3, 0xcf, 0x7e, 0xf8, 0xea, 0x8a, 0x00, 0x25, 0x01, 0x00, 0x00, 0x14, 0x00, 0x00, 0x00, \
  0xf1, 0x12, 0x69, 0x2f, 0xb5, 0x69, 0x7b, 0xe7, 0x28, 0x99, 0xb2, 0x36, 0x0f, 0x3d, 0xa7, 0x00, \
  0x1e, 0x00, 0x00, 0x00, 0x14, 0x00, 0x00, 0x00, 0xf1, 0xc7, 0x1e, 0x1d, 0x76, 0x25, 0xc2, 0x57, \
  0x77, 0xb1, 0x10, 0xe6, 0xf0, 0x3d, 0xa3, 0x00, 0x21, 0x00, 0x00, 0x00, 0x14, 0x00, 0x00, 0x00, \
  0xf1, 0xc3, 0x45, 0x6b, 0x54, 0x39, 0x78, 0x18, 0x9c, 0xb4, 0x6e, 0x91, 0x1d, 0x73, 0x12, 0x00, \
  0x55, 0x00, 0x00, 0x00, 0x14, 0x00, 0x00, 0x00, 0xf1, 0xca, 0x17, 0xfa, 0xc2, 0xd2, 0xb0, 0xec, \
  0x46, 0x95, 0x91, 0x10, 0xf9, 0x01, 0x5e, 0x00, 0x1e, 0x00, 0x00, 0x00, 0x14, 0x00, 0x00, 0x00, \
  0xf1, 0xa6, 0x55, 0x48, 0x0e, 0x0a, 0x08, 0x99, 0x4f, 0xe4, 0x13, 0x37, 0xd3, 0xb5, 0x08, 0x00, \
  0x21, 0x00, 0x00, 0x00, 0x14, 0x00, 0x00, 0x00, 0xf1, 0x07, 0xdf, 0x2d, 0x0b, 0xf4, 0xea, 0xbd, \
  0x76, 0x34, 0x6f, 0x71, 0xc2, 0x15, 0x99, 0x00, 0x21, 0x00, 0x00, 0x00, 0x14, 0x00, 0x00, 0x00, \
  0xf1, 0xba, 0x3c, 0xeb, 0xdf, 0x4e, 0x99, 0x9e, 0x69, 0x58, 0x8e, 0x74, 0xb2, 0xae, 0xcc, 0x00, \
  0x65, 0x00, 0x00, 0x00, 0x14, 0x00, 0x00, 0x00, 0xf1, 0xce, 0xfa, 0xd7, 0x48, 0xf7, 0x25, 0xa0, \
  0x47, 0xf9, 0xcb, 0x29, 0x0f, 0x65, 0x6f, 0x00, 0x8e, 0x00, 0x00, 0x00, 0x14, 0x00, 0x00, 0x00, \
  0xf1, 0x57, 0x5f, 0x4b, 0x08, 0xf8, 0x9a, 0xbb, 0x3b, 0x1c, 0x46, 0x2c, 0x73, 0x44, 0xa1, 0x00, \
  0x21, 0x00, 0x00, 0x00, 0x14, 0x00, 0x00, 0x00, 0xf1, 0x46, 0x07, 0x51, 0x88, 0x68, 0x07, 0x8e, \
  0x86, 0x24, 0xf2, 0x43, 0x0b, 0xe8, 0x46, 0x00, 0x37, 0x00, 0x00, 0x00, 0x02, 0x10, 0x00, 0x40, \
  0x60, 0x01, 0x00, 0x00, 0x5c, 0x01, 0x00, 0x00, 0x14, 0x00, 0x00, 0x00, 0xf2, 0x13, 0x55, 0x21, \
  0xfd, 0xa0, 0xfd, 0x8f, 0x81, 0x24, 0xc4, 0x73, 0xf8, 0x17, 0x08, 0x00, 0x76, 0x01, 0x00, 0x00, \
  0x0d, 0x00, 0x00, 0x00, 0x3c, 0x01, 0x00, 0x00, 0x0d, 0x00, 0x00, 0x00, 0x14, 0x00, 0x00, 0x00, \
  0xf2, 0x95, 0xe0, 0x91, 0x4a, 0x1c, 0xd7, 0xee, 0x0c, 0x72, 0x69, 0xb8, 0x85, 0xc2, 0x0b, 0x00, \
  0x38, 0x01, 0x00, 0x00, 0x14, 0x00, 0x00, 0x00, 0xf2, 0x1d, 0x8d, 0x59, 0xb6, 0x80, 0x08, 0x51, \
  0xa4, 0x2c, 0xa5, 0xd5, 0x12, 0x3f, 0xb5, 0x00, 0x3a, 0x00, 0x00, 0x00, 0x14, 0x00, 0x00, 0x00, \
  0xf2, 0x33, 0x31, 0x48, 0x03, 0xc0, 0x2a, 0x9f, 0x03, 0x4f, 0x40, 0xd5, 0x93, 0xd3, 0xd5, 0x00, \
  0xf6, 0x01, 0x00, 0x00, 0x14, 0x00, 0x00, 0x00, 0xf2, 0x91, 0x38, 0x0c, 0xde, 0xf8, 0x67, 0x8f, \
  0xc8, 0x8b, 0xa2, 0x83, 0x62, 0xe5, 0xa7, 0x00, 0x40, 0x00, 0x00, 0x00, 0x14, 0x00, 0x00, 0x00, \
  0xf2, 0xaa, 0xea, 0xdb, 0xbe, 0x20, 0x73, 0x26, 0x70, 0x8f, 0xaa, 0x55, 0xe2, 0x57, 0x42, 0x00, \
  0x43, 0x00, 0x00, 0x00, 0x14, 0x00, 0x00, 0x00, 0xf2, 0xc4, 0xed, 0x19, 0xab, 0x3c, 0x92, 0x34, \
  0xf6, 0xcb, 0xcb, 0x48, 0x87, 0xbd, 0x12, 0x00, 0x8a, 0x00, 0x00, 0x00, 0x14, 0x00, 0x00, 0x00, \
  0xf2, 0x48, 0xfc, 0x98, 0x78, 0x6e, 0x5f, 0x45, 0x5f, 0xdf, 0xbc, 0x9e, 0xb3, 0xa3, 0xde, 0x00, \
  0x40, 0x00, 0x00, 0x00, 0x14, 0x00, 0x00, 0x00, 0xf2, 0xe0, 0x05, 0x25, 0x6f, 0x56, 0x5c, 0x85, \
  0x7d, 0x1a, 0x24, 0xf0, 0xc1, 0xbd, 0x10, 0x00, 0x47, 0x00, 0x00, 0x00, 0x14, 0x00, 0x00, 0x00, \
  0xf2, 0x31, 0x10, 0x0b, 0x3d, 0x14, 0x9a, 0xc3, 0x73, 0x58, 0xa2, 0x3c, 0xd8, 0xdf, 0x0d, 0x00, \
  0x43, 0x00, 0x00, 0x00, 0x14, 0x00, 0x00, 0x00, 0xf2, 0x65, 0x97, 0x0c, 0xfc, 0xac, 0x6c, 0x04, \
  0x48, 0xe7, 0x4d, 0x43, 0x89, 0x52, 0x31, 0x00, 0xc3, 0x00, 0x00, 0x00, 0x14, 0x00, 0x00, 0x00, \
  0xf2, 0x35, 0x6a, 0x2d, 0x76, 0xb1, 0xf8, 0x99, 0xe0, 0x65, 0xf5, 0xa6, 0x42, 0x18, 0x51, 0x00, \
  0xf0, 0x00, 0x00, 0x00, 0x14, 0x00, 0x00, 0x00, 0xf2, 0xb7, 0xe0, 0x95, 0xff, 0x1d, 0x45, 0x4d, \
  0x98, 0xde, 0x9c, 0xe1, 0x91, 0xd9, 0x58, 0x00, 0x43, 0x00, 0x00, 0x00, 0x14, 0x00, 0x00, 0x00, \
  0xf2, 0x94, 0x49, 0x15, 0x3e, 0x3b, 0xcc, 0xbf, 0x99, 0x7f, 0x5f, 0x9a, 0x48, 0x69, 0x55, 0x00, \
  0x5e, 0x00, 0x00, 0x00\
}
#define TYPE_INFO_CDR_SZ_spatial_disco_ServiceSummary 724u
#define TYPE_MAP_CDR_spatial_disco_ServiceSummary (const unsigned char []){ \
  0xff, 0x05, 0x00, 0x00, 0x0e, 0x00, 0x00, 0x00, 0xf1, 0xa2, 0xbe, 0x5d, 0x60, 0x34, 0x22, 0xbf, \
  0xb4, 0x12, 0xaa, 0x40, 0x4a, 0x0f, 0x52, 0x00, 0xe7, 0x00, 0x00, 0x00, 0xf1, 0x51, 0x02, 0x00, \
  0x01, 0x00, 0x00, 0x00, 0x00, 0x00, 0x00, 0x00, 0xd7, 0x00, 0x00, 0x00, 0x08, 0x00, 0x00, 0x00, \
  0x0c, 0x00, 0x00, 0x00, 0x00, 0x00, 0x00, 0x00, 0x01, 0x00, 0x70, 0x00, 0xb0, 0xdc, 0x1e, 0x29, \
  0x19, 0x00, 0x00, 0x00, 0x01, 0x00, 0x00, 0x00, 0x01, 0x00, 0xf1, 0x5e, 0x2a, 0x90, 0x68, 0xd9, \
  0x9b, 0xfc, 0xe3, 0xb6, 0x68, 0x20, 0xbf, 0xad, 0xd1, 0xd9, 0x39, 0xaa, 0xf7, 0x00, 0x00, 0x00, \
  0x0c, 0x00, 0x00, 0x00, 0x02, 0x00, 0x00, 0x00, 0x01, 0x00, 0x70, 0x00, 0xb0, 0x68, 0x93, 0x1c, \
  0x19, 0x00, 0x00, 0x00, 0x03, 0x00, 0x00, 0x00, 0x01, 0x00, 0xf1, 0xed, 0x1f, 0xa2, 0x38, 0x3b, \
  0xf6, 0x16, 0xb5, 0xa3, 0x73, 0x6b, 0xfe, 0x95, 0xda, 0x4d, 0x30, 0x0f, 0xcc, 0x00, 0x00, 0x00, \
  0x1e, 0x00, 0x00, 0x00, 0x04, 0x00, 0x00, 0x00, 0x01, 0x00, 0x80, 0xf1, 0x01, 0x00, 0x04, 0xf1, \
  0xe9, 0x4a, 0x7a, 0x28, 0x52, 0xd4, 0x2a, 0xed, 0xe3, 0xcf, 0x7e, 0xf8, 0xea, 0x8a, 0x60, 0x63, \
  0x4b, 0xaf, 0x00, 0x00, 0x19, 0x00, 0x00, 0x00, 0x05, 0x00, 0x00, 0x00, 0x01, 0x00, 0xf1, 0xa6, \
  0x55, 0x48, 0x0e, 0x0a, 0x08, 0x99, 0x4f, 0xe4, 0x13, 0x37, 0xd3, 0xb5, 0x08, 0x8a, 0x44, 0x07, \
  0x2e, 0x00, 0x00, 0x00, 0x19, 0x00, 0x00, 0x00, 0x06, 0x00, 0x00, 0x00, 0x01, 0x00, 0xf1, 0x57, \
  0x5f, 0x4b, 0x08, 0xf8, 0x9a, 0xbb, 0x3b, 0x1c, 0x46, 0x2c, 0x73, 0x44, 0xa1, 0x96, 0xb8, 0xc7, \
  0x8d, 0x00, 0x00, 0x00, 0x0b, 0x00, 0x00, 0x00, 0x07, 0x00, 0x00, 0x00, 0x01, 0x00, 0x07, 0xe0, \
  0x0c, 0xfb, 0x0e, 0xf1, 0x5e, 0x2a, 0x90, 0x68, 0xd9, 0x9b, 0xfc, 0xe3, 0xb6, 0x68, 0x20, 0xbf, \
  0xad, 0xd1, 0x00, 0x00, 0xb2, 0x00, 0x00, 0x00, 0xf1, 0x40, 0x01, 0x00, 0x02, 0x00, 0x00, 0x00, \
  0x20, 0x00, 0x00, 0x00, 0xa2, 0x00, 0x00, 0x00, 0x08, 0x00, 0x00, 0x00, 0x0e, 0x00, 0x00, 0x00, \
  0x06, 0x00, 0x00, 0x00, 0x00, 0x00, 0x00, 0x00, 0x40, 0x00, 0xb7, 0x4d, 0x20, 0x78, 0x00, 0x00, \
  0x0e, 0x00, 0x00, 0x00, 0x06, 0x00, 0x00, 0x00, 0x01, 0x00, 0x00, 0x00, 0x00, 0x00, 0x2f, 0xa3, \
  0x99, 0xf1, 0x00, 0x00, 0x0e, 0x00, 0x00, 0x00, 0x06, 0x00, 0x00, 0x00, 0x02, 0x00, 0x00, 0x00, \
  0x00, 0x00, 0x72, 0x07, 0x5d, 0xc2, 0x00, 0x00, 0x0e, 0x00, 0x00, 0x00, 0x06, 0x00, 0x00, 0x00, \
  0x03, 0x00, 0x00, 0x00, 0x00, 0x00, 0x2e, 0x40, 0x14, 0xaa, 0x00, 0x00, 0x0e, 0x00, 0x00, 0x00, \
  0x06, 0x00, 0x00, 0x00, 0x04, 0x00, 0x00, 0x00, 0x00, 0x00, 0x75, 0x4a, 0x5d, 0x43, 0x00, 0x00, \
  0x0e, 0x00, 0x00, 0x00, 0x06, 0x00, 0x00, 0x00, 0x05, 0x00, 0x00, 0x00, 0x00, 0x00, 0x45, 0x68, \
  0x5e, 0x95, 0x00, 0x00, 0x0e, 0x00, 0x00, 0x00, 0x06, 0x00, 0x00, 0x00, 0x06, 0x00, 0x00, 0x00, \
  0x00, 0x00, 0xa4, 0xb4, 0x37, 0xe2, 0x00, 0x00, 0x0e, 0x00, 0x00, 0x00, 0x06, 0x00, 0x00, 0x00, \
  0x07, 0x00, 0x00, 0x00, 0x00, 0x00, 0x03, 0x57, 0x04, 0x70, 0xf1, 0xed, 0x1f, 0xa2, 0x38, 0x3b, \
  0xf6, 0x16, 0xb5, 0xa3, 0x73, 0x6b, 0xfe, 0x95, 0xda, 0x00, 0x00, 0x00, 0x10, 0x00, 0x00, 0x00, \
  0xf1, 0x30, 0x00, 0x00, 0x00, 0x00, 0x00, 0x00, 0x04, 0x00, 0x00, 0x00, 0x00, 0x00, 0x70, 0x00, \
  0xf1, 0xe9, 0x4a, 0x7a, 0x28, 0x52, 0xd4, 0x2a, 0xed, 0xe3, 0xcf, 0x7e, 0xf8, 0xea, 0x8a, 0x00, \
  0x21, 0x01, 0x00, 0x00, 0xf1, 0x51, 0x02, 0x00, 0x01, 0x00, 0x00, 0x00, 0x00, 0x00, 0x00, 0x00, \
  0x11, 0x01, 0x00, 0x00, 0x0c, 0x00, 0x00, 0x00, 0x0b, 0x00, 0x00, 0x00, 0x00, 0x00, 0x00, 0x00, \
  0x01, 0x00, 0x01, 0x30, 0x42, 0x90, 0x96, 0x00, 0x0c, 0x00, 0x00, 0x00, 0x01, 0x00, 0x00, 0x00, \
  0x01, 0x00, 0x70, 0x00, 0x29, 0xfa, 0x19, 0xe7, 0x0b, 0x00, 0x00, 0x00, 0x02, 0x00, 0x00, 0x00, \
  0x01, 0x00, 0x01, 0xc1, 0x66, 0xaf, 0x14, 0x00, 0x19, 0x00, 0x00, 0x00, 0x03, 0x00, 0x00, 0x00, \
  0x01, 0x00, 0xf1, 0x12, 0x69, 0x2f, 0xb5, 0x69, 0x7b, 0xe7, 0x28, 0x99, 0xb2, 0x36, 0x0f, 0x3d, \
  0xa7, 0x5b, 0xa7, 0x8e, 0xfe, 0x00, 0x00, 0x00, 0x0b, 0x00, 0x00, 0x00, 0x04, 0x00, 0x00, 0x00, \
  0x01, 0x00, 0x01, 0x42, 0x8d, 0x56, 0x5a, 0x00, 0x19, 0x00, 0x00, 0x00, 0x05, 0x00, 0x00, 0x00, \
  0x01, 0x00, 0xf1, 0xc7, 0x1e, 0x1d, 0x76, 0x25, 0xc2, 0x57, 0x77, 0xb1, 0x10, 0xe6, 0xf0, 0x3d, \
  0xa3, 0x5e, 0x39, 0x42, 0x81, 0x00, 0x00, 0x00, 0x0b, 0x00, 0x00, 0x00, 0x06, 0x00, 0x00, 0x00, \
  0x01, 0x00, 0x01, 0x9c, 0x70, 0x93, 0x3a, 0x00, 0x0b, 0x00, 0x00, 0x00, 0x07, 0x00, 0x00, 0x00, \
  0x01, 0x00, 0x01, 0x04, 0xa9, 0xa2, 0xf7, 0x00, 0x19, 0x00, 0x00, 0x00, 0x08, 0x00, 0x00, 0x00, \
  0x01, 0x00, 0xf1, 0xa6, 0x55, 0x48, 0x0e, 0x0a, 0x08, 0x99, 0x4f, 0xe4, 0x13, 0x37, 0xd3, 0xb5, \
  0x08, 0x91, 0xc9, 0xb0, 0xd8, 0x00, 0x00, 0x00, 0x0b, 0x00, 0x00, 0x00, 0x09, 0x00, 0x00, 0x00, \
  0x01, 0x00, 0x01, 0xbd, 0x4f, 0xb1, 0x27, 0x00, 0x19, 0x00, 0x00, 0x00, 0x0a, 0x00, 0x00, 0x00, \
  0x01, 0x00, 0xf1, 0x57, 0x5f, 0x4b, 0x08, 0xf8, 0x9a, 0xbb, 0x3b, 0x1c, 0x46, 0x2c, 0x73, 0x44, \
  0xa1, 0xae, 0x73, 0x9b, 0xfb, 0x00, 0x00, 0x00, 0x19, 0x00, 0x00, 0x00, 0x0b, 0x00, 0x00, 0x00, \
  0x01, 0x00, 0xf1, 0x57, 0x5f, 0x4b, 0x08, 0xf8, 0x9a, 0xbb, 0x3b, 0x1c, 0x46, 0x2c, 0x73, 0x44, \
  0xa1, 0x28, 0xb6, 0x02, 0xa3, 0xf1, 0x12, 0x69, 0x2f, 0xb5, 0x69, 0x7b, 0xe7, 0x28, 0x99, 0xb2, \
  0x36, 0x0f, 0x3d, 0xa7, 0x1a, 0x00, 0x00, 0x00, 0xf1, 0x30, 0x00, 0x00, 0x00, 0x00, 0x00, 0x00, \
  0x0e, 0x00, 0x00, 0x00, 0x00, 0x00, 0x90, 0xf3, 0x01, 0x00, 0x00, 0x00, 0x01, 0x00, 0x00, 0x00, \
  0x04, 0x0a, 0xf1, 0xc7, 0x1e, 0x1d, 0x76, 0x25, 0xc2, 0x57, 0x77, 0xb1, 0x10, 0xe6, 0xf0, 0x3d, \
  0xa3, 0x00, 0x00, 0x00, 0x1d, 0x00, 0x00, 0x00, 0xf1, 0x30, 0x00, 0x00, 0x00, 0x00, 0x00, 0x00, \
  0x11, 0x00, 0x00, 0x00, 0x00, 0x00, 0xf1, 0xc3, 0x45, 0x6b, 0x54, 0x39, 0x78, 0x18, 0x9c, 0xb4, \
  0x6e, 0x91, 0x1d, 0x73, 0x12, 0xf1, 0xc3, 0x45, 0x6b, 0x54, 0x39, 0x78, 0x18, 0x9c, 0xb4, 0x6e, \
  0x91, 0x1d, 0x73, 0x12, 0x51, 0x00, 0x00, 0x00, 0xf1, 0x51, 0x02, 0x00, 0x01, 0x00, 0x00, 0x00, \
  0x00, 0x00, 0x00, 0x00, 0x41, 0x00, 0x00, 0x00, 0x02, 0x00, 0x00, 0x00, 0x19, 0x00, 0x00, 0x00, \
  0x00, 0x00, 0x00, 0x00, 0x01, 0x00, 0xf1, 0xca, 0x17, 0xfa, 0xc2, 0xd2, 0xb0, 0xec, 0x46, 0x95, \
  0x91, 0x10, 0xf9, 0x01, 0x5e, 0xc7, 0x2f, 0xaf, 0x1b, 0x00, 0x00, 0x00, 0x19, 0x00, 0x00, 0x00, \
  0x01, 0x00, 0x00, 0x00, 0x01, 0x00, 0xf1, 0xca, 0x17, 0xfa, 0xc2, 0xd2, 0xb0, 0xec, 0x46, 0x95, \
  0x91, 0x10, 0xf9, 0x01, 0x5e, 0x36, 0x73, 0x37, 0x08, 0xf1, 0xca, 0x17, 0xfa, 0xc2, 0xd2, 0xb0, \
  0xec, 0x46, 0x95, 0x91, 0x10, 0xf9, 0x01, 0x5e, 0x1a, 0x00, 0x00, 0x00, 0xf1, 0x30, 0x00, 0x00, \
  0x00, 0x00, 0x00, 0x00, 0x0e, 0x00, 0x00, 0x00, 0x00, 0x00, 0x90, 0xf3, 0x01, 0x00, 0x00, 0x00, \
  0x01, 0x00, 0x00, 0x00, 0x03, 0x0a, 0xf1, 0xa6, 0x55, 0x48, 0x0e, 0x0a, 0x08, 0x99, 0x4f, 0xe4, \
  0x13, 0x37, 0xd3, 0xb5, 0x08, 0x00, 0x00, 0x00, 0x1d, 0x00, 0x00, 0x00, 0xf1, 0x30, 0x00, 0x00, \
  0x00, 0x00, 0x00, 0x00, 0x11, 0x00, 0x00, 0x00, 0x00, 0x00, 0xf1, 0x07, 0xdf, 0x2d, 0x0b, 0xf4, \
  0xea, 0xbd, 0x76, 0x34, 0x6f, 0x71, 0xc2, 0x15, 0x99, 0xf1, 0x07, 0xdf, 0x2d, 0x0b, 0xf4, 0xea, \
  0xbd, 0x76, 0x34, 0x6f, 0x71, 0xc2, 0x15, 0x99, 0x1d, 0x00, 0x00, 0x00, 0xf1, 0x30, 0x00, 0x00, \
  0x00, 0x00, 0x00, 0x00, 0x11, 0x00, 0x00, 0x00, 0x00, 0x00, 0xf1, 0xba, 0x3c, 0xeb, 0xdf, 0x4e, \
  0x99, 0x9e, 0x69, 0x58, 0x8e, 0x74, 0xb2, 0xae, 0xcc, 0xf1, 0xba, 0x3c, 0xeb, 0xdf, 0x4e, 0x99, \
  0x9e, 0x69, 0x58, 0x8e, 0x74, 0xb2, 0xae, 0xcc, 0x61, 0x00, 0x00, 0x00, 0xf1, 0x51, 0x02, 0x00, \
  0x01, 0x00, 0x00, 0x00, 0x00, 0x00, 0x00, 0x00, 0x51, 0x00, 0x00, 0x00, 0x04, 0x00, 0x00, 0x00, \
  0x0c, 0x00, 0x00, 0x00, 0x00, 0x00, 0x00, 0x00, 0x01, 0x00, 0x70, 0x00, 0xef, 0x7c, 0x87, 0x6f, \
  0x0c, 0x00, 0x00, 0x00, 0x01, 0x00, 0x00, 0x00, 0x01, 0x00, 0x70, 0x00, 0x50, 0x58, 0x17, 0xef, \
  0x0b, 0x00, 0x00, 0x00, 0x02, 0x00, 0x00, 0x00, 0x01, 0x00, 0x01, 0x4a, 0x03, 0x78, 0x6f, 0x00, \
  0x19, 0x00, 0x00, 0x00, 0x03, 0x00, 0x00, 0x00, 0x01, 0x00, 0xf1, 0xce, 0xfa, 0xd7, 0x48, 0xf7, \
  0x25, 0xa0, 0x47, 0xf9, 0xcb, 0x29, 0x0f, 0x65, 0x6f, 0x7e, 0x7f, 0x70, 0x7a, 0xf1, 0xce, 0xfa, \
  0xd7, 0x48, 0xf7, 0x25, 0xa0, 0x47, 0xf9, 0xcb, 0x29, 0x0f, 0x65, 0x6f, 0x8a, 0x00, 0x00, 0x00, \
  0xf1, 0x40, 0x01, 0x00, 0x02, 0x00, 0x00, 0x00, 0x20, 0x00, 0x00, 0x00, 0x7a, 0x00, 0x00, 0x00, \
  0x06, 0x00, 0x00, 0x00, 0x0e, 0x00, 0x00, 0x00, 0x06, 0x00, 0x00, 0x00, 0x00, 0x00, 0x00, 0x00, \
  0x40, 0x00, 0x39, 0x2b, 0x81, 0x0f, 0x00, 0x00, 0x0e, 0x00, 0x00, 0x00, 0x06, 0x00, 0x00, 0x00, \
  0x01, 0x00, 0x00, 0x00, 0x00, 0x00, 0xa5, 0xc8, 0xc3, 0x54, 0x00, 0x00, 0x0e, 0x00, 0x00, 0x00, \
  0x06, 0x00, 0x00, 0x00, 0x02, 0x00, 0x00, 0x00, 0x00, 0x00, 0x6f, 0x49, 0x44, 0x8c, 0x00, 0x00, \
  0x0e, 0x00, 0x00, 0x00, 0x06, 0x00, 0x00, 0x00, 0x03, 0x00, 0x00, 0x00, 0x00, 0x00, 0x68, 0x09, \
  0xbe, 0xd7, 0x00, 0x00, 0x0e, 0x00, 0x00, 0x00, 0x06, 0x00, 0x00, 0x00, 0x04, 0x00, 0x00, 0x00, \
  0x00, 0x00, 0xcd, 0x34, 0x59, 0xb2, 0x00, 0x00, 0x0e, 0x00, 0x00, 0x00, 0x06, 0x00, 0x00, 0x00, \
  0x05, 0x00, 0x00, 0x00, 0x00, 0x00, 0x03, 0x57, 0x04, 0x70, 0xf1, 0x57, 0x5f, 0x4b, 0x08, 0xf8, \
  0x9a, 0xbb, 0x3b, 0x1c, 0x46, 0x2c, 0x73, 0x44, 0xa1, 0x00, 0x00, 0x00, 0x1d, 0x00, 0x00, 0x00, \
  0xf1, 0x30, 0x00, 0x00, 0x00, 0x00, 0x00, 0x00, 0x11, 0x00, 0x00, 0x00, 0x00, 0x00, 0xf1, 0x46, \
  0x07, 0x51, 0x88, 0x68, 0x07, 0x8e, 0x86, 0x24, 0xf2, 0x43, 0x0b, 0xe8, 0x46, 0xf1, 0x46, 0x07, \
  0x51, 0x88, 0x68, 0x07, 0x8e, 0x86, 0x24, 0xf2, 0x43, 0x0b, 0xe8, 0x46, 0x33, 0x00, 0x00, 0x00, \
  0xf1, 0x51, 0x02, 0x00, 0x01, 0x00, 0x00, 0x00, 0x00, 0x00, 0x00, 0x00, 0x23, 0x00, 0x00, 0x00, \
  0x02, 0x00, 0x00, 0x00, 0x0b, 0x00, 0x00, 0x00, 0x00, 0x00, 0x00, 0x00, 0x01, 0x00, 0x05, 0x74, \
  0x45, 0x9c, 0xa3, 0x00, 0x0b, 0x00, 0x00, 0x00, 0x01, 0x00, 0x00, 0x00, 0x01, 0x00, 0x07, 0xe2, \
  0x04, 0x64, 0xd5, 0x00, 0xfa, 0x09, 0x00, 0x00, 0x0e, 0x00, 0x00, 0x00, 0xf2, 0x13, 0x55, 0x21, \
  0xfd, 0xa0, 0xfd, 0x8f, 0x81, 0x24, 0xc4, 0x73, 0xf8, 0x17, 0x08, 0x00, 0x72, 0x01, 0x00, 0x00, \
  0xf2, 0x51, 0x02, 0x00, 0x27, 0x00, 0x00, 0x00, 0x00, 0x00, 0x00, 0x00, 0x1f, 0x00, 0x00, 0x00, \
  0x73, 0x70, 0x61, 0x74, 0x69, 0x61, 0x6c, 0x3a, 0x3a, 0x64, 0x69, 0x73, 0x63, 0x6f, 0x3a, 0x3a, \
  0x53, 0x65, 0x72, 0x76, 0x69, 0x63, 0x65, 0x53, 0x75, 0x6d, 0x6d, 0x61, 0x72, 0x79, 0x00, 0x00, \
  0x3e, 0x01, 0x00, 0x00, 0x08, 0x00, 0x00, 0x00, 0x19, 0x00, 0x00, 0x00, 0x00, 0x00, 0x00, 0x00, \
  0x01, 0x00, 0x70, 0x00, 0x0b, 0x00, 0x00, 0x00, 0x73, 0x65, 0x72, 0x76, 0x69, 0x63, 0x65, 0x5f, \
  0x69, 0x64, 0x00, 0x00, 0x00, 0x00, 0x00, 0x00, 0x23, 0x00, 0x00, 0x00, 0x01, 0x00, 0x00, 0x00, \
  0x01, 0x00, 0xf2, 0x95, 0xe0, 0x91, 0x4a, 0x1c, 0xd7, 0xee, 0x0c, 0x72, 0x69, 0xb8, 0x85, 0xc2, \
  0x0b, 0x00, 0x00, 0x00, 0x05, 0x00, 0x00, 0x00, 0x6b, 0x69, 0x6e, 0x64, 0x00, 0x00, 0x00, 0x00, \
  0x13, 0x00, 0x00, 0x00, 0x02, 0x00, 0x00, 0x00, 0x01, 0x00, 0x70, 0x00, 0x05, 0x00, 0x00, 0x00, \
  0x6e, 0x61, 0x6d, 0x65, 0x00, 0x00, 0x00, 0x00, 0x2b, 0x00, 0x00, 0x00, 0x03, 0x00, 0x00, 0x00, \
  0x01, 0x00, 0xf2, 0x1d, 0x8d, 0x59, 0xb6, 0x80, 0x08, 0x51, 0xa4, 0x2c, 0xa5, 0xd5, 0x12, 0x3f, \
  0xb5, 0x00, 0x00, 0x00, 0x0d, 0x00, 0x00, 0x00, 0x6d, 0x61, 0x6e, 0x69, 0x66, 0x65, 0x73, 0x74, \
  0x5f, 0x75, 0x72, 0x69, 0x00, 0x00, 0x00, 0x00, 0x2b, 0x00, 0x00, 0x00, 0x04, 0x00, 0x00, 0x00, \
  0x01, 0x00, 0x80, 0xf2, 0x01, 0x00, 0x04, 0xf2, 0x33, 0x31, 0x48, 0x03, 0xc0, 0x2a, 0x9f, 0x03, \
  0x4f, 0x40, 0xd5, 0x93, 0xd3, 0xd5, 0x00, 0x00, 0x09, 0x00, 0x00, 0x00, 0x63, 0x6f, 0x76, 0x65, \
  0x72, 0x61, 0x67, 0x65, 0x00, 0x00, 0x00, 0x00, 0x31, 0x00, 0x00, 0x00, 0x05, 0x00, 0x00, 0x00, \
  0x01, 0x00, 0xf2, 0xe0, 0x05, 0x25, 0x6f, 0x56, 0x5c, 0x85, 0x7d, 0x1a, 0x24, 0xf0, 0xc1, 0xbd, \
  0x10, 0x00, 0x00, 0x00, 0x13, 0x00, 0x00, 0x00, 0x63, 0x6f, 0x76, 0x65, 0x72, 0x61, 0x67, 0x65, \
  0x5f, 0x66, 0x72, 0x61, 0x6d, 0x65, 0x5f, 0x72, 0x65, 0x66, 0x00, 0x00, 0x00, 0x00, 0x00, 0x00, \
  0x24, 0x00, 0x00, 0x00, 0x06, 0x00, 0x00, 0x00, 0x01, 0x00, 0xf2, 0xb7, 0xe0, 0x95, 0xff, 0x1d, \
  0x45, 0x4d, 0x98, 0xde, 0x9c, 0xe1, 0x91, 0xd9, 0x58, 0x00, 0x00, 0x00, 0x06, 0x00, 0x00, 0x00, \
  0x73, 0x74, 0x61, 0x6d, 0x70, 0x00, 0x00, 0x00, 0x16, 0x00, 0x00, 0x00, 0x07, 0x00, 0x00, 0x00, \
  0x01, 0x00, 0x07, 0x00, 0x08, 0x00, 0x00, 0x00, 0x74, 0x74, 0x6c, 0x5f, 0x73, 0x65, 0x63, 0x00, \
  0x00, 0x00, 0xf2, 0x95, 0xe0, 0x91, 0x4a, 0x1c, 0xd7, 0xee, 0x0c, 0x72, 0x69, 0xb8, 0x85, 0xc2, \
  0x0b, 0x00, 0x00, 0x00, 0x34, 0x01, 0x00, 0x00, 0xf2, 0x40, 0x01, 0x00, 0x24, 0x00, 0x00, 0x00, \
  0x20, 0x00, 0x00, 0x00, 0x1c, 0x00, 0x00, 0x00, 0x73, 0x70, 0x61, 0x74, 0x69, 0x61, 0x6c, 0x3a, \
  0x3a, 0x64, 0x69, 0x73, 0x63, 0x6f, 0x3a, 0x3a, 0x53, 0x65, 0x72, 0x76, 0x69, 0x63, 0x65, 0x4b, \
  0x69, 0x6e, 0x64, 0x00, 0x04, 0x01, 0x00, 0x00, 0x08, 0x00, 0x00, 0x00, 0x16, 0x00, 0x00, 0x00, \
  0x06, 0x00, 0x00, 0x00, 0x00, 0x00, 0x00, 0x00, 0x40, 0x00, 0x00, 0x00, 0x04, 0x00, 0x00, 0x00, \
  0x56, 0x50, 0x53, 0x00, 0x00, 0x00, 0x00, 0x00, 0x1a, 0x00, 0x00, 0x00, 0x06, 0x00, 0x00, 0x00, \
  0x01, 0x00, 0x00, 0x00, 0x00, 0x00, 0x00, 0x00, 0x08, 0x00, 0x00, 0x00, 0x4d, 0x41, 0x50, 0x50, \
  0x49, 0x4e, 0x47, 0x00, 0x00, 0x00, 0x00, 0x00, 0x1a, 0x00, 0x00, 0x00, 0x06, 0x00, 0x00, 0x00, \
  0x02, 0x00, 0x00, 0x00, 0x00, 0x00, 0x00, 0x00, 0x08, 0x00, 0x00, 0x00, 0x52, 0x45, 0x4c, 0x4f, \
  0x43, 0x41, 0x4c, 0x00, 0x00, 0x00, 0x00, 0x00, 0x1c, 0x00, 0x00, 0x00, 0x06, 0x00, 0x00, 0x00, \
  0x03, 0x00, 0x00, 0x00, 0x00, 0x00, 0x00, 0x00, 0x0a, 0x00, 0x00, 0x00, 0x53, 0x45, 0x4d, 0x41, \
  0x4e, 0x54, 0x49, 0x43, 0x53, 0x00, 0x00, 0x00, 0x1a, 0x00, 0x00, 0x00, 0x06, 0x00, 0x00, 0x00, \
  0x04, 0x00, 0x00, 0x00, 0x00, 0x00, 0x00, 0x00, 0x08, 0x00, 0x00, 0x00, 0x53, 0x54, 0x4f, 0x52, \
  0x41, 0x47, 0x45, 0x00, 0x00, 0x00, 0x00, 0x00, 0x1a, 0x00, 0x00, 0x00, 0x06, 0x00, 0x00, 0x00, \
  0x05, 0x00, 0x00, 0x00, 0x00, 0x00, 0x00, 0x00, 0x08, 0x00, 0x00, 0x00, 0x43, 0x4f, 0x4e, 0x54, \
  0x45, 0x4e, 0x54, 0x00, 0x00, 0x00, 0x00, 0x00, 0x22, 0x00, 0x00, 0x00, 0x06, 0x00, 0x00, 0x00, \
  0x06, 0x00, 0x00, 0x00, 0x00, 0x00, 0x00, 0x00, 0x10, 0x00, 0x00, 0x00, 0x41, 0x4e, 0x43, 0x48, \
  0x4f, 0x52, 0x5f, 0x52, 0x45, 0x47, 0x49, 0x53, 0x54, 0x52, 0x59, 0x00, 0x00, 0x00, 0x00, 0x00, \
  0x18, 0x00, 0x00, 0x00, 0x06, 0x00, 0x00, 0x00, 0x07, 0x00, 0x00, 0x00, 0x00, 0x00, 0x00, 0x00, \
  0x06, 0x00, 0x00, 0x00, 0x4f, 0x54, 0x48, 0x45, 0x52, 0x00, 0x00, 0x00, 0xf2, 0x1d, 0x8d, 0x59, \
  0xb6, 0x80, 0x08, 0x51, 0xa4, 0x2c, 0xa5, 0xd5, 0x12, 0x3f, 0xb5, 0x00, 0x36, 0x00, 0x00, 0x00, \
  0xf2, 0x30, 0x00, 0x00, 0x23, 0x00, 0x00, 0x00, 0x00, 0x00, 0x00, 0x00, 0x1b, 0x00, 0x00, 0x00, \
  0x73, 0x70, 0x61, 0x74, 0x69, 0x61, 0x6c, 0x3a, 0x3a, 0x64, 0x69, 0x73, 0x63, 0x6f, 0x3a, 0x3a, \
  0x53, 0x70, 0x61, 0x74, 0x69, 0x61, 0x6c, 0x55, 0x72, 0x69, 0x00, 0x00, 0x06, 0x00, 0x00, 0x00, \
  0x00, 0x00, 0x70, 0x00, 0x00, 0x00, 0xf2, 0x33, 0x31, 0x48, 0x03, 0xc0, 0x2a, 0x9f, 0x03, 0x4f, \
  0x40, 0xd5, 0x93, 0xd3, 0xd5, 0x00, 0x00, 0x00, 0xf2, 0x01, 0x00, 0x00, 0xf2, 0x51, 0x02, 0x00, \
  0x28, 0x00, 0x00, 0x00, 0x00, 0x00, 0x00, 0x00, 0x20, 0x00, 0x00, 0x00, 0x73, 0x70, 0x61, 0x74, \
  0x69, 0x61, 0x6c, 0x3a, 0x3a, 0x64, 0x69, 0x73, 0x63, 0x6f, 0x3a, 0x3a, 0x43, 0x6f, 0x76, 0x65, \
  0x72, 0x61, 0x67, 0x65, 0x45, 0x6c, 0x65, 0x6d, 0x65, 0x6e, 0x74, 0x00, 0xbe, 0x01, 0x00, 0x00, \
  0x0c, 0x00, 0x00, 0x00, 0x16, 0x00, 0x00, 0x00, 0x00, 0x00, 0x00, 0x00, 0x01, 0x00, 0x01, 0x00, \
  0x08, 0x00, 0x00, 0x00, 0x68, 0x61, 0x73, 0x5f, 0x63, 0x72, 0x73, 0x00, 0x00, 0x00, 0x00, 0x00, \
  0x12, 0x00, 0x00, 0x00, 0x01, 0x00, 0x00, 0x00, 0x01, 0x00, 0x70, 0x00, 0x04, 0x00, 0x00, 0x00, \
  0x63, 0x72, 0x73, 0x00, 0x00, 0x00, 0x00, 0x00, 0x17, 0x00, 0x00, 0x00, 0x02, 0x00, 0x00, 0x00, \
  0x01, 0x00, 0x01, 0x00, 0x09, 0x00, 0x00, 0x00, 0x68, 0x61, 0x73, 0x5f, 0x62, 0x62, 0x6f, 0x78, \
  0x00, 0x00, 0x00, 0x00, 0x23, 0x00, 0x00, 0x00, 0x03, 0x00, 0x00, 0x00, 0x01, 0x00, 0xf2, 0x91, \
  0x38, 0x0c, 0xde, 0xf8, 0x67, 0x8f, 0xc8, 0x8b, 0xa2, 0x83, 0x62, 0xe5, 0xa7, 0x00, 0x00, 0x00, \
  0x05, 0x00, 0x00, 0x00, 0x62, 0x62, 0x6f, 0x78, 0x00, 0x00, 0x00, 0x00, 0x17, 0x00, 0x00, 0x00, \
  0x04, 0x00, 0x00, 0x00, 0x01, 0x00, 0x01, 0x00, 0x09, 0x00, 0x00, 0x00, 0x68, 0x61, 0x73, 0x5f, \
  0x61, 0x61, 0x62, 0x62, 0x00, 0x00, 0x00, 0x00, 0x23, 0x00, 0x00, 0x00, 0x05, 0x00, 0x00, 0x00, \
  0x01, 0x00, 0xf2, 0xaa, 0xea, 0xdb, 0xbe, 0x20, 0x73, 0x26, 0x70, 0x8f, 0xaa, 0x55, 0xe2, 0x57, \
  0x42, 0x00, 0x00, 0x00, 0x05, 0x00, 0x00, 0x00, 0x61, 0x61, 0x62, 0x62, 0x00, 0x00, 0x00, 0x00, \
  0x15, 0x00, 0x00, 0x00, 0x06, 0x00, 0x00, 0x00, 0x01, 0x00, 0x01, 0x00, 0x07, 0x00, 0x00, 0x00, \
  0x67, 0x6c, 0x6f, 0x62, 0x61, 0x6c, 0x00, 0x00, 0x00, 0x00, 0x00, 0x00, 0x1c, 0x00, 0x00, 0x00, \
  0x07, 0x00, 0x00, 0x00, 0x01, 0x00, 0x01, 0x00, 0x0e, 0x00, 0x00, 0x00, 0x68, 0x61, 0x73, 0x5f, \
  0x66, 0x72, 0x61, 0x6d, 0x65, 0x5f, 0x72, 0x65, 0x66, 0x00, 0x00, 0x00, 0x28, 0x00, 0x00, 0x00, \
  0x08, 0x00, 0x00, 0x00, 0x01, 0x00, 0xf2, 0xe0, 0x05, 0x25, 0x6f, 0x56, 0x5c, 0x85, 0x7d, 0x1a, \
  0x24, 0xf0, 0xc1, 0xbd, 0x10, 0x00, 0x00, 0x00, 0x0a, 0x00, 0x00, 0x00, 0x66, 0x72, 0x61, 0x6d, \
  0x65, 0x5f, 0x72, 0x65, 0x66, 0x00, 0x00, 0x00, 0x22, 0x00, 0x00, 0x00, 0x09, 0x00, 0x00, 0x00, \
  0x01, 0x00, 0x01, 0x00, 0x14, 0x00, 0x00, 0x00, 0x68, 0x61, 0x73, 0x5f, 0x63, 0x6f, 0x76, 0x65, \
  0x72, 0x61, 0x67, 0x65, 0x5f, 0x77, 0x69, 0x6e, 0x64, 0x6f, 0x77, 0x00, 0x00, 0x00, 0x00, 0x00, \
  0x34, 0x00, 0x00, 0x00, 0x0a, 0x00, 0x00, 0x00, 0x01, 0x00, 0xf2, 0xb7, 0xe0, 0x95, 0xff, 0x1d, \
  0x45, 0x4d, 0x98, 0xde, 0x9c, 0xe1, 0x91, 0xd9, 0x58, 0x00, 0x00, 0x00, 0x16, 0x00, 0x00, 0x00, \
  0x63, 0x6f, 0x76, 0x65, 0x72, 0x61, 0x67, 0x65, 0x5f, 0x77, 0x69, 0x6e, 0x64, 0x6f, 0x77, 0x5f, \
  0x73, 0x74, 0x61, 0x72, 0x74, 0x00, 0x00, 0x00, 0x32, 0x00, 0x00, 0x00, 0x0b, 0x00, 0x00, 0x00, \
  0x01, 0x00, 0xf2, 0xb7, 0xe0, 0x95, 0xff, 0x1d, 0x45, 0x4d, 0x98, 0xde, 0x9c, 0xe1, 0x91, 0xd9, \
  0x58, 0x00, 0x00, 0x00, 0x14, 0x00, 0x00, 0x00, 0x63, 0x6f, 0x76, 0x65, 0x72, 0x61, 0x67, 0x65, \
  0x5f, 0x77, 0x69, 0x6e, 0x64, 0x6f, 0x77, 0x5f, 0x65, 0x6e, 0x64, 0x00, 0x00, 0x00, 0xf2, 0x91, \
  0x38, 0x0c, 0xde, 0xf8, 0x67, 0x8f, 0xc8, 0x8b, 0xa2, 0x83, 0x62, 0xe5, 0xa7, 0x00, 0x00, 0x00, \
  0x3c, 0x00, 0x00, 0x00, 0xf2, 0x30, 0x00, 0x00, 0x20, 0x00, 0x00, 0x00, 0x00, 0x00, 0x00, 0x00, \
  0x18, 0x00, 0x00, 0x00, 0x73, 0x70, 0x61, 0x74, 0x69, 0x61, 0x6c, 0x3a, 0x3a, 0x63, 0x6f, 0x6d, \
  0x6d, 0x6f, 0x6e, 0x3a, 0x3a, 0x42, 0x42, 0x6f, 0x78, 0x32, 0x44, 0x00, 0x10, 0x00, 0x00, 0x00, \
  0x00, 0x00, 0x90, 0xf3, 0x01, 0x00, 0x00, 0x00, 0x01, 0x00, 0x00, 0x00, 0x04, 0x0a, 0x00, 0x00, \
  0xf2, 0xaa, 0xea, 0xdb, 0xbe, 0x20, 0x73, 0x26, 0x70, 0x8f, 0xaa, 0x55, 0xe2, 0x57, 0x42, 0x00, \
  0x3f, 0x00, 0x00, 0x00, 0xf2, 0x30, 0x00, 0x00, 0x1e, 0x00, 0x00, 0x00, 0x00, 0x00, 0x00, 0x00, \
  0x16, 0x00, 0x00, 0x00, 0x73, 0x70, 0x61, 0x74, 0x69, 0x61, 0x6c, 0x3a, 0x3a, 0x64, 0x69, 0x73, \
  0x63, 0x6f, 0x3a, 0x3a, 0x41, 0x61, 0x62, 0x62, 0x33, 0x00, 0x00, 0x00, 0x13, 0x00, 0x00, 0x00, \
  0x00, 0x00, 0xf2, 0xc4, 0xed, 0x19, 0xab, 0x3c, 0x92, 0x34, 0xf6, 0xcb, 0xcb, 0x48, 0x87, 0xbd, \
  0x12, 0x00, 0x00, 0xf2, 0xc4, 0xed, 0x19, 0xab, 0x3c, 0x92, 0x34, 0xf6, 0xcb, 0xcb, 0x48, 0x87, \
  0xbd, 0x12, 0x00, 0x00, 0x86, 0x00, 0x00, 0x00, 0xf2, 0x51, 0x02, 0x00, 0x1d, 0x00, 0x00, 0x00, \
  0x00, 0x00, 0x00, 0x00, 0x15, 0x00, 0x00, 0x00, 0x73, 0x70, 0x61, 0x74, 0x69, 0x61, 0x6c, 0x3a, \
  0x3a, 0x63, 0x6f, 0x72, 0x65, 0x3a, 0x3a, 0x41, 0x61, 0x62, 0x62, 0x33, 0x00, 0x00, 0x00, 0x00, \
  0x5a, 0x00, 0x00, 0x00, 0x02, 0x00, 0x00, 0x00, 0x26, 0x00, 0x00, 0x00, 0x00, 0x00, 0x00, 0x00, \
  0x01, 0x00, 0xf2, 0x48, 0xfc, 0x98, 0x78, 0x6e, 0x5f, 0x45, 0x5f, 0xdf, 0xbc, 0x9e, 0xb3, 0xa3, \
  0xde, 0x00, 0x00, 0x00, 0x08, 0x00, 0x00, 0x00, 0x6d, 0x69, 0x6e, 0x5f, 0x78, 0x79, 0x7a, 0x00, \
  0x00, 0x00, 0x00, 0x00, 0x26, 0x00, 0x00, 0x00, 0x01, 0x00, 0x00, 0x00, 0x01, 0x00, 0xf2, 0x48, \
  0xfc, 0x98, 0x78, 0x6e, 0x5f, 0x45, 0x5f, 0xdf, 0xbc, 0x9e, 0xb3, 0xa3, 0xde, 0x00, 0x00, 0x00, \
  0x08, 0x00, 0x00, 0x00, 0x6d, 0x61, 0x78, 0x5f, 0x78, 0x79, 0x7a, 0x00, 0x00, 0x00, 0xf2, 0x48, \
  0xfc, 0x98, 0x78, 0x6e, 0x5f, 0x45, 0x5f, 0xdf, 0xbc, 0x9e, 0xb3, 0xa3, 0xde, 0x00, 0x00, 0x00, \
  0x3c, 0x00, 0x00, 0x00, 0xf2, 0x30, 0x00, 0x00, 0x1e, 0x00, 0x00, 0x00, 0x00, 0x00, 0x00, 0x00, \
  0x16, 0x00, 0x00, 0x00, 0x73, 0x70, 0x61, 0x74, 0x69, 0x61, 0x6c, 0x3a, 0x3a, 0x63, 0x6f, 0x6d, \
  0x6d, 0x6f, 0x6e, 0x3a, 0x3a, 0x56, 0x65, 0x63, 0x33, 0x00, 0x00, 0x00, 0x10, 0x00, 0x00, 0x00, \
  0x00, 0x00, 0x90, 0xf3, 0x01, 0x00, 0x00, 0x00, 0x01, 0x00, 0x00, 0x00, 0x03, 0x0a, 0x00, 0x00, \
  0xf2, 0xe0, 0x05, 0x25, 0x6f, 0x56, 0x5c, 0x85, 0x7d, 0x1a, 0x24, 0xf0, 0xc1, 0xbd, 0x10, 0x00, \
  0x43, 0x00, 0x00, 0x00, 0xf2, 0x30, 0x00, 0x00, 0x21, 0x00, 0x00, 0x00, 0x00, 0x00, 0x00, 0x00, \
  0x19, 0x00, 0x00, 0x00, 0x73, 0x70, 0x61, 0x74, 0x69, 0x61, 0x6c, 0x3a, 0x3a, 0x64, 0x69, 0x73, \
  0x63, 0x6f, 0x3a, 0x3a, 0x46, 0x72, 0x61, 0x6d, 0x65, 0x52, 0x65, 0x66, 0x00, 0x00, 0x00, 0x00, \
  0x13, 0x00, 0x00, 0x00, 0x00, 0x00, 0xf2, 0x31, 0x10, 0x0b, 0x3d, 0x14, 0x9a, 0xc3, 0x73, 0x58, \
  0xa2, 0x3c, 0xd8, 0xdf, 0x0d, 0x00, 0x00, 0xf2, 0x31, 0x10, 0x0b, 0x3d, 0x14, 0x9a, 0xc3, 0x73, \
  0x58, 0xa2, 0x3c, 0xd8, 0xdf, 0x0d, 0x00, 0x00, 0x3f, 0x00, 0x00, 0x00, 0xf2, 0x30, 0x00, 0x00, \
  0x20, 0x00, 0x00, 0x00, 0x00, 0x00, 0x00, 0x00, 0x18, 0x00, 0x00, 0x00, 0x73, 0x70, 0x61, 0x74, \
  0x69, 0x61, 0x6c, 0x3a, 0x3a, 0x63, 0x6f, 0x72, 0x65, 0x3a, 0x3a, 0x46, 0x72, 0x61, 0x6d, 0x65, \
  0x52, 0x65, 0x66, 0x00, 0x13, 0x00, 0x00, 0x00, 0x00, 0x00, 0xf2, 0x65, 0x97, 0x0c, 0xfc, 0xac, \
  0x6c, 0x04, 0x48, 0xe7, 0x4d, 0x43, 0x89, 0x52, 0x31, 0x00, 0x00, 0xf2, 0x65, 0x97, 0x0c, 0xfc, \
  0xac, 0x6c, 0x04, 0x48, 0xe7, 0x4d, 0x43, 0x89, 0x52, 0x31, 0x00, 0x00, 0xbf, 0x00, 0x00, 0x00, \
  0xf2, 0x51, 0x02, 0x00, 0x22, 0x00, 0x00, 0x00, 0x00, 0x00, 0x00, 0x00, 0x1a, 0x00, 0x00, 0x00, \
  0x73, 0x70, 0x61, 0x74, 0x69, 0x61, 0x6c, 0x3a, 0x3a, 0x63, 0x6f, 0x6d, 0x6d, 0x6f, 0x6e, 0x3a, \
  0x3a, 0x46, 0x72, 0x61, 0x6d, 0x65, 0x52, 0x65, 0x66, 0x00, 0x00, 0x00, 0x8f, 0x00, 0x00, 0x00, \
  0x04, 0x00, 0x00, 0x00, 0x13, 0x00, 0x00, 0x00, 0x00, 0x00, 0x00, 0x00, 0x01, 0x00, 0x70, 0x00, \
  0x05, 0x00, 0x00, 0x00, 0x75, 0x75, 0x69, 0x64, 0x00, 0x00, 0x00, 0x00, 0x12, 0x00, 0x00, 0x00, \
  0x01, 0x00, 0x00, 0x00, 0x01, 0x00, 0x70, 0x00, 0x04, 0x00, 0x00, 0x00, 0x66, 0x71, 0x6e, 0x00, \
  0x00, 0x00, 0x00, 0x00, 0x23, 0x00, 0x00, 0x00, 0x02, 0x00, 0x00, 0x00, 0x01, 0x00, 0x01, 0x00, \
  0x15, 0x00, 0x00, 0x00, 0x68, 0x61, 0x73, 0x5f, 0x63, 0x6f, 0x6f, 0x72, 0x64, 0x5f, 0x63, 0x6f, \
  0x6e, 0x76, 0x65, 0x6e, 0x74, 0x69, 0x6f, 0x6e, 0x00, 0x00, 0x00, 0x00, 0x2f, 0x00, 0x00, 0x00, \
  0x03, 0x00, 0x00, 0x00, 0x01, 0x00, 0xf2, 0x35, 0x6a, 0x2d, 0x76, 0xb1, 0xf8, 0x99, 0xe0, 0x65, \
  0xf5, 0xa6, 0x42, 0x18, 0x51, 0x00, 0x00, 0x00, 0x11, 0x00, 0x00, 0x00, 0x63, 0x6f, 0x6f, 0x72, \
  0x64, 0x5f, 0x63, 0x6f, 0x6e, 0x76, 0x65, 0x6e, 0x74, 0x69, 0x6f, 0x6e, 0x00, 0x00, 0x00, 0xf2, \
  0x35, 0x6a, 0x2d, 0x76, 0xb1, 0xf8, 0x99, 0xe0, 0x65, 0xf5, 0xa6, 0x42, 0x18, 0x51, 0x00, 0x00, \
  0xec, 0x00, 0x00, 0x00, 0xf2, 0x40, 0x01, 0x00, 0x29, 0x00, 0x00, 0x00, 0x20, 0x00, 0x00, 0x00, \
  0x21, 0x00, 0x00, 0x00, 0x73, 0x70, 0x61, 0x74, 0x69, 0x61, 0x6c, 0x3a, 0x3a, 0x63, 0x6f, 0x6d, \
  0x6d, 0x6f, 0x6e, 0x3a, 0x3a, 0x43, 0x6f, 0x6f, 0x72, 0x64, 0x43, 0x6f, 0x6e, 0x76, 0x65, 0x6e, \
  0x74, 0x69, 0x6f, 0x6e, 0x00, 0x00, 0x00, 0x00, 0xb4, 0x00, 0x00, 0x00, 0x06, 0x00, 0x00, 0x00, \
  0x16, 0x00, 0x00, 0x00, 0x06, 0x00, 0x00, 0x00, 0x00, 0x00, 0x00, 0x00, 0x40, 0x00, 0x00, 0x00, \
  0x04, 0x00, 0x00, 0x00, 0x45, 0x4e, 0x55, 0x00, 0x00, 0x00, 0x00, 0x00, 0x15, 0x00, 0x00, 0x00, \
  0x06, 0x00, 0x00, 0x00, 0x01, 0x00, 0x00, 0x00, 0x00, 0x00, 0x00, 0x00, 0x03, 0x00, 0x00, 0x00, \
  0x43, 0x56, 0x00, 0x00, 0x00, 0x00, 0x00, 0x00, 0x1b, 0x00, 0x00, 0x00, 0x06, 0x00, 0x00, 0x00, \
  0x02, 0x00, 0x00, 0x00, 0x00, 0x00, 0x00, 0x00, 0x09, 0x00, 0x00, 0x00, 0x47, 0x52, 0x41, 0x50, \
  0x48, 0x49, 0x43, 0x53, 0x00, 0x00, 0x00, 0x00, 0x1b, 0x00, 0x00, 0x00, 0x06, 0x00, 0x00, 0x00, \
  0x03, 0x00, 0x00, 0x00, 0x00, 0x00, 0x00, 0x00, 0x09, 0x00, 0x00, 0x00, 0x55, 0x4e, 0x49, 0x54, \
  0x59, 0x5f, 0x4c, 0x48, 0x00, 0x00, 0x00, 0x00, 0x16, 0x00, 0x00, 0x00, 0x06, 0x00, 0x00, 0x00, \
  0x04, 0x00, 0x00, 0x00, 0x00, 0x00, 0x00, 0x00, 0x04, 0x00, 0x00, 0x00, 0x4e, 0x45, 0x44, 0x00, \
  0x00, 0x00, 0x00, 0x00, 0x18, 0x00, 0x00, 0x00, 0x06, 0x00, 0x00, 0x00, 0x05, 0x00, 0x00, 0x00, \
  0x00, 0x00, 0x00, 0x00, 0x06, 0x00, 0x00, 0x00, 0x4f, 0x54, 0x48, 0x45, 0x52, 0x00, 0x00, 0x00, \
  0xf2, 0xb7, 0xe0, 0x95, 0xff, 0x1d, 0x45, 0x4d, 0x98, 0xde, 0x9c, 0xe1, 0x91, 0xd9, 0x58, 0x00, \
  0x3f, 0x00, 0x00, 0x00, 0xf2, 0x30, 0x00, 0x00, 0x1d, 0x00, 0x00, 0x00, 0x00, 0x00, 0x00, 0x00, \
  0x15, 0x00, 0x00, 0x00, 0x73, 0x70, 0x61, 0x74, 0x69, 0x61, 0x6c, 0x3a, 0x3a, 0x64, 0x69, 0x73, \
  0x63, 0x6f, 0x3a, 0x3a, 0x54, 0x69, 0x6d, 0x65, 0x00, 0x00, 0x00, 0x00, 0x13, 0x00, 0x00, 0x00, \
  0x00, 0x00, 0xf2, 0x94, 0x49, 0x15, 0x3e, 0x3b, 0xcc, 0xbf, 0x99, 0x7f, 0x5f, 0x9a, 0x48, 0x69, \
  0x55, 0x00, 0x00, 0xf2, 0x94, 0x49, 0x15, 0x3e, 0x3b, 0xcc, 0xbf, 0x99, 0x7f, 0x5f, 0x9a, 0x48, \
  0x69, 0x55, 0x00, 0x00, 0x5a, 0x00, 0x00, 0x00, 0xf2, 0x51, 0x02, 0x00, 0x16, 0x00, 0x00, 0x00, \
  0x00, 0x00, 0x00, 0x00, 0x0e, 0x00, 0x00, 0x00, 0x62, 0x75, 0x69, 0x6c, 0x74, 0x69, 0x6e, 0x3a, \
  0x3a, 0x54, 0x69, 0x6d, 0x65, 0x00, 0x00, 0x00, 0x36, 0x00, 0x00, 0x00, 0x02, 0x00, 0x00, 0x00, \
  0x12, 0x00, 0x00, 0x00, 0x00, 0x00, 0x00, 0x00, 0x01, 0x00, 0x05, 0x00, 0x04, 0x00, 0x00, 0x00, \
  0x73, 0x65, 0x63, 0x00, 0x00, 0x00, 0x00, 0x00, 0x16, 0x00, 0x00, 0x00, 0x01, 0x00, 0x00, 0x00, \
  0x01, 0x00, 0x07, 0x00, 0x08, 0x00, 0x00, 0x00, 0x6e, 0x61, 0x6e, 0x6f, 0x73, 0x65, 0x63, 0x00, \
  0x00, 0x00, 0x00, 0x00, 0xa8, 0x01, 0x00, 0x00, 0x0e, 0x00, 0x00, 0x00, 0xf2, 0x13, 0x55, 0x21, \
  0xfd, 0xa0, 0xfd, 0x8f, 0x81, 0x24, 0xc4, 0x73, 0xf8, 0x17, 0x08, 0xf1, 0xa2, 0xbe, 0x5d, 0x60, \
  0x34, 0x22, 0xbf, 0xb4, 0x12, 0xaa, 0x40, 0x4a, 0x0f, 0x52, 0xf2, 0x95, 0xe0, 0x91, 0x4a, 0x1c, \
  0xd7, 0xee, 0x0c, 0x72, 0x69, 0xb8, 0x85, 0xc2, 0x0b, 0xf1, 0x5e, 0x2a, 0x90, 0x68, 0xd9, 0x9b, \
  0xfc, 0xe3, 0xb6, 0x68, 0x20, 0xbf, 0xad, 0xd1, 0xf2, 0x1d, 0x8d, 0x59, 0xb6, 0x80, 0x08, 0x51, \
  0xa4, 0x2c, 0xa5, 0xd5, 0x12, 0x3f, 0xb5, 0xf1, 0xed, 0x1f, 0xa2, 0x38, 0x3b, 0xf6, 0x16, 0xb5, \
  0xa3, 0x73, 0x6b, 0xfe, 0x95, 0xda, 0xf2, 0x33, 0x31, 0x48, 0x03, 0xc0, 0x2a, 0x9f, 0x03, 0x4f, \
  0x40, 0xd5, 0x93, 0xd3, 0xd5, 0xf1, 0xe9, 0x4a, 0x7a, 0x28, 0x52, 0xd4, 0x2a, 0xed, 0xe3, 0xcf, \
  0x7e, 0xf8, 0xea, 0x8a, 0xf2, 0x91, 0x38, 0x0c, 0xde, 0xf8, 0x67, 0x8f, 0xc8, 0x8b, 0xa2, 0x83, \
  0x62, 0xe5, 0xa7, 0xf1, 0x12, 0x69, 0x2f, 0xb5, 0x69, 0x7b, 0xe7, 0x28, 0x99, 0xb2, 0x36, 0x0f, \
  0x3d, 0xa7, 0xf2, 0xaa, 0xea, 0xdb, 0xbe, 0x20, 0x73, 0x26, 0x70, 0x8f, 0xaa, 0x55, 0xe2, 0x57, \
  0x42, 0xf1, 0xc7, 0x1e, 0x1d, 0x76, 0x25, 0xc2, 0x57, 0x77, 0xb1, 0x10, 0xe6, 0xf0, 0x3d, 0xa3, \
  0xf2, 0xc4, 0xed, 0x19, 0xab, 0x3c, 0x92, 0x34, 0xf6, 0xcb, 0xcb, 0x48, 0x87, 0xbd, 0x12, 0xf1, \
  0xc3, 0x45, 0x6b, 0x54, 0x39, 0x78, 0x18, 0x9c, 0xb4, 0x6e, 0x91, 0x1d, 0x73, 0x12, 0xf2, 0x48, \
  0xfc, 0x98, 0x78, 0x6e, 0x5f, 0x45, 0x5f, 0xdf, 0xbc, 0x9e, 0xb3, 0xa3, 0xde, 0xf1, 0xca, 0x17, \
  0xfa, 0xc2, 0xd2, 0xb0, 0xec, 0x46, 0x95, 0x91, 0x10, 0xf9, 0x01, 0x5e, 0xf2, 0xe0, 0x05, 0x25, \
  0x6f, 0x56, 0x5c, 0x85, 0x7d, 0x1a, 0x24, 0xf0, 0xc1, 0xbd, 0x10, 0xf1, 0xa6, 0x55, 0x48, 0x0e, \
  0x0a, 0x08, 0x99, 0x4f, 0xe4, 0x13, 0x37, 0xd3, 0xb5, 0x08, 0xf2, 0x31, 0x10, 0x0b, 0x3d, 0x14, \
  0x9a, 0xc3, 0x73, 0x58, 0xa2, 0x3c, 0xd8, 0xdf, 0x0d, 0xf1, 0x07, 0xdf, 0x2d, 0x0b, 0xf4, 0xea, \
  0xbd, 0x76, 0x34, 0x6f, 0x71, 0xc2, 0x15, 0x99, 0xf2, 0x65, 0x97, 0x0c, 0xfc, 0xac, 0x6c, 0x04, \
  0x48, 0xe7, 0x4d, 0x43, 0x89, 0x52, 0x31, 0xf1, 0xba, 0x3c, 0xeb, 0xdf, 0x4e, 0x99, 0x9e, 0x69, \
  0x58, 0x8e, 0x74, 0xb2, 0xae, 0xcc, 0xf2, 0x35, 0x6a, 0x2d, 0x76, 0xb1, 0xf8, 0x99, 0xe0, 0x65, \
  0xf5, 0xa6, 0x42, 0x18, 0x51, 0xf1, 0xce, 0xfa, 0xd7, 0x48, 0xf7, 0x25, 0xa0, 0x47, 0xf9, 0xcb, \
  0x29, 0x0f, 0x65, 0x6f, 0xf2, 0xb7, 0xe0, 0x95, 0xff, 0x1d, 0x45, 0x4d, 0x98, 0xde, 0x9c, 0xe1, \
  0x91, 0xd9, 0x58, 0xf1, 0x57, 0x5f, 0x4b, 0x08, 0xf8, 0x9a, 0xbb, 0x3b, 0x1c, 0x46, 0x2c, 0x73, \
  0x44, 0xa1, 0xf2, 0x94, 0x49, 0x15, 0x3e, 0x3b, 0xcc, 0xbf, 0x99, 0x7f, 0x5f, 0x9a, 0x48, 0x69, \
  0x55, 0xf1, 0x46, 0x07, 0x51, 0x88, 0x68, 0x07, 0x8e, 0x86, 0x24, 0xf2, 0x43, 0x0b, 0xe8, 0x46\
}
#define TYPE_MAP_CDR_SZ_spatial_disco_ServiceSummary 4528u
const dds_topic_descriptor_t spatial_disco_ServiceSummary_desc =
{
  .m_size = sizeof (spatial_disco_ServiceSummary),
  .m_align = dds_alignof (spatial_disco_ServiceSummary),
  .m_flagset = DDS_TOPIC_XTYPES_METADATA,
  .m_nkeys = 0u,
  .m_typename = "spatial::disco::ServiceSummary",
  .m_keys = NULL,
  .m_nops = sizeof (spatial_disco_ServiceSummary_ops) / sizeof (spatial_disco_ServiceSummary_ops[0]),
  .m_ops = spatial_disco_ServiceSummary_ops,
  .m_meta = "",
  .type_information = { .data = TYPE_INFO_CDR_spatial_disco_ServiceSummary, .sz = TYPE_INFO_CDR_SZ_spatial_disco_ServiceSummary },
  .type_mapping = { .data = TYPE_MAP_CDR_spatial_disco_ServiceSummary, .sz = TYPE_MAP_CDR_SZ_spatial_disco_ServiceSummary }
};

#if defined(_MSC_VER) && (_MSC_VER > 1943)
__pragma(warning(push))
__pragma(warning(disable: 5287))
#endif
static const uint32_t spatial_disco_CoverageResponse_ops [] =
{
  /* CoverageResponse */
  DDS_OP_DLC,
  DDS_OP_ADR | DDS_OP_TYPE_STR, offsetof (spatial_disco_CoverageResponse, query_id),
  DDS_OP_ADR | DDS_OP_TYPE_BSQ | DDS_OP_SUBTYPE_STU, offsetof (spatial_disco_CoverageResponse, results), 256u, sizeof (spatial_disco_ServiceSummary), (5u << 16u) + 8u /* ServiceSummary */,
  DDS_OP_ADR | DDS_OP_TYPE_STR, offsetof (spatial_disco_CoverageResponse, next_page_token),
  DDS_OP_RTS,

  /* ServiceSummary */
  DDS_OP_DLC,
  DDS_OP_ADR | DDS_OP_TYPE_STR, offsetof (spatial_disco_ServiceSummary, service_id),
  DDS_OP_ADR | DDS_OP_TYPE_ENU | (2 << DDS_OP_FLAG_SZ_SHIFT), offsetof (spatial_disco_ServiceSummary, kind), 7u,
  DDS_OP_ADR | DDS_OP_TYPE_STR, offsetof (spatial_disco_ServiceSummary, name),
  DDS_OP_ADR | DDS_OP_TYPE_STR, offsetof (spatial_disco_ServiceSummary, manifest_uri),
  DDS_OP_ADR | DDS_OP_TYPE_BSQ | DDS_OP_SUBTYPE_STU, offsetof (spatial_disco_ServiceSummary, coverage), 4u, sizeof (spatial_disco_CoverageElement), (5u << 16u) + 14u /* CoverageElement */,
  DDS_OP_ADR | DDS_OP_TYPE_EXT, offsetof (spatial_disco_ServiceSummary, coverage_frame_ref), (3u << 16u) + 48u /* FrameRef */,
  DDS_OP_ADR | DDS_OP_TYPE_EXT, offsetof (spatial_disco_ServiceSummary, stamp), (3u << 16u) + 56u /* Time */,
  DDS_OP_ADR | DDS_OP_TYPE_4BY, offsetof (spatial_disco_ServiceSummary, ttl_sec),
  DDS_OP_RTS,

  /* CoverageElement */
  DDS_OP_DLC,
  DDS_OP_ADR | DDS_OP_TYPE_BLN, offsetof (spatial_disco_CoverageElement, has_crs),
  DDS_OP_ADR | DDS_OP_TYPE_STR, offsetof (spatial_disco_CoverageElement, crs),
  DDS_OP_ADR | DDS_OP_TYPE_BLN, offsetof (spatial_disco_CoverageElement, has_bbox),
  DDS_OP_ADR | DDS_OP_TYPE_ARR | DDS_OP_SUBTYPE_8BY | DDS_OP_FLAG_FP, offsetof (spatial_disco_CoverageElement, bbox), 4u,
  DDS_OP_ADR | DDS_OP_TYPE_BLN, offsetof (spatial_disco_CoverageElement, has_aabb),
  DDS_OP_ADR | DDS_OP_TYPE_EXT, offsetof (spatial_disco_CoverageElement, aabb), (3u << 16u) + 19u /* Aabb3 */,
  DDS_OP_ADR | DDS_OP_TYPE_BLN, offsetof (spatial_disco_CoverageElement, global),
  DDS_OP_ADR | DDS_OP_TYPE_BLN, offsetof (spatial_disco_CoverageElement, has_frame_ref),
  DDS_OP_ADR | DDS_OP_TYPE_EXT, offsetof (spatial_disco_CoverageElement, frame_ref), (3u << 16u) + 20u /* FrameRef */,
  DDS_OP_ADR | DDS_OP_TYPE_BLN, offsetof (spatial_disco_CoverageElement, has_coverage_window),
  DDS_OP_ADR | DDS_OP_TYPE_EXT, offsetof (spatial_disco_CoverageElement, coverage_window_start), (3u << 16u) + 26u /* Time */,
  DDS_OP_ADR | DDS_OP_TYPE_EXT, offsetof (spatial_disco_CoverageElement, coverage_window_end), (3u << 16u) + 23u /* Time */,
  DDS_OP_RTS,

  /* Aabb3 */
  DDS_OP_DLC,
  DDS_OP_ADR | DDS_OP_TYPE_ARR | DDS_OP_SUBTYPE_8BY | DDS_OP_FLAG_FP, offsetof (spatial_core_Aabb3, min_xyz), 3u,
  DDS_OP_ADR | DDS_OP_TYPE_ARR | DDS_OP_SUBTYPE_8BY | DDS_OP_FLAG_FP, offsetof (spatial_core_Aabb3, max_xyz), 3u,
  DDS_OP_RTS,

  /* FrameRef */
  DDS_OP_DLC,
  DDS_OP_ADR | DDS_OP_TYPE_STR, offsetof (spatial_common_FrameRef, uuid),
  DDS_OP_ADR | DDS_OP_TYPE_STR, offsetof (spatial_common_FrameRef, fqn),
  DDS_OP_ADR | DDS_OP_TYPE_BLN, offsetof (spatial_common_FrameRef, has_coord_convention),
  DDS_OP_ADR | DDS_OP_TYPE_ENU | (2 << DDS_OP_FLAG_SZ_SHIFT), offsetof (spatial_common_FrameRef, coord_convention), 5u,
  DDS_OP_RTS,

  /* Time */
  DDS_OP_DLC,
  DDS_OP_ADR | DDS_OP_TYPE_8BY | DDS_OP_FLAG_SGN, offsetof (builtin_Time, sec),
  DDS_OP_ADR | DDS_OP_TYPE_4BY, offsetof (builtin_Time, nanosec),
  DDS_OP_RTS
};

#if defined(_MSC_VER) && (_MSC_VER > 1943)
__pragma(warning(pop))
#endif
/* Type Information:
  [MINIMAL 5b227b3c55bf4c10fa7eff8392ea] (#deps: 14)
   - [MINIMAL a2be5d603422bfb412aa404a0f52]
   - [MINIMAL 5e2a9068d99bfce3b66820bfadd1]
   - [MINIMAL ed1fa2383bf616b5a3736bfe95da]
   - [MINIMAL e94a7a2852d42aede3cf7ef8ea8a]
   - [MINIMAL 12692fb5697be72899b2360f3da7]
   - [MINIMAL c71e1d7625c25777b110e6f03da3]
   - [MINIMAL c3456b543978189cb46e911d7312]
   - [MINIMAL ca17fac2d2b0ec46959110f9015e]
   - [MINIMAL a655480e0a08994fe41337d3b508]
   - [MINIMAL 07df2d0bf4eabd76346f71c21599]
   - [MINIMAL ba3cebdf4e999e69588e74b2aecc]
   - [MINIMAL cefad748f725a047f9cb290f656f]
   - [MINIMAL 575f4b08f89abb3b1c462c7344a1]
   - [MINIMAL 4607518868078e8624f2430be846]
  [COMPLETE e97af2bf235dd5c3ea714c7938a7] (#deps: 14)
   - [COMPLETE 135521fda0fd8f8124c473f81708]
   - [COMPLETE 95e0914a1cd7ee0c7269b885c20b]
   - [COMPLETE 1d8d59b6800851a42ca5d5123fb5]
   - [COMPLETE 33314803c02a9f034f40d593d3d5]
   - [COMPLETE 91380cdef8678fc88ba28362e5a7]
   - [COMPLETE aaeadbbe207326708faa55e25742]
   - [COMPLETE c4ed19ab3c9234f6cbcb4887bd12]
   - [COMPLETE 48fc98786e5f455fdfbc9eb3a3de]
   - [COMPLETE e005256f565c857d1a24f0c1bd10]
   - [COMPLETE 31100b3d149ac37358a23cd8df0d]
   - [COMPLETE 65970cfcac6c0448e74d43895231]
   - [COMPLETE 356a2d76b1f899e065f5a6421851]
   - [COMPLETE b7e095ff1d454d98de9ce191d958]
   - [COMPLETE 9449153e3bccbf997f5f9a486955]
*/
#define TYPE_INFO_CDR_spatial_disco_CoverageResponse (const unsigned char []){ \
  0x00, 0x03, 0x00, 0x00, 0x01, 0x10, 0x00, 0x40, 0x78, 0x01, 0x00, 0x00, 0x74, 0x01, 0x00, 0x00, \
  0x14, 0x00, 0x00, 0x00, 0xf1, 0x5b, 0x22, 0x7b, 0x3c, 0x55, 0xbf, 0x4c, 0x10, 0xfa, 0x7e, 0xff, \
  0x83, 0x92, 0xea, 0x00, 0x60, 0x00, 0x00, 0x00, 0x0e, 0x00, 0x00, 0x00, 0x54, 0x01, 0x00, 0x00, \
  0x0e, 0x00, 0x00, 0x00, 0x14, 0x00, 0x00, 0x00, 0xf1, 0xa2, 0xbe, 0x5d, 0x60, 0x34, 0x22, 0xbf, \
  0xb4, 0x12, 0xaa, 0x40, 0x4a, 0x0f, 0x52, 0x00, 0xeb, 0x00, 0x00, 0x00, 0x14, 0x00, 0x00, 0x00, \
  0xf1, 0x5e, 0x2a, 0x90, 0x68, 0xd9, 0x9b, 0xfc, 0xe3, 0xb6, 0x68, 0x20, 0xbf, 0xad, 0xd1, 0x00, \
  0xb6, 0x00, 0x00, 0x00, 0x14, 0x00, 0x00, 0x00, 0xf1, 0xed, 0x1f, 0xa2, 0x38, 0x3b, 0xf6, 0x16, \
  0xb5, 0xa3, 0x73, 0x6b, 0xfe, 0x95, 0xda, 0x00, 0x14, 0x00, 0x00, 0x00, 0x14, 0x00, 0x00, 0x00, \
  0xf1, 0xe9, 0x4a, 0x7a, 0x28, 0x52, 0xd4, 0x2a, 0xed, 0xe3, 0xcf, 0x7e, 0xf8, 0xea, 0x8a, 0x00, \
  0x25, 0x01, 0x00, 0x00, 0x14, 0x00, 0x00, 0x00, 0xf1, 0x12, 0x69, 0x2f, 0xb5, 0x69, 0x7b, 0xe7, \
  0x28, 0x99, 0xb2, 0x36, 0x0f, 0x3d, 0xa7, 0x00, 0x1e, 0x00, 0x00, 0x00, 0x14, 0x00, 0x00, 0x00, \
  0xf1, 0xc7, 0x1e, 0x1d, 0x76, 0x25, 0xc2, 0x57, 0x77, 0xb1, 0x10, 0xe6, 0xf0, 0x3d, 0xa3, 0x00, \
  0x21, 0x00, 0x00, 0x00, 0x14, 0x00, 0x00, 0x00, 0xf1, 0xc3, 0x45, 0x6b, 0x54, 0x39, 0x78, 0x18, \
  0x9c, 0xb4, 0x6e, 0x91, 0x1d, 0x73, 0x12, 0x00, 0x55, 0x00, 0x00, 0x00, 0x14, 0x00, 0x00, 0x00, \
  0xf1, 0xca, 0x17, 0xfa, 0xc2, 0xd2, 0xb0, 0xec, 0x46, 0x95, 0x91, 0x10, 0xf9, 0x01, 0x5e, 0x00, \
  0x1e, 0x00, 0x00, 0x00, 0x14, 0x00, 0x00, 0x00, 0xf1, 0xa6, 0x55, 0x48, 0x0e, 0x0a, 0x08, 0x99, \
  0x4f, 0xe4, 0x13, 0x37, 0xd3, 0xb5, 0x08, 0x00, 0x21, 0x00, 0x00, 0x00, 0x14, 0x00, 0x00, 0x00, \
  0xf1, 0x07, 0xdf, 0x2d, 0x0b, 0xf4, 0xea, 0xbd, 0x76, 0x34, 0x6f, 0x71, 0xc2, 0x15, 0x99, 0x00, \
  0x21, 0x00, 0x00, 0x00, 0x14, 0x00, 0x00, 0x00, 0xf1, 0xba, 0x3c, 0xeb, 0xdf, 0x4e, 0x99, 0x9e, \
  0x69, 0x58, 0x8e, 0x74, 0xb2, 0xae, 0xcc, 0x00, 0x65, 0x00, 0x00, 0x00, 0x14, 0x00, 0x00, 0x00, \
  0xf1, 0xce, 0xfa, 0xd7, 0x48, 0xf7, 0x25, 0xa0, 0x47, 0xf9, 0xcb, 0x29, 0x0f, 0x65, 0x6f, 0x00, \
  0x8e, 0x00, 0x00, 0x00, 0x14, 0x00, 0x00, 0x00, 0xf1, 0x57, 0x5f, 0x4b, 0x08, 0xf8, 0x9a, 0xbb, \
  0x3b, 0x1c, 0x46, 0x2c, 0x73, 0x44, 0xa1, 0x00, 0x21, 0x00, 0x00, 0x00, 0x14, 0x00, 0x00, 0x00, \
  0xf1, 0x46, 0x07, 0x51, 0x88, 0x68, 0x07, 0x8e, 0x86, 0x24, 0xf2, 0x43, 0x0b, 0xe8, 0x46, 0x00, \
  0x37, 0x00, 0x00, 0x00, 0x02, 0x10, 0x00, 0x40, 0x78, 0x01, 0x00, 0x00, 0x74, 0x01, 0x00, 0x00, \
  0x14, 0x00, 0x00, 0x00, 0xf2, 0xe9, 0x7a, 0xf2, 0xbf, 0x23, 0x5d, 0xd5, 0xc3, 0xea, 0x71, 0x4c, \
  0x79, 0x38, 0xa7, 0x00, 0xb2, 0x00, 0x00, 0x00, 0x0e, 0x00, 0x00, 0x00, 0x54, 0x01, 0x00, 0x00, \
  0x0e, 0x00, 0x00, 0x00, 0x14, 0x00, 0x00, 0x00, 0xf2, 0x13, 0x55, 0x21, 0xfd, 0xa0, 0xfd, 0x8f, \
  0x81, 0x24, 0xc4, 0x73, 0xf8, 0x17, 0x08, 0x00, 0x76, 0x01, 0x00, 0x00, 0x14, 0x00, 0x00, 0x00, \
  0xf2, 0x95, 0xe0, 0x91, 0x4a, 0x1c, 0xd7, 0xee, 0x0c, 0x72, 0x69, 0xb8, 0x85, 0xc2, 0x0b, 0x00, \
  0x38, 0x01, 0x00, 0x00, 0x14, 0x00, 0x00, 0x00, 0xf2, 0x1d, 0x8d, 0x59, 0xb6, 0x80, 0x08, 0x51, \
  0xa4, 0x2c, 0xa5, 0xd5, 0x12, 0x3f, 0xb5, 0x00, 0x3a, 0x00, 0x00, 0x00, 0x14, 0x00, 0x00, 0x00, \
  0xf2, 0x33, 0x31, 0x48, 0x03, 0xc0, 0x2a, 0x9f, 0x03, 0x4f, 0x40, 0xd5, 0x93, 0xd3, 0xd5, 0x00, \
  0xf6, 0x01, 0x00, 0x00, 0x14, 0x00, 0x00, 0x00, 0xf2, 0x91, 0x38, 0x0c, 0xde, 0xf8, 0x67, 0x8f, \
  0xc8, 0x8b, 0xa2, 0x83, 0x62, 0xe5, 0xa7, 0x00, 0x40, 0x00, 0x00, 0x00, 0x14, 0x00, 0x00, 0x00, \
  0xf2, 0xaa, 0xea, 0xdb, 0xbe, 0x20, 0x73, 0x26, 0x70, 0x8f, 0xaa, 0x55, 0xe2, 0x57, 0x42, 0x00, \
  0x43, 0x00, 0x00, 0x00, 0x14, 0x00, 0x00, 0x00, 0xf2, 0xc4, 0xed, 0x19, 0xab, 0x3c, 0x92, 0x34, \
  0xf6, 0xcb, 0xcb, 0x48, 0x87, 0xbd, 0x12, 0x00, 0x8a, 0x00, 0x00, 0x00, 0x14, 0x00, 0x00, 0x00, \
  0xf2, 0x48, 0xfc, 0x98, 0x78, 0x6e, 0x5f, 0x45, 0x5f, 0xdf, 0xbc, 0x9e, 0xb3, 0xa3, 0xde, 0x00, \
  0x40, 0x00, 0x00, 0x00, 0x14, 0x00, 0x00, 0x00, 0xf2, 0xe0, 0x05, 0x25, 0x6f, 0x56, 0x5c, 0x85, \
  0x7d, 0x1a, 0x24, 0xf0, 0xc1, 0xbd, 0x10, 0x00, 0x47, 0x00, 0x00, 0x00, 0x14, 0x00, 0x00, 0x00, \
  0xf2, 0x31, 0x10, 0x0b, 0x3d, 0x14, 0x9a, 0xc3, 0x73, 0x58, 0xa2, 0x3c, 0xd8, 0xdf, 0x0d, 0x00, \
  0x43, 0x00, 0x00, 0x00, 0x14, 0x00, 0x00, 0x00, 0xf2, 0x65, 0x97, 0x0c, 0xfc, 0xac, 0x6c, 0x04, \
  0x48, 0xe7, 0x4d, 0x43, 0x89, 0x52, 0x31, 0x00, 0xc3, 0x00, 0x00, 0x00, 0x14, 0x00, 0x00, 0x00, \
  0xf2, 0x35, 0x6a, 0x2d, 0x76, 0xb1, 0xf8, 0x99, 0xe0, 0x65, 0xf5, 0xa6, 0x42, 0x18, 0x51, 0x00, \
  0xf0, 0x00, 0x00, 0x00, 0x14, 0x00, 0x00, 0x00, 0xf2, 0xb7, 0xe0, 0x95, 0xff, 0x1d, 0x45, 0x4d, \
  0x98, 0xde, 0x9c, 0xe1, 0x91, 0xd9, 0x58, 0x00, 0x43, 0x00, 0x00, 0x00, 0x14, 0x00, 0x00, 0x00, \
  0xf2, 0x94, 0x49, 0x15, 0x3e, 0x3b, 0xcc, 0xbf, 0x99, 0x7f, 0x5f, 0x9a, 0x48, 0x69, 0x55, 0x00, \
  0x5e, 0x00, 0x00, 0x00\
}
#define TYPE_INFO_CDR_SZ_spatial_disco_CoverageResponse 772u
#define TYPE_MAP_CDR_spatial_disco_CoverageResponse (const unsigned char []){ \
  0x6f, 0x06, 0x00, 0x00, 0x0f, 0x00, 0x00, 0x00, 0xf1, 0x5b, 0x22, 0x7b, 0x3c, 0x55, 0xbf, 0x4c, \
  0x10, 0xfa, 0x7e, 0xff, 0x83, 0x92, 0xea, 0x00, 0x5c, 0x00, 0x00, 0x00, 0xf1, 0x51, 0x02, 0x00, \
  0x01, 0x00, 0x00, 0x00, 0x00, 0x00, 0x00, 0x00, 0x4c, 0x00, 0x00, 0x00, 0x03, 0x00, 0x00, 0x00, \
  0x0c, 0x00, 0x00, 0x00, 0x00, 0x00, 0x00, 0x00, 0x01, 0x00, 0x70, 0x00, 0x0b, 0xbe, 0xda, 0x9c, \
  0x23, 0x00, 0x00, 0x00, 0x01, 0x00, 0x00, 0x00, 0x01, 0x00, 0x81, 0xf1, 0x01, 0x00, 0x00, 0x00, \
  0x00, 0x01, 0x00, 0x00, 0xf1, 0xa2, 0xbe, 0x5d, 0x60, 0x34, 0x22, 0xbf, 0xb4, 0x12, 0xaa, 0x40, \
  0x4a, 0x0f, 0x52, 0x53, 0xe6, 0x13, 0x36, 0x00, 0x0c, 0x00, 0x00, 0x00, 0x02, 0x00, 0x00, 0x00, \
  0x01, 0x00, 0x70, 0x00, 0x40, 0x09, 0xee, 0xdb, 0xf1, 0xa2, 0xbe, 0x5d, 0x60, 0x34, 0x22, 0xbf, \
  0xb4, 0x12, 0xaa, 0x40, 0x4a, 0x0f, 0x52, 0x00, 0xe7, 0x00, 0x00, 0x00, 0xf1, 0x51, 0x02, 0x00, \
  0x01, 0x00, 0x00, 0x00, 0x00, 0x00, 0x00, 0x00, 0xd7, 0x00, 0x00, 0x00, 0x08, 0x00, 0x00, 0x00, \
  0x0c, 0x00, 0x00, 0x00, 0x00, 0x00, 0x00, 0x00, 0x01, 0x00, 0x70, 0x00, 0xb0, 0xdc, 0x1e, 0x29, \
  0x19, 0x00, 0x00, 0x00, 0x01, 0x00, 0x00, 0x00, 0x01, 0x00, 0xf1, 0x5e, 0x2a, 0x90, 0x68, 0xd9, \
  0x9b, 0xfc, 0xe3, 0xb6, 0x68, 0x20, 0xbf, 0xad, 0xd1, 0xd9, 0x39, 0xaa, 0xf7, 0x00, 0x00, 0x00, \
  0x0c, 0x00, 0x00, 0x00, 0x02, 0x00, 0x00, 0x00, 0x01, 0x00, 0x70, 0x00, 0xb0, 0x68, 0x93, 0x1c, \
  0x19, 0x00, 0x00, 0x00, 0x03, 0x00, 0x00, 0x00, 0x01, 0x00, 0xf1, 0xed, 0x1f, 0xa2, 0x38, 0x3b, \
  0xf6, 0x16, 0xb5, 0xa3, 0x73, 0x6b, 0xfe, 0x95, 0xda, 0x4d, 0x30, 0x0f, 0xcc, 0x00, 0x00, 0x00, \
  0x1e, 0x00, 0x00, 0x00, 0x04, 0x00, 0x00, 0x00, 0x01, 0x00, 0x80, 0xf1, 0x01, 0x00, 0x04, 0xf1, \
  0xe9, 0x4a, 0x7a, 0x28, 0x52, 0xd4, 0x2a, 0xed, 0xe3, 0xcf, 0x7e, 0xf8, 0xea, 0x8a, 0x60, 0x63, \
  0x4b, 0xaf, 0x00, 0x00, 0x19, 0x00, 0x00, 0x00, 0x05, 0x00, 0x00, 0x00, 0x01, 0x00, 0xf1, 0xa6, \
  0x55, 0x48, 0x0e, 0x0a, 0x08, 0x99, 0x4f, 0xe4, 0x13, 0x37, 0xd3, 0xb5, 0x08, 0x8a, 0x44, 0x07, \
  0x2e, 0x00, 0x00, 0x00, 0x19, 0x00, 0x00, 0x00, 0x06, 0x00, 0x00, 0x00, 0x01, 0x00, 0xf1, 0x57, \
  0x5f, 0x4b, 0x08, 0xf8, 0x9a, 0xbb, 0x3b, 0x1c, 0x46, 0x2c, 0x73, 0x44, 0xa1, 0x96, 0xb8, 0xc7, \
  0x8d, 0x00, 0x00, 0x00, 0x0b, 0x00, 0x00, 0x00, 0x07, 0x00, 0x00, 0x00, 0x01, 0x00, 0x07, 0xe0, \
  0x0c, 0xfb, 0x0e, 0xf1, 0x5e, 0x2a, 0x90, 0x68, 0xd9, 0x9b, 0xfc, 0xe3, 0xb6, 0x68, 0x20, 0xbf, \
  0xad, 0xd1, 0x00, 0x00, 0xb2, 0x00, 0x00, 0x00, 0xf1, 0x40, 0x01, 0x00, 0x02, 0x00, 0x00, 0x00, \
  0x20, 0x00, 0x00, 0x00, 0xa2, 0x00, 0x00, 0x00, 0x08, 0x00, 0x00, 0x00, 0x0e, 0x00, 0x00, 0x00, \
  0x06, 0x00, 0x00, 0x00, 0x00, 0x00, 0x00, 0x00, 0x40, 0x00, 0xb7, 0x4d, 0x20, 0x78, 0x00, 0x00, \
  0x0e, 0x00, 0x00, 0x00, 0x06, 0x00, 0x00, 0x00, 0x01, 0x00, 0x00, 0x00, 0x00, 0x00, 0x2f, 0xa3, \
  0x99, 0xf1, 0x00, 0x00, 0x0e, 0x00, 0x00, 0x00, 0x06, 0x00, 0x00, 0x00, 0x02, 0x00, 0x00, 0x00, \
  0x00, 0x00, 0x72, 0x07, 0x5d, 0xc2, 0x00, 0x00, 0x0e, 0x00, 0x00, 0x00, 0x06, 0x00, 0x00, 0x00, \
  0x03, 0x00, 0x00, 0x00, 0x00, 0x00, 0x2e, 0x40, 0x14, 0xaa, 0x00, 0x00, 0x0e, 0x00, 0x00, 0x00, \
  0x06, 0x00, 0x00, 0x00, 0x04, 0x00, 0x00, 0x00, 0x00, 0x00, 0x75, 0x4a, 0x5d, 0x43, 0x00, 0x00, \
  0x0e, 0x00, 0x00, 0x00, 0x06, 0x00, 0x00, 0x00, 0x05, 0x00, 0x00, 0x00, 0x00, 0x00, 0x45, 0x68, \
  0x5e, 0x95, 0x00, 0x00, 0x0e, 0x00, 0x00, 0x00, 0x06, 0x00, 0x00, 0x00, 0x06, 0x00, 0x00, 0x00, \
  0x00, 0x00, 0xa4, 0xb4, 0x37, 0xe2, 0x00, 0x00, 0x0e, 0x00, 0x00, 0x00, 0x06, 0x00, 0x00, 0x00, \
  0x07, 0x00, 0x00, 0x00, 0x00, 0x00, 0x03, 0x57, 0x04, 0x70, 0xf1, 0xed, 0x1f, 0xa2, 0x38, 0x3b, \
  0xf6, 0x16, 0xb5, 0xa3, 0x73, 0x6b, 0xfe, 0x95, 0xda, 0x00, 0x00, 0x00, 0x10, 0x00, 0x00, 0x00, \
  0xf1, 0x30, 0x00, 0x00, 0x00, 0x00, 0x00, 0x00, 0x04, 0x00, 0x00, 0x00, 0x00, 0x00, 0x70, 0x00, \
  0xf1, 0xe9, 0x4a, 0x7a, 0x28, 0x52, 0xd4, 0x2a, 0xed, 0xe3, 0xcf, 0x7e, 0xf8, 0xea, 0x8a, 0x00, \
  0x21, 0x01, 0x00, 0x00, 0xf1, 0x51, 0x02, 0x00, 0x01, 0x00, 0x00, 0x00, 0x00, 0x00, 0x00, 0x00, \
  0x11, 0x01, 0x00, 0x00, 0x0c, 0x00, 0x00, 0x00, 0x0b, 0x00, 0x00, 0x00, 0x00, 0x00, 0x00, 0x00, \
  0x01, 0x00, 0x01, 0x30, 0x42, 0x90, 0x96, 0x00, 0x0c, 0x00, 0x00, 0x00, 0x01, 0x00, 0x00, 0x00, \
  0x01, 0x00, 0x70, 0x00, 0x29, 0xfa, 0x19, 0xe7, 0x0b, 0x00, 0x00, 0x00, 0x02, 0x00, 0x00, 0x00, \
  0x01, 0x00, 0x01, 0xc1, 0x66, 0xaf, 0x14, 0x00, 0x19, 0x00, 0x00, 0x00, 0x03, 0x00, 0x00, 0x00, \
  0x01, 0x00, 0xf1, 0x12, 0x69, 0x2f, 0xb5, 0x69, 0x7b, 0xe7, 0x28, 0x99, 0xb2, 0x36, 0x0f, 0x3d, \
  0xa7, 0x5b, 0xa7, 0x8e, 0xfe, 0x00, 0x00, 0x00, 0x0b, 0x00, 0x00, 0x00, 0x04, 0x00, 0x00, 0x00, \
  0x01, 0x00, 0x01, 0x42, 0x8d, 0x56, 0x5a, 0x00, 0x19, 0x00, 0x00, 0x00, 0x05, 0x00, 0x00, 0x00, \
  0x01, 0x00, 0xf1, 0xc7, 0x1e, 0x1d, 0x76, 0x25, 0xc2, 0x57, 0x77, 0xb1, 0x10, 0xe6, 0xf0, 0x3d, \
  0xa3, 0x5e, 0x39, 0x42, 0x81, 0x00, 0x00, 0x00, 0x0b, 0x00, 0x00, 0x00, 0x06, 0x00, 0x00, 0x00, \
  0x01, 0x00, 0x01, 0x9c, 0x70, 0x93, 0x3a, 0x00, 0x0b, 0x00, 0x00, 0x00, 0x07, 0x00, 0x00, 0x00, \
  0x01, 0x00, 0x01, 0x04, 0xa9, 0xa2, 0xf7, 0x00, 0x19, 0x00, 0x00, 0x00, 0x08, 0x00, 0x00, 0x00, \
  0x01, 0x00, 0xf1, 0xa6, 0x55, 0x48, 0x0e, 0x0a, 0x08, 0x99, 0x4f, 0xe4, 0x13, 0x37, 0xd3, 0xb5, \
  0x08, 0x91, 0xc9, 0xb0, 0xd8, 0x00, 0x00, 0x00, 0x0b, 0x00, 0x00, 0x00, 0x09, 0x00, 0x00, 0x00, \
  0x01, 0x00, 0x01, 0xbd, 0x4f, 0xb1, 0x27, 0x00, 0x19, 0x00, 0x00, 0x00, 0x0a, 0x00, 0x00, 0x00, \
  0x01, 0x00, 0xf1, 0x57, 0x5f, 0x4b, 0x08, 0xf8, 0x9a, 0xbb, 0x3b, 0x1c, 0x46, 0x2c, 0x73, 0x44, \
  0xa1, 0xae, 0x73, 0x9b, 0xfb, 0x00, 0x00, 0x00, 0x19, 0x00, 0x00, 0x00, 0x0b, 0x00, 0x00, 0x00, \
  0x01, 0x00, 0xf1, 0x57, 0x5f, 0x4b, 0x08, 0xf8, 0x9a, 0xbb, 0x3b, 0x1c, 0x46, 0x2c, 0x73, 0x44, \
  0xa1, 0x28, 0xb6, 0x02, 0xa3, 0xf1, 0x12, 0x69, 0x2f, 0xb5, 0x69, 0x7b, 0xe7, 0x28, 0x99, 0xb2, \
  0x36, 0x0f, 0x3d, 0xa7, 0x1a, 0x00, 0x00, 0x00, 0xf1, 0x30, 0x00, 0x00, 0x00, 0x00, 0x00, 0x00, \
  0x0e, 0x00, 0x00, 0x00, 0x00, 0x00, 0x90, 0xf3, 0x01, 0x00, 0x00, 0x00, 0x01, 0x00, 0x00, 0x00, \
  0x04, 0x0a, 0xf1, 0xc7, 0x1e, 0x1d, 0x76, 0x25, 0xc2, 0x57, 0x77, 0xb1, 0x10, 0xe6, 0xf0, 0x3d, \
  0xa3, 0x00, 0x00, 0x00, 0x1d, 0x00, 0x00, 0x00, 0xf1, 0x30, 0x00, 0x00, 0x00, 0x00, 0x00, 0x00, \
  0x11, 0x00, 0x00, 0x00, 0x00, 0x00, 0xf1, 0xc3, 0x45, 0x6b, 0x54, 0x39, 0x78, 0x18, 0x9c, 0xb4, \
  0x6e, 0x91, 0x1d, 0x73, 0x12, 0xf1, 0xc3, 0x45, 0x6b, 0x54, 0x39, 0x78, 0x18, 0x9c, 0xb4, 0x6e, \
  0x91, 0x1d, 0x73, 0x12, 0x51, 0x00, 0x00, 0x00, 0xf1, 0x51, 0x02, 0x00, 0x01, 0x00, 0x00, 0x00, \
  0x00, 0x00, 0x00, 0x00, 0x41, 0x00, 0x00, 0x00, 0x02, 0x00, 0x00, 0x00, 0x19, 0x00, 0x00, 0x00, \
  0x00, 0x00, 0x00, 0x00, 0x01, 0x00, 0xf1, 0xca, 0x17, 0xfa, 0xc2, 0xd2, 0xb0, 0xec, 0x46, 0x95, \
  0x91, 0x10, 0xf9, 0x01, 0x5e, 0xc7, 0x2f, 0xaf, 0x1b, 0x00, 0x00, 0x00, 0x19, 0x00, 0x00, 0x00, \
  0x01, 0x00, 0x00, 0x00, 0x01, 0x00, 0xf1, 0xca, 0x17, 0xfa, 0xc2, 0xd2, 0xb0, 0xec, 0x46, 0x95, \
  0x91, 0x10, 0xf9, 0x01, 0x5e, 0x36, 0x73, 0x37, 0x08, 0xf1, 0xca, 0x17, 0xfa, 0xc2, 0xd2, 0xb0, \
  0xec, 0x46, 0x95, 0x91, 0x10, 0xf9, 0x01, 0x5e, 0x1a, 0x00, 0x00, 0x00, 0xf1, 0x30, 0x00, 0x00, \
  0x00, 0x00, 0x00, 0x00, 0x0e, 0x00, 0x00, 0x00, 0x00, 0x00, 0x90, 0xf3, 0x01, 0x00, 0x00, 0x00, \
  0x01, 0x00, 0x00, 0x00, 0x03, 0x0a, 0xf1, 0xa6, 0x55, 0x48, 0x0e, 0x0a, 0x08, 0x99, 0x4f, 0xe4, \
  0x13, 0x37, 0xd3, 0xb5, 0x08, 0x00, 0x00, 0x00, 0x1d, 0x00, 0x00, 0x00, 0xf1, 0x30, 0x00, 0x00, \
  0x00, 0x00, 0x00, 0x00, 0x11, 0x00, 0x00, 0x00, 0x00, 0x00, 0xf1, 0x07, 0xdf, 0x2d, 0x0b, 0xf4, \
  0xea, 0xbd, 0x76, 0x34, 0x6f, 0x71, 0xc2, 0x15, 0x99, 0xf1, 0x07, 0xdf, 0x2d, 0x0b, 0xf4, 0xea, \
  0xbd, 0x76, 0x34, 0x6f, 0x71, 0xc2, 0x15, 0x99, 0x1d, 0x00, 0x00, 0x00, 0xf1, 0x30, 0x00, 0x00, \
  0x00, 0x00, 0x00, 0x00, 0x11, 0x00, 0x00, 0x00, 0x00, 0x00, 0xf1, 0xba, 0x3c, 0xeb, 0xdf, 0x4e, \
  0x99, 0x9e, 0x69, 0x58, 0x8e, 0x74, 0xb2, 0xae, 0xcc, 0xf1, 0xba, 0x3c, 0xeb, 0xdf, 0x4e, 0x99, \
  0x9e, 0x69, 0x58, 0x8e, 0x74, 0xb2, 0xae, 0xcc, 0x61, 0x00, 0x00, 0x00, 0xf1, 0x51, 0x02, 0x00, \
  0x01, 0x00, 0x00, 0x00, 0x00, 0x00, 0x00, 0x00, 0x51, 0x00, 0x00, 0x00, 0x04, 0x00, 0x00, 0x00, \
  0x0c, 0x00, 0x00, 0x00, 0x00, 0x00, 0x00, 0x00, 0x01, 0x00, 0x70, 0x00, 0xef, 0x7c, 0x87, 0x6f, \
  0x0c, 0x00, 0x00, 0x00, 0x01, 0x00, 0x00, 0x00, 0x01, 0x00, 0x70, 0x00, 0x50, 0x58, 0x17, 0xef, \
  0x0b, 0x00, 0x00, 0x00, 0x02, 0x00, 0x00, 0x00, 0x01, 0x00, 0x01, 0x4a, 0x03, 0x78, 0x6f, 0x00, \
  0x19, 0x00, 0x00, 0x00, 0x03, 0x00, 0x00, 0x00, 0x01, 0x00, 0xf1, 0xce, 0xfa, 0xd7, 0x48, 0xf7, \
  0x25, 0xa0, 0x47, 0xf9, 0xcb, 0x29, 0x0f, 0x65, 0x6f, 0x7e, 0x7f, 0x70, 0x7a, 0xf1, 0xce, 0xfa, \
  0xd7, 0x48, 0xf7, 0x25, 0xa0, 0x47, 0xf9, 0xcb, 0x29, 0x0f, 0x65, 0x6f, 0x8a, 0x00, 0x00, 0x00, \
  0xf1, 0x40, 0x01, 0x00, 0x02, 0x00, 0x00, 0x00, 0x20, 0x00, 0x00, 0x00, 0x7a, 0x00, 0x00, 0x00, \
  0x06, 0x00, 0x00, 0x00, 0x0e, 0x00, 0x00, 0x00, 0x06, 0x00, 0x00, 0x00, 0x00, 0x00, 0x00, 0x00, \
  0x40, 0x00, 0x39, 0x2b, 0x81, 0x0f, 0x00, 0x00, 0x0e, 0x00, 0x00, 0x00, 0x06, 0x00, 0x00, 0x00, \
  0x01, 0x00, 0x00, 0x00, 0x00, 0x00, 0xa5, 0xc8, 0xc3, 0x54, 0x00, 0x00, 0x0e, 0x00, 0x00, 0x00, \
  0x06, 0x00, 0x00, 0x00, 0x02, 0x00, 0x00, 0x00, 0x00, 0x00, 0x6f, 0x49, 0x44, 0x8c, 0x00, 0x00, \
  0x0e, 0x00, 0x00, 0x00, 0x06, 0x00, 0x00, 0x00, 0x03, 0x00, 0x00, 0x00, 0x00, 0x00, 0x68, 0x09, \
  0xbe, 0xd7, 0x00, 0x00, 0x0e, 0x00, 0x00, 0x00, 0x06, 0x00, 0x00, 0x00, 0x04, 0x00, 0x00, 0x00, \
  0x00, 0x00, 0xcd, 0x34, 0x59, 0xb2, 0x00, 0x00, 0x0e, 0x00, 0x00, 0x00, 0x06, 0x00, 0x00, 0x00, \
  0x05, 0x00, 0x00, 0x00, 0x00, 0x00, 0x03, 0x57, 0x04, 0x70, 0xf1, 0x57, 0x5f, 0x4b, 0x08, 0xf8, \
  0x9a, 0xbb, 0x3b, 0x1c, 0x46, 0x2c, 0x73, 0x44, 0xa1, 0x00, 0x00, 0x00, 0x1d, 0x00, 0x00, 0x00, \
  0xf1, 0x30, 0x00, 0x00, 0x00, 0x00, 0x00, 0x00, 0x11, 0x00, 0x00, 0x00, 0x00, 0x00, 0xf1, 0x46, \
  0x07, 0x51, 0x88, 0x68, 0x07, 0x8e, 0x86, 0x24, 0xf2, 0x43, 0x0b, 0xe8, 0x46, 0xf1, 0x46, 0x07, \
  0x51, 0x88, 0x68, 0x07, 0x8e, 0x86, 0x24, 0xf2, 0x43, 0x0b, 0xe8, 0x46, 0x33, 0x00, 0x00, 0x00, \
  0xf1, 0x51, 0x02, 0x00, 0x01, 0x00, 0x00, 0x00, 0x00, 0x00, 0x00, 0x00, 0x23, 0x00, 0x00, 0x00, \
  0x02, 0x00, 0x00, 0x00, 0x0b, 0x00, 0x00, 0x00, 0x00, 0x00, 0x00, 0x00, 0x01, 0x00, 0x05, 0x74, \
  0x45, 0x9c, 0xa3, 0x00, 0x0b, 0x00, 0x00, 0x00, 0x01, 0x00, 0x00, 0x00, 0x01, 0x00, 0x07, 0xe2, \
  0x04, 0x64, 0xd5, 0x00, 0xbe, 0x0a, 0x00, 0x00, 0x0f, 0x00, 0x00, 0x00, 0xf2, 0xe9, 0x7a, 0xf2, \
  0xbf, 0x23, 0x5d, 0xd5, 0xc3, 0xea, 0x71, 0x4c, 0x79, 0x38, 0xa7, 0x00, 0xae, 0x00, 0x00, 0x00, \
  0xf2, 0x51, 0x02, 0x00, 0x29, 0x00, 0x00, 0x00, 0x00, 0x00, 0x00, 0x00, 0x21, 0x00, 0x00, 0x00, \
  0x73, 0x70, 0x61, 0x74, 0x69, 0x61, 0x6c, 0x3a, 0x3a, 0x64, 0x69, 0x73, 0x63, 0x6f, 0x3a, 0x3a, \
  0x43, 0x6f, 0x76, 0x65, 0x72, 0x61, 0x67, 0x65, 0x52, 0x65, 0x73, 0x70, 0x6f, 0x6e, 0x73, 0x65, \
  0x00, 0x00, 0x00, 0x00, 0x76, 0x00, 0x00, 0x00, 0x03, 0x00, 0x00, 0x00, 0x17, 0x00, 0x00, 0x00, \
  0x00, 0x00, 0x00, 0x00, 0x01, 0x00, 0x70, 0x00, 0x09, 0x00, 0x00, 0x00, 0x71, 0x75, 0x65, 0x72, \
  0x79, 0x5f, 0x69, 0x64, 0x00, 0x00, 0x00, 0x00, 0x2e, 0x00, 0x00, 0x00, 0x01, 0x00, 0x00, 0x00, \
  0x01, 0x00, 0x81, 0xf2, 0x01, 0x00, 0x00, 0x00, 0x00, 0x01, 0x00, 0x00, 0xf2, 0x13, 0x55, 0x21, \
  0xfd, 0xa0, 0xfd, 0x8f, 0x81, 0x24, 0xc4, 0x73, 0xf8, 0x17, 0x08, 0x00, 0x08, 0x00, 0x00, 0x00, \
  0x72, 0x65, 0x73, 0x75, 0x6c, 0x74, 0x73, 0x00, 0x00, 0x00, 0x00, 0x00, 0x1e, 0x00, 0x00, 0x00, \
  0x02, 0x00, 0x00, 0x00, 0x01, 0x00, 0x70, 0x00, 0x10, 0x00, 0x00, 0x00, 0x6e, 0x65, 0x78, 0x74, \
  0x5f, 0x70, 0x61, 0x67, 0x65, 0x5f, 0x74, 0x6f, 0x6b, 0x65, 0x6e, 0x00, 0x00, 0x00, 0xf2, 0x13, \
  0x55, 0x21, 0xfd, 0xa0, 0xfd, 0x8f, 0x81, 0x24, 0xc4, 0x73, 0xf8, 0x17, 0x08, 0x00, 0x00, 0x00, \
  0x72, 0x01, 0x00, 0x00, 0xf2, 0x51, 0x02, 0x00, 0x27, 0x00, 0x00, 0x00, 0x00, 0x00, 0x00, 0x00, \
  0x1f, 0x00, 0x00, 0x00, 0x73, 0x70, 0x61, 0x74, 0x69, 0x61, 0x6c, 0x3a, 0x3a, 0x64, 0x69, 0x73, \
  0x63, 0x6f, 0x3a, 0x3a, 0x53, 0x65, 0x72, 0x76, 0x69, 0x63, 0x65, 0x53, 0x75, 0x6d, 0x6d, 0x61, \
  0x72, 0x79, 0x00, 0x00, 0x3e, 0x01, 0x00, 0x00, 0x08, 0x00, 0x00, 0x00, 0x19, 0x00, 0x00, 0x00, \
  0x00, 0x00, 0x00, 0x00, 0x01, 0x00, 0x70, 0x00, 0x0b, 0x00, 0x00, 0x00, 0x73, 0x65, 0x72, 0x76, \
  0x69, 0x63, 0x65, 0x5f, 0x69, 0x64, 0x00, 0x00, 0x00, 0x00, 0x00, 0x00, 0x23, 0x00, 0x00, 0x00, \
  0x01, 0x00, 0x00, 0x00, 0x01, 0x00, 0xf2, 0x95, 0xe0, 0x91, 0x4a, 0x1c, 0xd7, 0xee, 0x0c, 0x72, \
  0x69, 0xb8, 0x85, 0xc2, 0x0b, 0x00, 0x00, 0x00, 0x05, 0x00, 0x00, 0x00, 0x6b, 0x69, 0x6e, 0x64, \
  0x00, 0x00, 0x00, 0x00, 0x13, 0x00, 0x00, 0x00, 0x02, 0x00, 0x00, 0x00, 0x01, 0x00, 0x70, 0x00, \
  0x05, 0x00, 0x00, 0x00, 0x6e, 0x61, 0x6d, 0x65, 0x00, 0x00, 0x00, 0x00, 0x2b, 0x00, 0x00, 0x00, \
  0x03, 0x00, 0x00, 0x00, 0x01, 0x00, 0xf2, 0x1d, 0x8d, 0x59, 0xb6, 0x80, 0x08, 0x51, 0xa4, 0x2c, \
  0xa5, 0xd5, 0x12, 0x3f, 0xb5, 0x00, 0x00, 0x00, 0x0d, 0x00, 0x00, 0x00, 0x6d, 0x61, 0x6e, 0x69, \
  0x66, 0x65, 0x73, 0x74, 0x5f, 0x75, 0x72, 0x69, 0x00, 0x00, 0x00, 0x00, 0x2b, 0x00, 0x00, 0x00, \
  0x04, 0x00, 0x00, 0x00, 0x01, 0x00, 0x80, 0xf2, 0x01, 0x00, 0x04, 0xf2, 0x33, 0x31, 0x48, 0x03, \
  0xc0, 0x2a, 0x9f, 0x03, 0x4f, 0x40, 0xd5, 0x93, 0xd3, 0xd5, 0x00, 0x00, 0x09, 0x00, 0x00, 0x00, \
  0x63, 0x6f, 0x76, 0x65, 0x72, 0x61, 0x67, 0x65, 0x00, 0x00, 0x00, 0x00, 0x31, 0x00, 0x00, 0x00, \
  0x05, 0x00, 0x00, 0x00, 0x01, 0x00, 0xf2, 0xe0, 0x05, 0x25, 0x6f, 0x56, 0x5c, 0x85, 0x7d, 0x1a, \
  0x24, 0xf0, 0xc1, 0xbd, 0x10, 0x00, 0x00, 0x00, 0x13, 0x00, 0x00, 0x00, 0x63, 0x6f, 0x76, 0x65, \
  0x72, 0x61, 0x67, 0x65, 0x5f, 0x66, 0x72, 0x61, 0x6d, 0x65, 0x5f, 0x72, 0x65, 0x66, 0x00, 0x00, \
  0x00, 0x00, 0x00, 0x00, 0x24, 0x00, 0x00, 0x00, 0x06, 0x00, 0x00, 0x00, 0x01, 0x00, 0xf2, 0xb7, \
  0xe0, 0x95, 0xff, 0x1d, 0x45, 0x4d, 0x98, 0xde, 0x9c, 0xe1, 0x91, 0xd9, 0x58, 0x00, 0x00, 0x00, \
  0x06, 0x00, 0x00, 0x00, 0x73, 0x74, 0x61, 0x6d, 0x70, 0x00, 0x00, 0x00, 0x16, 0x00, 0x00, 0x00, \
  0x07, 0x00, 0x00, 0x00, 0x01, 0x00, 0x07, 0x00, 0x08, 0x00, 0x00, 0x00, 0x74, 0x74, 0x6c, 0x5f, \
  0x73, 0x65, 0x63, 0x00, 0x00, 0x00, 0xf2, 0x95, 0xe0, 0x91, 0x4a, 0x1c, 0xd7, 0xee, 0x0c, 0x72, \
  0x69, 0xb8, 0x85, 0xc2, 0x0b, 0x00, 0x00, 0x00, 0x34, 0x01, 0x00, 0x00, 0xf2, 0x40, 0x01, 0x00, \
  0x24, 0x00, 0x00, 0x00, 0x20, 0x00, 0x00, 0x00, 0x1c, 0x00, 0x00, 0x00, 0x73, 0x70, 0x61, 0x74, \
  0x69, 0x61, 0x6c, 0x3a, 0x3a, 0x64, 0x69, 0x73, 0x63, 0x6f, 0x3a, 0x3a, 0x53, 0x65, 0x72, 0x76, \
  0x69, 0x63, 0x65, 0x4b, 0x69, 0x6e, 0x64, 0x00, 0x04, 0x01, 0x00, 0x00, 0x08, 0x00, 0x00, 0x00, \
  0x16, 0x00, 0x00, 0x00, 0x06, 0x00, 0x00, 0x00, 0x00, 0x00, 0x00, 0x00, 0x40, 0x00, 0x00, 0x00, \
  0x04, 0x00, 0x00, 0x00, 0x56, 0x50, 0x53, 0x00, 0x00, 0x00, 0x00, 0x00, 0x1a, 0x00, 0x00, 0x00, \
  0x06, 0x00, 0x00, 0x00, 0x01, 0x00, 0x00, 0x00, 0x00, 0x00, 0x00, 0x00, 0x08, 0x00, 0x00, 0x00, \
  0x4d, 0x41, 0x50, 0x50, 0x49, 0x4e, 0x47, 0x00, 0x00, 0x00, 0x00, 0x00, 0x1a, 0x00, 0x00, 0x00, \
  0x06, 0x00, 0x00, 0x00, 0x02, 0x00, 0x00, 0x00, 0x00, 0x00, 0x00, 0x00, 0x08, 0x00, 0x00, 0x00, \
  0x52, 0x45, 0x4c, 0x4f, 0x43, 0x41, 0x4c, 0x00, 0x00, 0x00, 0x00, 0x00, 0x1c, 0x00, 0x00, 0x00, \
  0x06, 0x00, 0x00, 0x00, 0x03, 0x00, 0x00, 0x00, 0x00, 0x00, 0x00, 0x00, 0x0a, 0x00, 0x00, 0x00, \
  0x53, 0x45, 0x4d, 0x41, 0x4e, 0x54, 0x49, 0x43, 0x53, 0x00, 0x00, 0x00, 0x1a, 0x00, 0x00, 0x00, \
  0x06, 0x00, 0x00, 0x00, 0x04, 0x00, 0x00, 0x00, 0x00, 0x00, 0x00, 0x00, 0x08, 0x00, 0x00, 0x00, \
  0x53, 0x54, 0x4f, 0x52, 0x41, 0x47, 0x45, 0x00, 0x00, 0x00, 0x00, 0x00, 0x1a, 0x00, 0x00, 0x00, \
  0x06, 0x00, 0x00, 0x00, 0x05, 0x00, 0x00, 0x00, 0x00, 0x00, 0x00, 0x00, 0x08, 0x00, 0x00, 0x00, \
  0x43, 0x4f, 0x4e, 0x54, 0x45, 0x4e, 0x54, 0x00, 0x00, 0x00, 0x00, 0x00, 0x22, 0x00, 0x00, 0x00, \
  0x06, 0x00, 0x00, 0x00, 0x06, 0x00, 0x00, 0x00, 0x00, 0x00, 0x00, 0x00, 0x10, 0x00, 0x00, 0x00, \
  0x41, 0x4e, 0x43, 0x48, 0x4f, 0x52, 0x5f, 0x52, 0x45, 0x47, 0x49, 0x53, 0x54, 0x52, 0x59, 0x00, \
  0x00, 0x00, 0x00, 0x00, 0x18, 0x00, 0x00, 0x00, 0x06, 0x00, 0x00, 0x00, 0x07, 0x00, 0x00, 0x00, \
  0x00, 0x00, 0x00, 0x00, 0x06, 0x00, 0x00, 0x00, 0x4f, 0x54, 0x48, 0x45, 0x52, 0x00, 0x00, 0x00, \
  0xf2, 0x1d, 0x8d, 0x59, 0xb6, 0x80, 0x08, 0x51, 0xa4, 0x2c, 0xa5, 0xd5, 0x12, 0x3f, 0xb5, 0x00, \
  0x36, 0x00, 0x00, 0x00, 0xf2, 0x30, 0x00, 0x00, 0x23, 0x00, 0x00, 0x00, 0x00, 0x00, 0x00, 0x00, \
  0x1b, 0x00, 0x00, 0x00, 0x73, 0x70, 0x61, 0x74, 0x69, 0x61, 0x6c, 0x3a, 0x3a, 0x64, 0x69, 0x73, \
  0x63, 0x6f, 0x3a, 0x3a, 0x53, 0x70, 0x61, 0x74, 0x69, 0x61, 0x6c, 0x55, 0x72, 0x69, 0x00, 0x00, \
  0x06, 0x00, 0x00, 0x00, 0x00, 0x00, 0x70, 0x00, 0x00, 0x00, 0xf2, 0x33, 0x31, 0x48, 0x03, 0xc0, \
  0x2a, 0x9f, 0x03, 0x4f, 0x40, 0xd5, 0x93, 0xd3, 0xd5, 0x00, 0x00, 0x00, 0xf2, 0x01, 0x00, 0x00, \
  0xf2, 0x51, 0x02, 0x00, 0x28, 0x00, 0x00, 0x00, 0x00, 0x00, 0x00, 0x00, 0x20, 0x00, 0x00, 0x00, \
  0x73, 0x70, 0x61, 0x74, 0x69, 0x61, 0x6c, 0x3a, 0x3a, 0x64, 0x69, 0x73, 0x63, 0x6f, 0x3a, 0x3a, \
  0x43, 0x6f, 0x76, 0x65, 0x72, 0x61, 0x67, 0x65, 0x45, 0x6c, 0x65, 0x6d, 0x65, 0x6e, 0x74, 0x00, \
  0xbe, 0x01, 0x00, 0x00, 0x0c, 0x00, 0x00, 0x00, 0x16, 0x00, 0x00, 0x00, 0x00, 0x00, 0x00, 0x00, \
  0x01, 0x00, 0x01, 0x00, 0x08, 0x00, 0x00, 0x00, 0x68, 0x61, 0x73, 0x5f, 0x63, 0x72, 0x73, 0x00, \
  0x00, 0x00, 0x00, 0x00, 0x12, 0x00, 0x00, 0x00, 0x01, 0x00, 0x00, 0x00, 0x01, 0x00, 0x70, 0x00, \
  0x04, 0x00, 0x00, 0x00, 0x63, 0x72, 0x73, 0x00, 0x00, 0x00, 0x00, 0x00, 0x17, 0x00, 0x00, 0x00, \
  0x02, 0x00, 0x00, 0x00, 0x01, 0x00, 0x01, 0x00, 0x09, 0x00, 0x00, 0x00, 0x68, 0x61, 0x73, 0x5f, \
  0x62, 0x62, 0x6f, 0x78, 0x00, 0x00, 0x00, 0x00, 0x23, 0x00, 0x00, 0x00, 0x03, 0x00, 0x00, 0x00, \
  0x01, 0x00, 0xf2, 0x91, 0x38, 0x0c, 0xde, 0xf8, 0x67, 0x8f, 0xc8, 0x8b, 0xa2, 0x83, 0x62, 0xe5, \
  0xa7, 0x00, 0x00, 0x00, 0x05, 0x00, 0x00, 0x00, 0x62, 0x62, 0x6f, 0x78, 0x00, 0x00, 0x00, 0x00, \
  0x17, 0x00, 0x00, 0x00, 0x04, 0x00, 0x00, 0x00, 0x01, 0x00, 0x01, 0x00, 0x09, 0x00, 0x00, 0x00, \
  0x68, 0x61, 0x73, 0x5f, 0x61, 0x61, 0x62, 0x62, 0x00, 0x00, 0x00, 0x00, 0x23, 0x00, 0x00, 0x00, \
  0x05, 0x00, 0x00, 0x00, 0x01, 0x00, 0xf2, 0xaa, 0xea, 0xdb, 0xbe, 0x20, 0x73, 0x26, 0x70, 0x8f, \
  0xaa, 0x55, 0xe2, 0x57, 0x42, 0x00, 0x00, 0x00, 0x05, 0x00, 0x00, 0x00, 0x61, 0x61, 0x62, 0x62, \
  0x00, 0x00, 0x00, 0x00, 0x15, 0x00, 0x00, 0x00, 0x06, 0x00, 0x00, 0x00, 0x01, 0x00, 0x01, 0x00, \
  0x07, 0x00, 0x00, 0x00, 0x67, 0x6c, 0x6f, 0x62, 0x61, 0x6c, 0x00, 0x00, 0x00, 0x00, 0x00, 0x00, \
  0x1c, 0x00, 0x00, 0x00, 0x07, 0x00, 0x00, 0x00, 0x01, 0x00, 0x01, 0x00, 0x0e, 0x00, 0x00, 0x00, \
  0x68, 0x61, 0x73, 0x5f, 0x66, 0x72, 0x61, 0x6d, 0x65, 0x5f, 0x72, 0x65, 0x66, 0x00, 0x00, 0x00, \
  0x28, 0x00, 0x00, 0x00, 0x08, 0x00, 0x00, 0x00, 0x01, 0x00, 0xf2, 0xe0, 0x05, 0x25, 0x6f, 0x56, \
  0x5c, 0x85, 0x7d, 0x1a, 0x24, 0xf0, 0xc1, 0xbd, 0x10, 0x00, 0x00, 0x00, 0x0a, 0x00, 0x00, 0x00, \
  0x66, 0x72, 0x61, 0x6d, 0x65, 0x5f, 0x72, 0x65, 0x66, 0x00, 0x00, 0x00, 0x22, 0x00, 0x00, 0x00, \
  0x09, 0x00, 0x00, 0x00, 0x01, 0x00, 0x01, 0x00, 0x14, 0x00, 0x00, 0x00, 0x68, 0x61, 0x73, 0x5f, \
  0x63, 0x6f, 0x76, 0x65, 0x72, 0x61, 0x67, 0x65, 0x5f, 0x77, 0x69, 0x6e, 0x64, 0x6f, 0x77, 0x00, \
  0x00, 0x00, 0x00, 0x00, 0x34, 0x00, 0x00, 0x00, 0x0a, 0x00, 0x00, 0x00, 0x01, 0x00, 0xf2, 0xb7, \
  0xe0, 0x95, 0xff, 0x1d, 0x45, 0x4d, 0x98, 0xde, 0x9c, 0xe1, 0x91, 0xd9, 0x58, 0x00, 0x00, 0x00, \
  0x16, 0x00, 0x00, 0x00, 0x63, 0x6f, 0x76, 0x65, 0x72, 0x61, 0x67, 0x65, 0x5f, 0x77, 0x69, 0x6e, \
  0x64, 0x6f, 0x77, 0x5f, 0x73, 0x74, 0x61, 0x72, 0x74, 0x00, 0x00, 0x00, 0x32, 0x00, 0x00, 0x00, \
  0x0b, 0x00, 0x00, 0x00, 0x01, 0x00, 0xf2, 0xb7, 0xe0, 0x95, 0xff, 0x1d, 0x45, 0x4d, 0x98, 0xde, \
  0x9c, 0xe1, 0x91, 0xd9, 0x58, 0x00, 0x00, 0x00, 0x14, 0x00, 0x00, 0x00, 0x63, 0x6f, 0x76, 0x65, \
  0x72, 0x61, 0x67, 0x65, 0x5f, 0x77, 0x69, 0x6e, 0x64, 0x6f, 0x77, 0x5f, 0x65, 0x6e, 0x64, 0x00, \
  0x00, 0x00, 0xf2, 0x91, 0x38, 0x0c, 0xde, 0xf8, 0x67, 0x8f, 0xc8, 0x8b, 0xa2, 0x83, 0x62, 0xe5, \
  0xa7, 0x00, 0x00, 0x00, 0x3c, 0x00, 0x00, 0x00, 0xf2, 0x30, 0x00, 0x00, 0x20, 0x00, 0x00, 0x00, \
  0x00, 0x00, 0x00, 0x00, 0x18, 0x00, 0x00, 0x00, 0x73, 0x70, 0x61, 0x74, 0x69, 0x61, 0x6c, 0x3a, \
  0x3a, 0x63, 0x6f, 0x6d, 0x6d, 0x6f, 0x6e, 0x3a, 0x3a, 0x42, 0x42, 0x6f, 0x78, 0x32, 0x44, 0x00, \
  0x10, 0x00, 0x00, 0x00, 0x00, 0x00, 0x90, 0xf3, 0x01, 0x00, 0x00, 0x00, 0x01, 0x00, 0x00, 0x00, \
  0x04, 0x0a, 0x00, 0x00, 0xf2, 0xaa, 0xea, 0xdb, 0xbe, 0x20, 0x73, 0x26, 0x70, 0x8f, 0xaa, 0x55, \
  0xe2, 0x57, 0x42, 0x00, 0x3f, 0x00, 0x00, 0x00, 0xf2, 0x30, 0x00, 0x00, 0x1e, 0x00, 0x00, 0x00, \
  0x00, 0x00, 0x00, 0x00, 0x16, 0x00, 0x00, 0x00, 0x73, 0x70, 0x61, 0x74, 0x69, 0x61, 0x6c, 0x3a, \
  0x3a, 0x64, 0x69, 0x73, 0x63, 0x6f, 0x3a, 0x3a, 0x41, 0x61, 0x62, 0x62, 0x33, 0x00, 0x00, 0x00, \
  0x13, 0x00, 0x00, 0x00, 0x00, 0x00, 0xf2, 0xc4, 0xed, 0x19, 0xab, 0x3c, 0x92, 0x34, 0xf6, 0xcb, \
  0xcb, 0x48, 0x87, 0xbd, 0x12, 0x00, 0x00, 0xf2, 0xc4, 0xed, 0x19, 0xab, 0x3c, 0x92, 0x34, 0xf6, \
  0xcb, 0xcb, 0x48, 0x87, 0xbd, 0x12, 0x00, 0x00, 0x86, 0x00, 0x00, 0x00, 0xf2, 0x51, 0x02, 0x00, \
  0x1d, 0x00, 0x00, 0x00, 0x00, 0x00, 0x00, 0x00, 0x15, 0x00, 0x00, 0x00, 0x73, 0x70, 0x61, 0x74, \
  0x69, 0x61, 0x6c, 0x3a, 0x3a, 0x63, 0x6f, 0x72, 0x65, 0x3a, 0x3a, 0x41, 0x61, 0x62, 0x62, 0x33, \
  0x00, 0x00, 0x00, 0x00, 0x5a, 0x00, 0x00, 0x00, 0x02, 0x00, 0x00, 0x00, 0x26, 0x00, 0x00, 0x00, \
  0x00, 0x00, 0x00, 0x00, 0x01, 0x00, 0xf2, 0x48, 0xfc, 0x98, 0x78, 0x6e, 0x5f, 0x45, 0x5f, 0xdf, \
  0xbc, 0x9e, 0xb3, 0xa3, 0xde, 0x00, 0x00, 0x00, 0x08, 0x00, 0x00, 0x00, 0x6d, 0x69, 0x6e, 0x5f, \
  0x78, 0x79, 0x7a, 0x00, 0x00, 0x00, 0x00, 0x00, 0x26, 0x00, 0x00, 0x00, 0x01, 0x00, 0x00, 0x00, \
  0x01, 0x00, 0xf2, 0x48, 0xfc, 0x98, 0x78, 0x6e, 0x5f, 0x45, 0x5f, 0xdf, 0xbc, 0x9e, 0xb3, 0xa3, \
  0xde, 0x00, 0x00, 0x00, 0x08, 0x00, 0x00, 0x00, 0x6d, 0x61, 0x78, 0x5f, 0x78, 0x79, 0x7a, 0x00, \
  0x00, 0x00, 0xf2, 0x48, 0xfc, 0x98, 0x78, 0x6e, 0x5f, 0x45, 0x5f, 0xdf, 0xbc, 0x9e, 0xb3, 0xa3, \
  0xde, 0x00, 0x00, 0x00, 0x3c, 0x00, 0x00, 0x00, 0xf2, 0x30, 0x00, 0x00, 0x1e, 0x00, 0x00, 0x00, \
  0x00, 0x00, 0x00, 0x00, 0x16, 0x00, 0x00, 0x00, 0x73, 0x70, 0x61, 0x74, 0x69, 0x61, 0x6c, 0x3a, \
  0x3a, 0x63, 0x6f, 0x6d, 0x6d, 0x6f, 0x6e, 0x3a, 0x3a, 0x56, 0x65, 0x63, 0x33, 0x00, 0x00, 0x00, \
  0x10, 0x00, 0x00, 0x00, 0x00, 0x00, 0x90, 0xf3, 0x01, 0x00, 0x00, 0x00, 0x01, 0x00, 0x00, 0x00, \
  0x03, 0x0a, 0x00, 0x00, 0xf2, 0xe0, 0x05, 0x25, 0x6f, 0x56, 0x5c, 0x85, 0x7d, 0x1a, 0x24, 0xf0, \
  0xc1, 0xbd, 0x10, 0x00, 0x43, 0x00, 0x00, 0x00, 0xf2, 0x30, 0x00, 0x00, 0x21, 0x00, 0x00, 0x00, \
  0x00, 0x00, 0x00, 0x00, 0x19, 0x00, 0x00, 0x00, 0x73, 0x70, 0x61, 0x74, 0x69, 0x61, 0x6c, 0x3a, \
  0x3a, 0x64, 0x69, 0x73, 0x63, 0x6f, 0x3a, 0x3a, 0x46, 0x72, 0x61, 0x6d, 0x65, 0x52, 0x65, 0x66, \
  0x00, 0x00, 0x00, 0x00, 0x13, 0x00, 0x00, 0x00, 0x00, 0x00, 0xf2, 0x31, 0x10, 0x0b, 0x3d, 0x14, \
  0x9a, 0xc3, 0x73, 0x58, 0xa2, 0x3c, 0xd8, 0xdf, 0x0d, 0x00, 0x00, 0xf2, 0x31, 0x10, 0x0b, 0x3d, \
  0x14, 0x9a, 0xc3, 0x73, 0x58, 0xa2, 0x3c, 0xd8, 0xdf, 0x0d, 0x00, 0x00, 0x3f, 0x00, 0x00, 0x00, \
  0xf2, 0x30, 0x00, 0x00, 0x20, 0x00, 0x00, 0x00, 0x00, 0x00, 0x00, 0x00, 0x18, 0x00, 0x00, 0x00, \
  0x73, 0x70, 0x61, 0x74, 0x69, 0x61, 0x6c, 0x3a, 0x3a, 0x63, 0x6f, 0x72, 0x65, 0x3a, 0x3a, 0x46, \
  0x72, 0x61, 0x6d, 0x65, 0x52, 0x65, 0x66, 0x00, 0x13, 0x00, 0x00, 0x00, 0x00, 0x00, 0xf2, 0x65, \
  0x97, 0x0c, 0xfc, 0xac, 0x6c, 0x04, 0x48, 0xe7, 0x4d, 0x43, 0x89, 0x52, 0x31, 0x00, 0x00, 0xf2, \
  0x65, 0x97, 0x0c, 0xfc, 0xac, 0x6c, 0x04, 0x48, 0xe7, 0x4d, 0x43, 0x89, 0x52, 0x31, 0x00, 0x00, \
  0xbf, 0x00, 0x00, 0x00, 0xf2, 0x51, 0x02, 0x00, 0x22, 0x00, 0x00, 0x00, 0x00, 0x00, 0x00, 0x00, \
  0x1a, 0x00, 0x00, 0x00, 0x73, 0x70, 0x61, 0x74, 0x69, 0x61, 0x6c, 0x3a, 0x3a, 0x63, 0x6f, 0x6d, \
  0x6d, 0x6f, 0x6e, 0x3a, 0x3a, 0x46, 0x72, 0x61, 0x6d, 0x65, 0x52, 0x65, 0x66, 0x00, 0x00, 0x00, \
  0x8f, 0x00, 0x00, 0x00, 0x04, 0x00, 0x00, 0x00, 0x13, 0x00, 0x00, 0x00, 0x00, 0x00, 0x00, 0x00, \
  0x01, 0x00, 0x70, 0x00, 0x05, 0x00, 0x00, 0x00, 0x75, 0x75, 0x69, 0x64, 0x00, 0x00, 0x00, 0x00, \
  0x12, 0x00, 0x00, 0x00, 0x01, 0x00, 0x00, 0x00, 0x01, 0x00, 0x70, 0x00, 0x04, 0x00, 0x00, 0x00, \
  0x66, 0x71, 0x6e, 0x00, 0x00, 0x00, 0x00, 0x00, 0x23, 0x00, 0x00, 0x00, 0x02, 0x00, 0x00, 0x00, \
  0x01, 0x00, 0x01, 0x00, 0x15, 0x00, 0x00, 0x00, 0x68, 0x61, 0x73, 0x5f, 0x63, 0x6f, 0x6f, 0x72, \
  0x64, 0x5f, 0x63, 0x6f, 0x6e, 0x76, 0x65, 0x6e, 0x74, 0x69, 0x6f, 0x6e, 0x00, 0x00, 0x00, 0x00, \
  0x2f, 0x00, 0x00, 0x00, 0x03, 0x00, 0x00, 0x00, 0x01, 0x00, 0xf2, 0x35, 0x6a, 0x2d, 0x76, 0xb1, \
  0xf8, 0x99, 0xe0, 0x65, 0xf5, 0xa6, 0x42, 0x18, 0x51, 0x00, 0x00, 0x00, 0x11, 0x00, 0x00, 0x00, \
  0x63, 0x6f, 0x6f, 0x72, 0x64, 0x5f, 0x63, 0x6f, 0x6e, 0x76, 0x65, 0x6e, 0x74, 0x69, 0x6f, 0x6e, \
  0x00, 0x00, 0x00, 0xf2, 0x35, 0x6a, 0x2d, 0x76, 0xb1, 0xf8, 0x99, 0xe0, 0x65, 0xf5, 0xa6, 0x42, \
  0x18, 0x51, 0x00, 0x00, 0xec, 0x00, 0x00, 0x00, 0xf2, 0x40, 0x01, 0x00, 0x29, 0x00, 0x00, 0x00, \
  0x20, 0x00, 0x00, 0x00, 0x21, 0x00, 0x00, 0x00, 0x73, 0x70, 0x61, 0x74, 0x69, 0x61, 0x6c, 0x3a, \
  0x3a, 0x63, 0x6f, 0x6d, 0x6d, 0x6f, 0x6e, 0x3a, 0x3a, 0x43, 0x6f, 0x6f, 0x72, 0x64, 0x43, 0x6f, \
  0x6e, 0x76, 0x65, 0x6e, 0x74, 0x69, 0x6f, 0x6e, 0x00, 0x00, 0x00, 0x00, 0xb4, 0x00, 0x00, 0x00, \
  0x06, 0x00, 0x00, 0x00, 0x16, 0x00, 0x00, 0x00, 0x06, 0x00, 0x00, 0x00, 0x00, 0x00, 0x00, 0x00, \
  0x40, 0x00, 0x00, 0x00, 0x04, 0x00, 0x00, 0x00, 0x45, 0x4e, 0x55, 0x00, 0x00, 0x00, 0x00, 0x00, \
  0x15, 0x00, 0x00, 0x00, 0x06, 0x00, 0x00, 0x00, 0x01, 0x00, 0x00, 0x00, 0x00, 0x00, 0x00, 0x00, \
  0x03, 0x00, 0x00, 0x00, 0x43, 0x56, 0x00, 0x00, 0x00, 0x00, 0x00, 0x00, 0x1b, 0x00, 0x00, 0x00, \
  0x06, 0x00, 0x00, 0x00, 0x02, 0x00, 0x00, 0x00, 0x00, 0x00, 0x00, 0x00, 0x09, 0x00, 0x00, 0x00, \
  0x47, 0x52, 0x41, 0x50, 0x48, 0x49, 0x43, 0x53, 0x00, 0x00, 0x00, 0x00, 0x1b, 0x00, 0x00, 0x00, \
  0x06, 0x00, 0x00, 0x00, 0x03, 0x00, 0x00, 0x00, 0x00, 0x00, 0x00, 0x00, 0x09, 0x00, 0x00, 0x00, \
  0x55, 0x4e, 0x49, 0x54, 0x59, 0x5f, 0x4c, 0x48, 0x00, 0x00, 0x00, 0x00, 0x16, 0x00, 0x00, 0x00, \
  0x06, 0x00, 0x00, 0x00, 0x04, 0x00, 0x00, 0x00, 0x00, 0x00, 0x00, 0x00, 0x04, 0x00, 0x00, 0x00, \
  0x4e, 0x45, 0x44, 0x00, 0x00, 0x00, 0x00, 0x00, 0x18, 0x00, 0x00, 0x00, 0x06, 0x00, 0x00, 0x00, \
  0x05, 0x00, 0x00, 0x00, 0x00, 0x00, 0x00, 0x00, 0x06, 0x00, 0x00, 0x00, 0x4f, 0x54, 0x48, 0x45, \
  0x52, 0x00, 0x00, 0x00, 0xf2, 0xb7, 0xe0, 0x95, 0xff, 0x1d, 0x45, 0x4d, 0x98, 0xde, 0x9c, 0xe1, \
  0x91, 0xd9, 0x58, 0x00, 0x3f, 0x00, 0x00, 0x00, 0xf2, 0x30, 0x00, 0x00, 0x1d, 0x00, 0x00, 0x00, \
  0x00, 0x00, 0x00, 0x00, 0x15, 0x00, 0x00, 0x00, 0x73, 0x70, 0x61, 0x74, 0x69, 0x61, 0x6c, 0x3a, \
  0x3a, 0x64, 0x69, 0x73, 0x63, 0x6f, 0x3a, 0x3a, 0x54, 0x69, 0x6d, 0x65, 0x00, 0x00, 0x00, 0x00, \
  0x13, 0x00, 0x00, 0x00, 0x00, 0x00, 0xf2, 0x94, 0x49, 0x15, 0x3e, 0x3b, 0xcc, 0xbf, 0x99, 0x7f, \
  0x5f, 0x9a, 0x48, 0x69, 0x55, 0x00, 0x00, 0xf2, 0x94, 0x49, 0x15, 0x3e, 0x3b, 0xcc, 0xbf, 0x99, \
  0x7f, 0x5f, 0x9a, 0x48, 0x69, 0x55, 0x00, 0x00, 0x5a, 0x00, 0x00, 0x00, 0xf2, 0x51, 0x02, 0x00, \
  0x16, 0x00, 0x00, 0x00, 0x00, 0x00, 0x00, 0x00, 0x0e, 0x00, 0x00, 0x00, 0x62, 0x75, 0x69, 0x6c, \
  0x74, 0x69, 0x6e, 0x3a, 0x3a, 0x54, 0x69, 0x6d, 0x65, 0x00, 0x00, 0x00, 0x36, 0x00, 0x00, 0x00, \
  0x02, 0x00, 0x00, 0x00, 0x12, 0x00, 0x00, 0x00, 0x00, 0x00, 0x00, 0x00, 0x01, 0x00, 0x05, 0x00, \
  0x04, 0x00, 0x00, 0x00, 0x73, 0x65, 0x63, 0x00, 0x00, 0x00, 0x00, 0x00, 0x16, 0x00, 0x00, 0x00, \
  0x01, 0x00, 0x00, 0x00, 0x01, 0x00, 0x07, 0x00, 0x08, 0x00, 0x00, 0x00, 0x6e, 0x61, 0x6e, 0x6f, \
  0x73, 0x65, 0x63, 0x00, 0x00, 0x00, 0x00, 0x00, 0xc6, 0x01, 0x00, 0x00, 0x0f, 0x00, 0x00, 0x00, \
  0xf2, 0xe9, 0x7a, 0xf2, 0xbf, 0x23, 0x5d, 0xd5, 0xc3, 0xea, 0x71, 0x4c, 0x79, 0x38, 0xa7, 0xf1, \
  0x5b, 0x22, 0x7b, 0x3c, 0x55, 0xbf, 0x4c, 0x10, 0xfa, 0x7e, 0xff, 0x83, 0x92, 0xea, 0xf2, 0x13, \
  0x55, 0x21, 0xfd, 0xa0, 0xfd, 0x8f, 0x81, 0x24, 0xc4, 0x73, 0xf8, 0x17, 0x08, 0xf1, 0xa2, 0xbe, \
  0x5d, 0x60, 0x34, 0x22, 0xbf, 0xb4, 0x12, 0xaa, 0x40, 0x4a, 0x0f, 0x52, 0xf2, 0x95, 0xe0, 0x91, \
  0x4a, 0x1c, 0xd7, 0xee, 0x0c, 0x72, 0x69, 0xb8, 0x85, 0xc2, 0x0b, 0xf1, 0x5e, 0x2a, 0x90, 0x68, \
  0xd9, 0x9b, 0xfc, 0xe3, 0xb6, 0x68, 0x20, 0xbf, 0xad, 0xd1, 0xf2, 0x1d, 0x8d, 0x59, 0xb6, 0x80, \
  0x08, 0x51, 0xa4, 0x2c, 0xa5, 0xd5, 0x12, 0x3f, 0xb5, 0xf1, 0xed, 0x1f, 0xa2, 0x38, 0x3b, 0xf6, \
  0x16, 0xb5, 0xa3, 0x73, 0x6b, 0xfe, 0x95, 0xda, 0xf2, 0x33, 0x31, 0x48, 0x03, 0xc0, 0x2a, 0x9f, \
  0x03, 0x4f, 0x40, 0xd5, 0x93, 0xd3, 0xd5, 0xf1, 0xe9, 0x4a, 0x7a, 0x28, 0x52, 0xd4, 0x2a, 0xed, \
  0xe3, 0xcf, 0x7e, 0xf8, 0xea, 0x8a, 0xf2, 0x91, 0x38, 0x0c, 0xde, 0xf8, 0x67, 0x8f, 0xc8, 0x8b, \
  0xa2, 0x83, 0x62, 0xe5, 0xa7, 0xf1, 0x12, 0x69, 0x2f, 0xb5, 0x69, 0x7b, 0xe7, 0x28, 0x99, 0xb2, \
  0x36, 0x0f, 0x3d, 0xa7, 0xf2, 0xaa, 0xea, 0xdb, 0xbe, 0x20, 0x73, 0x26, 0x70, 0x8f, 0xaa, 0x55, \
  0xe2, 0x57, 0x42, 0xf1, 0xc7, 0x1e, 0x1d, 0x76, 0x25, 0xc2, 0x57, 0x77, 0xb1, 0x10, 0xe6, 0xf0, \
  0x3d, 0xa3, 0xf2, 0xc4, 0xed, 0x19, 0xab, 0x3c, 0x92, 0x34, 0xf6, 0xcb, 0xcb, 0x48, 0x87, 0xbd, \
  0x12, 0xf1, 0xc3, 0x45, 0x6b, 0x54, 0x39, 0x78, 0x18, 0x9c, 0xb4, 0x6e, 0x91, 0x1d, 0x73, 0x12, \
  0xf2, 0x48, 0xfc, 0x98, 0x78, 0x6e, 0x5f, 0x45, 0x5f, 0xdf, 0xbc, 0x9e, 0xb3, 0xa3, 0xde, 0xf1, \
  0xca, 0x17, 0xfa, 0xc2, 0xd2, 0xb0, 0xec, 0x46, 0x95, 0x91, 0x10, 0xf9, 0x01, 0x5e, 0xf2, 0xe0, \
  0x05, 0x25, 0x6f, 0x56, 0x5c, 0x85, 0x7d, 0x1a, 0x24, 0xf0, 0xc1, 0xbd, 0x10, 0xf1, 0xa6, 0x55, \
  0x48, 0x0e, 0x0a, 0x08, 0x99, 0x4f, 0xe4, 0x13, 0x37, 0xd3, 0xb5, 0x08, 0xf2, 0x31, 0x10, 0x0b, \
  0x3d, 0x14, 0x9a, 0xc3, 0x73, 0x58, 0xa2, 0x3c, 0xd8, 0xdf, 0x0d, 0xf1, 0x07, 0xdf, 0x2d, 0x0b, \
  0xf4, 0xea, 0xbd, 0x76, 0x34, 0x6f, 0x71, 0xc2, 0x15, 0x99, 0xf2, 0x65, 0x97, 0x0c, 0xfc, 0xac, \
  0x6c, 0x04, 0x48, 0xe7, 0x4d, 0x43, 0x89, 0x52, 0x31, 0xf1, 0xba, 0x3c, 0xeb, 0xdf, 0x4e, 0x99, \
  0x9e, 0x69, 0x58, 0x8e, 0x74, 0xb2, 0xae, 0xcc, 0xf2, 0x35, 0x6a, 0x2d, 0x76, 0xb1, 0xf8, 0x99, \
  0xe0, 0x65, 0xf5, 0xa6, 0x42, 0x18, 0x51, 0xf1, 0xce, 0xfa, 0xd7, 0x48, 0xf7, 0x25, 0xa0, 0x47, \
  0xf9, 0xcb, 0x29, 0x0f, 0x65, 0x6f, 0xf2, 0xb7, 0xe0, 0x95, 0xff, 0x1d, 0x45, 0x4d, 0x98, 0xde, \
  0x9c, 0xe1, 0x91, 0xd9, 0x58, 0xf1, 0x57, 0x5f, 0x4b, 0x08, 0xf8, 0x9a, 0xbb, 0x3b, 0x1c, 0x46, \
  0x2c, 0x73, 0x44, 0xa1, 0xf2, 0x94, 0x49, 0x15, 0x3e, 0x3b, 0xcc, 0xbf, 0x99, 0x7f, 0x5f, 0x9a, \
  0x48, 0x69, 0x55, 0xf1, 0x46, 0x07, 0x51, 0x88, 0x68, 0x07, 0x8e, 0x86, 0x24, 0xf2, 0x43, 0x0b, \
  0xe8, 0x46\
}
#define TYPE_MAP_CDR_SZ_spatial_disco_CoverageResponse 4866u
const dds_topic_descriptor_t spatial_disco_CoverageResponse_desc =
{
  .m_size = sizeof (spatial_disco_CoverageResponse),
  .m_align = dds_alignof (spatial_disco_CoverageResponse),
  .m_flagset = DDS_TOPIC_XTYPES_METADATA,
  .m_nkeys = 0u,
  .m_typename = "spatial::disco::CoverageResponse",
  .m_keys = NULL,
  .m_nops = sizeof (spatial_disco_CoverageResponse_ops) / sizeof (spatial_disco_CoverageResponse_ops[0]),
  .m_ops = spatial_disco_CoverageResponse_ops,
  .m_meta = "",
  .type_information = { .data = TYPE_INFO_CDR_spatial_disco_CoverageResponse, .sz = TYPE_INFO_CDR_SZ_spatial_disco_CoverageResponse },
  .type_mapping = { .data = TYPE_MAP_CDR_spatial_disco_CoverageResponse, .sz = TYPE_MAP_CDR_SZ_spatial_disco_CoverageResponse }
};

#if defined(_MSC_VER) && (_MSC_VER > 1943)
__pragma(warning(push))
__pragma(warning(disable: 5287))
#endif
static const uint32_t spatial_disco_Depart_ops [] =
{
  /* Depart */
  DDS_OP_DLC,
  DDS_OP_ADR | DDS_OP_FLAG_KEY | DDS_OP_TYPE_STR, offsetof (spatial_disco_Depart, service_id),
  DDS_OP_ADR | DDS_OP_TYPE_EXT, offsetof (spatial_disco_Depart, stamp), (3u << 16u) + 4u /* Time */,
  DDS_OP_RTS,

  /* Time */
  DDS_OP_DLC,
  DDS_OP_ADR | DDS_OP_TYPE_8BY | DDS_OP_FLAG_SGN, offsetof (builtin_Time, sec),
  DDS_OP_ADR | DDS_OP_TYPE_4BY, offsetof (builtin_Time, nanosec),
  DDS_OP_RTS,
  
  /* key: service_id */
  DDS_OP_KOF | 1, 1u /* order: 0 */
};

#if defined(_MSC_VER) && (_MSC_VER > 1943)
__pragma(warning(pop))
#endif
static const dds_key_descriptor_t spatial_disco_Depart_keys[1] =
{
  { "service_id", 13, 0 }
};

/* Type Information:
  [MINIMAL 1acbf802c6d720959c729233c41a] (#deps: 2)
   - [MINIMAL 575f4b08f89abb3b1c462c7344a1]
   - [MINIMAL 4607518868078e8624f2430be846]
  [COMPLETE 8e54352f77b3c9103dd15c02be64] (#deps: 2)
   - [COMPLETE b7e095ff1d454d98de9ce191d958]
   - [COMPLETE 9449153e3bccbf997f5f9a486955]
*/
#define TYPE_INFO_CDR_spatial_disco_Depart (const unsigned char []){ \
  0xc0, 0x00, 0x00, 0x00, 0x01, 0x10, 0x00, 0x40, 0x58, 0x00, 0x00, 0x00, 0x54, 0x00, 0x00, 0x00, \
  0x14, 0x00, 0x00, 0x00, 0xf1, 0x1a, 0xcb, 0xf8, 0x02, 0xc6, 0xd7, 0x20, 0x95, 0x9c, 0x72, 0x92, \
  0x33, 0xc4, 0x1a, 0x00, 0x45, 0x00, 0x00, 0x00, 0x02, 0x00, 0x00, 0x00, 0x34, 0x00, 0x00, 0x00, \
  0x02, 0x00, 0x00, 0x00, 0x14, 0x00, 0x00, 0x00, 0xf1, 0x57, 0x5f, 0x4b, 0x08, 0xf8, 0x9a, 0xbb, \
  0x3b, 0x1c, 0x46, 0x2c, 0x73, 0x44, 0xa1, 0x00, 0x21, 0x00, 0x00, 0x00, 0x14, 0x00, 0x00, 0x00, \
  0xf1, 0x46, 0x07, 0x51, 0x88, 0x68, 0x07, 0x8e, 0x86, 0x24, 0xf2, 0x43, 0x0b, 0xe8, 0x46, 0x00, \
  0x37, 0x00, 0x00, 0x00, 0x02, 0x10, 0x00, 0x40, 0x58, 0x00, 0x00, 0x00, 0x54, 0x00, 0x00, 0x00, \
  0x14, 0x00, 0x00, 0x00, 0xf2, 0x8e, 0x54, 0x35, 0x2f, 0x77, 0xb3, 0xc9, 0x10, 0x3d, 0xd1, 0x5c, \
  0x02, 0xbe, 0x64, 0x00, 0x7c, 0x00, 0x00, 0x00, 0x02, 0x00, 0x00, 0x00, 0x34, 0x00, 0x00, 0x00, \
  0x02, 0x00, 0x00, 0x00, 0x14, 0x00, 0x00, 0x00, 0xf2, 0xb7, 0xe0, 0x95, 0xff, 0x1d, 0x45, 0x4d, \
  0x98, 0xde, 0x9c, 0xe1, 0x91, 0xd9, 0x58, 0x00, 0x43, 0x00, 0x00, 0x00, 0x14, 0x00, 0x00, 0x00, \
  0xf2, 0x94, 0x49, 0x15, 0x3e, 0x3b, 0xcc, 0xbf, 0x99, 0x7f, 0x5f, 0x9a, 0x48, 0x69, 0x55, 0x00, \
  0x5e, 0x00, 0x00, 0x00\
}
#define TYPE_INFO_CDR_SZ_spatial_disco_Depart 196u
#define TYPE_MAP_CDR_spatial_disco_Depart (const unsigned char []){ \
  0xcf, 0x00, 0x00, 0x00, 0x03, 0x00, 0x00, 0x00, 0xf1, 0x1a, 0xcb, 0xf8, 0x02, 0xc6, 0xd7, 0x20, \
  0x95, 0x9c, 0x72, 0x92, 0x33, 0xc4, 0x1a, 0x00, 0x41, 0x00, 0x00, 0x00, 0xf1, 0x51, 0x02, 0x00, \
  0x01, 0x00, 0x00, 0x00, 0x00, 0x00, 0x00, 0x00, 0x31, 0x00, 0x00, 0x00, 0x02, 0x00, 0x00, 0x00, \
  0x0c, 0x00, 0x00, 0x00, 0x00, 0x00, 0x00, 0x00, 0x21, 0x00, 0x70, 0x00, 0xb0, 0xdc, 0x1e, 0x29, \
  0x19, 0x00, 0x00, 0x00, 0x01, 0x00, 0x00, 0x00, 0x01, 0x00, 0xf1, 0x57, 0x5f, 0x4b, 0x08, 0xf8, \
  0x9a, 0xbb, 0x3b, 0x1c, 0x46, 0x2c, 0x73, 0x44, 0xa1, 0x96, 0xb8, 0xc7, 0x8d, 0xf1, 0x57, 0x5f, \
  0x4b, 0x08, 0xf8, 0x9a, 0xbb, 0x3b, 0x1c, 0x46, 0x2c, 0x73, 0x44, 0xa1, 0x1d, 0x00, 0x00, 0x00, \
  0xf1, 0x30, 0x00, 0x00, 0x00, 0x00, 0x00, 0x00, 0x11, 0x00, 0x00, 0x00, 0x00, 0x00, 0xf1, 0x46, \
  0x07, 0x51, 0x88, 0x68, 0x07, 0x8e, 0x86, 0x24, 0xf2, 0x43, 0x0b, 0xe8, 0x46, 0xf1, 0x46, 0x07, \
  0x51, 0x88, 0x68, 0x07, 0x8e, 0x86, 0x24, 0xf2, 0x43, 0x0b, 0xe8, 0x46, 0x33, 0x00, 0x00, 0x00, \
  0xf1, 0x51, 0x02, 0x00, 0x01, 0x00, 0x00, 0x00, 0x00, 0x00, 0x00, 0x00, 0x23, 0x00, 0x00, 0x00, \
  0x02, 0x00, 0x00, 0x00, 0x0b, 0x00, 0x00, 0x00, 0x00, 0x00, 0x00, 0x00, 0x01, 0x00, 0x05, 0x74, \
  0x45, 0x9c, 0xa3, 0x00, 0x0b, 0x00, 0x00, 0x00, 0x01, 0x00, 0x00, 0x00, 0x01, 0x00, 0x07, 0xe2, \
  0x04, 0x64, 0xd5, 0x00, 0x52, 0x01, 0x00, 0x00, 0x03, 0x00, 0x00, 0x00, 0xf2, 0x8e, 0x54, 0x35, \
  0x2f, 0x77, 0xb3, 0xc9, 0x10, 0x3d, 0xd1, 0x5c, 0x02, 0xbe, 0x64, 0x00, 0x78, 0x00, 0x00, 0x00, \
  0xf2, 0x51, 0x02, 0x00, 0x1f, 0x00, 0x00, 0x00, 0x00, 0x00, 0x00, 0x00, 0x17, 0x00, 0x00, 0x00, \
  0x73, 0x70, 0x61, 0x74, 0x69, 0x61, 0x6c, 0x3a, 0x3a, 0x64, 0x69, 0x73, 0x63, 0x6f, 0x3a, 0x3a, \
  0x44, 0x65, 0x70, 0x61, 0x72, 0x74, 0x00, 0x00, 0x4c, 0x00, 0x00, 0x00, 0x02, 0x00, 0x00, 0x00, \
  0x19, 0x00, 0x00, 0x00, 0x00, 0x00, 0x00, 0x00, 0x21, 0x00, 0x70, 0x00, 0x0b, 0x00, 0x00, 0x00, \
  0x73, 0x65, 0x72, 0x76, 0x69, 0x63, 0x65, 0x5f, 0x69, 0x64, 0x00, 0x00, 0x00, 0x00, 0x00, 0x00, \
  0x24, 0x00, 0x00, 0x00, 0x01, 0x00, 0x00, 0x00, 0x01, 0x00, 0xf2, 0xb7, 0xe0, 0x95, 0xff, 0x1d, \
  0x45, 0x4d, 0x98, 0xde, 0x9c, 0xe1, 0x91, 0xd9, 0x58, 0x00, 0x00, 0x00, 0x06, 0x00, 0x00, 0x00, \
  0x73, 0x74, 0x61, 0x6d, 0x70, 0x00, 0x00, 0x00, 0xf2, 0xb7, 0xe0, 0x95, 0xff, 0x1d, 0x45, 0x4d, \
  0x98, 0xde, 0x9c, 0xe1, 0x91, 0xd9, 0x58, 0x00, 0x3f, 0x00, 0x00, 0x00, 0xf2, 0x30, 0x00, 0x00, \
  0x1d, 0x00, 0x00, 0x00, 0x00, 0x00, 0x00, 0x00, 0x15, 0x00, 0x00, 0x00, 0x73, 0x70, 0x61, 0x74, \
  0x69, 0x61, 0x6c, 0x3a, 0x3a, 0x64, 0x69, 0x73, 0x63, 0x6f, 0x3a, 0x3a, 0x54, 0x69, 0x6d, 0x65, \
  0x00, 0x00, 0x00, 0x00, 0x13, 0x00, 0x00, 0x00, 0x00, 0x00, 0xf2, 0x94, 0x49, 0x15, 0x3e, 0x3b, \
  0xcc, 0xbf, 0x99, 0x7f, 0x5f, 0x9a, 0x48, 0x69, 0x55, 0x00, 0x00, 0xf2, 0x94, 0x49, 0x15, 0x3e, \
  0x3b, 0xcc, 0xbf, 0x99, 0x7f, 0x5f, 0x9a, 0x48, 0x69, 0x55, 0x00, 0x00, 0x5a, 0x00, 0x00, 0x00, \
  0xf2, 0x51, 0x02, 0x00, 0x16, 0x00, 0x00, 0x00, 0x00, 0x00, 0x00, 0x00, 0x0e, 0x00, 0x00, 0x00, \
  0x62, 0x75, 0x69, 0x6c, 0x74, 0x69, 0x6e, 0x3a, 0x3a, 0x54, 0x69, 0x6d, 0x65, 0x00, 0x00, 0x00, \
  0x36, 0x00, 0x00, 0x00, 0x02, 0x00, 0x00, 0x00, 0x12, 0x00, 0x00, 0x00, 0x00, 0x00, 0x00, 0x00, \
  0x01, 0x00, 0x05, 0x00, 0x04, 0x00, 0x00, 0x00, 0x73, 0x65, 0x63, 0x00, 0x00, 0x00, 0x00, 0x00, \
  0x16, 0x00, 0x00, 0x00, 0x01, 0x00, 0x00, 0x00, 0x01, 0x00, 0x07, 0x00, 0x08, 0x00, 0x00, 0x00, \
  0x6e, 0x61, 0x6e, 0x6f, 0x73, 0x65, 0x63, 0x00, 0x00, 0x00, 0x00, 0x00, 0x5e, 0x00, 0x00, 0x00, \
  0x03, 0x00, 0x00, 0x00, 0xf2, 0x8e, 0x54, 0x35, 0x2f, 0x77, 0xb3, 0xc9, 0x10, 0x3d, 0xd1, 0x5c, \
  0x02, 0xbe, 0x64, 0xf1, 0x1a, 0xcb, 0xf8, 0x02, 0xc6, 0xd7, 0x20, 0x95, 0x9c, 0x72, 0x92, 0x33, \
  0xc4, 0x1a, 0xf2, 0xb7, 0xe0, 0x95, 0xff, 0x1d, 0x45, 0x4d, 0x98, 0xde, 0x9c, 0xe1, 0x91, 0xd9, \
  0x58, 0xf1, 0x57, 0x5f, 0x4b, 0x08, 0xf8, 0x9a, 0xbb, 0x3b, 0x1c, 0x46, 0x2c, 0x73, 0x44, 0xa1, \
  0xf2, 0x94, 0x49, 0x15, 0x3e, 0x3b, 0xcc, 0xbf, 0x99, 0x7f, 0x5f, 0x9a, 0x48, 0x69, 0x55, 0xf1, \
  0x46, 0x07, 0x51, 0x88, 0x68, 0x07, 0x8e, 0x86, 0x24, 0xf2, 0x43, 0x0b, 0xe8, 0x46\
}
#define TYPE_MAP_CDR_SZ_spatial_disco_Depart 654u
const dds_topic_descriptor_t spatial_disco_Depart_desc =
{
  .m_size = sizeof (spatial_disco_Depart),
  .m_align = dds_alignof (spatial_disco_Depart),
  .m_flagset = DDS_TOPIC_XTYPES_METADATA,
  .m_nkeys = 1u,
  .m_typename = "spatial::disco::Depart",
  .m_keys = spatial_disco_Depart_keys,
  .m_nops = sizeof (spatial_disco_Depart_ops) / sizeof (spatial_disco_Depart_ops[0]),
  .m_ops = spatial_disco_Depart_ops,
  .m_meta = "",
  .type_information = { .data = TYPE_INFO_CDR_spatial_disco_Depart, .sz = TYPE_INFO_CDR_SZ_spatial_disco_Depart },
  .type_mapping = { .data = TYPE_MAP_CDR_spatial_disco_Depart, .sz = TYPE_MAP_CDR_SZ_spatial_disco_Depart }
};

